эффективная_цена	остаток_уточненный	разница_к_прайсу_%	статус_цены	стоимости_абонементов	скидки_абонементов	комментарий_проверки_цены	abonement_ids
41895	0	0.55	оплачено			Оплата покрывает персональную цену	
73500	0	0.2105	оплачено со скидкой/ранним бронированием	73500	13500	Стоимость абонемента или оплаты принята как персональная цена; разница к прайсу не больше 25%	4544ef24-4641-e8ea-7827-696753ebc67b
79135	0	0.15	оплачено со скидкой/ранним бронированием	79135	7865	Стоимость абонемента или оплаты принята как персональная цена; разница к прайсу не больше 25%	9e0183e9-4d15-8041-c9f8-69a7f6316502
86583	0	0.07	оплачено со скидкой/ранним бронированием	86583	417	Стоимость абонемента или оплаты принята как персональная цена; разница к прайсу не больше 25%	64367812-74c9-fe18-3c8b-69e1254bb70a
88200	0	0.0526	оплачено со скидкой/ранним бронированием	88200	-1200	Стоимость абонемента или оплаты принята как персональная цена; разница к прайсу не больше 25%	30998d08-30fe-0b56-e176-69b69d0f7f7f
88200	0	0.0526	оплачено со скидкой/ранним бронированием	88200	-1200	Стоимость абонемента или оплаты принята как персональная цена; разница к прайсу не больше 25%	6c5f94a8-305c-bb2a-b23f-69c63ced5e68
93100	0	0	оплачено со скидкой/ранним бронированием	93100	-6100	Стоимость абонемента или оплаты принята как персональная цена; разница к прайсу не больше 25%	4f07e948-cd1e-cbd0-616d-6a0c5e030082
93100	0	0	оплачено со скидкой/ранним бронированием	93100	-6100	Стоимость абонемента или оплаты принята как персональная цена; разница к прайсу не больше 25%	42ac681d-8a21-40b2-89e9-69ff2ad19d98
83300	0	0.1053	оплачено со скидкой/ранним бронированием	83300	3700	Стоимость абонемента или оплаты принята как персональная цена; разница к прайсу не больше 25%	310608a0-aaf2-4cd9-3c3f-69e877e97082
83300	0	0.1053	оплачено со скидкой/ранним бронированием	83300	3700	Стоимость абонемента или оплаты принята как персональная цена; разница к прайсу не больше 25%	64821df8-1d60-d0a4-5f2d-69e876ff6791
88200	0	0.0526	оплачено со скидкой/ранним бронированием	88200	-1200	Стоимость абонемента или оплаты принята как персональная цена; разница к прайсу не больше 25%	3825eee7-d6ad-4eed-a258-69c632e68a75
75000	0	0.1944	оплачено со скидкой/ранним бронированием	75000	12000	Стоимость абонемента или оплаты принята как персональная цена; разница к прайсу не больше 25%	1ff4491f-db7f-f4fd-ae66-696753dc230c
93100	0	0	оплачено со скидкой/ранним бронированием			Стоимость абонемента или оплаты принята как персональная цена; разница к прайсу не больше 25%	
75000	0	0.1944	оплачено со скидкой/ранним бронированием	75000	12000	Стоимость абонемента или оплаты принята как персональная цена; разница к прайсу не больше 25%	1408cea4-1806-2e3a-9e97-696753087488
83300	0	0.1053	оплачено со скидкой/ранним бронированием	83300	3700	Стоимость абонемента или оплаты принята как персональная цена; разница к прайсу не больше 25%	82a524d3-8acb-4721-76b1-69c39e9cdd0a
82026	0	0.1189	оплачено со скидкой/ранним бронированием	82026	4974	Стоимость абонемента или оплаты принята как персональная цена; разница к прайсу не больше 25%	5f7ca1c0-de44-8145-bfaf-69c63175b516
88200	0	0.0526	оплачено со скидкой/ранним бронированием	88200	-1200	Стоимость абонемента или оплаты принята как персональная цена; разница к прайсу не больше 25%	37fcd677-5c02-ec60-18a4-69be85df53a3
93100	93100	1	нет оплаты			Подтвержденной оплаты ЛВШ-2026 не найдено	
78400	0	0.1579	оплачено со скидкой/ранним бронированием	78400	8600	Стоимость абонемента или оплаты принята как персональная цена; разница к прайсу не больше 25%	91976736-5dd8-f792-a108-69cb88dc07fa
83300	0	0.1053	оплачено со скидкой/ранним бронированием	83300	3700	Стоимость абонемента или оплаты принята как персональная цена; разница к прайсу не больше 25%	988d2858-0c21-541f-b830-69d37ca598ac
83300	0	0.1053	оплачено со скидкой/ранним бронированием	83300	3700	Стоимость абонемента или оплаты принята как персональная цена; разница к прайсу не больше 25%	8737abfb-ac2d-8d32-5b0f-69d37b91cfc5
93100	93100	1	нет оплаты			Подтвержденной оплаты ЛВШ-2026 не найдено	
93100	0	0	оплачено со скидкой/ранним бронированием	93100	-6100	Стоимость абонемента или оплаты принята как персональная цена; разница к прайсу не больше 25%	158c1099-eaa6-f7dd-4ea3-69e2365d40c9
83300	0	0.1053	оплачено со скидкой/ранним бронированием	83300	3700	Стоимость абонемента или оплаты принята как персональная цена; разница к прайсу не больше 25%	44186b66-ff22-ba22-2e53-698da260cc58
83300	0	0.1053	оплачено со скидкой/ранним бронированием	83300	3700	Стоимость абонемента или оплаты принята как персональная цена; разница к прайсу не больше 25%	5a21c23f-3a01-e712-a762-69e11d4695fa
88200	0	0.0526	оплачено со скидкой/ранним бронированием	88200.0	-1200.0	Стоимость абонемента или оплаты принята как персональная цена; разница к прайсу не больше 25%	e1813e2a-3208-3ea3-a1a1-69d3a4db939a
79380	0	0.1474	оплачено со скидкой/ранним бронированием	79380	7620	Стоимость абонемента или оплаты принята как персональная цена; разница к прайсу не больше 25%	66343ecf-96e4-61cf-636f-69d3a312b40d
93100	0	0	оплачено со скидкой/ранним бронированием	93100	-6100	Стоимость абонемента или оплаты принята как персональная цена; разница к прайсу не больше 25%	6422396a-4d84-eb99-6f12-69ff2a40f764
93100	0	0	оплачено со скидкой/ранним бронированием	93100	-6100	Стоимость абонемента или оплаты принята как персональная цена; разница к прайсу не больше 25%	2d1e5376-27ac-c89c-bd85-6a0d8fb77296
93100	0	0	оплачено со скидкой/ранним бронированием	93100	-6100	Стоимость абонемента или оплаты принята как персональная цена; разница к прайсу не больше 25%	9141fa64-e5b2-1762-e25c-69ff2510afce
79135	0	0.15	оплачено со скидкой/ранним бронированием	79135	7865	Стоимость абонемента или оплаты принята как персональная цена; разница к прайсу не больше 25%	91434019-df47-184e-8642-69ff2476b97e
75000	0	0.1944	оплачено со скидкой/ранним бронированием	75000	12000	Стоимость абонемента или оплаты принята как персональная цена; разница к прайсу не больше 25%	ad5300a7-c52b-2da6-5038-69675480858a
93100	0	0	оплачено со скидкой/ранним бронированием	93100	-6100	Стоимость абонемента или оплаты принята как персональная цена; разница к прайсу не больше 25%	3b85422f-3728-0d0a-c122-69dcd2365095
93100	0	0	оплачено со скидкой/ранним бронированием	93100	-6100	Стоимость абонемента или оплаты принята как персональная цена; разница к прайсу не больше 25%	5d346500-baed-aee8-e82c-6a0c5f3edb26
93100	0	0	оплачено со скидкой/ранним бронированием	93100	-6100	Стоимость абонемента или оплаты принята как персональная цена; разница к прайсу не больше 25%	145bb537-65a1-304c-abd2-69ff2de79245
83790	0	0.1	оплачено со скидкой/ранним бронированием	83790	3210	Стоимость абонемента или оплаты принята как персональная цена; разница к прайсу не больше 25%	4c236f41-9f7d-446f-988a-69ff2152b2f5
93100	0	0	оплачено со скидкой/ранним бронированием	93100	-6100	Стоимость абонемента или оплаты принята как персональная цена; разница к прайсу не больше 25%	ce319604-80d0-7006-2015-69e1249adb90
75000	0	0.1944	оплачено со скидкой/ранним бронированием	75000	12000	Стоимость абонемента или оплаты принята как персональная цена; разница к прайсу не больше 25%	cac10c1e-73fe-901c-13b7-69675407d4fa
79380	0	0.1474	оплачено со скидкой/ранним бронированием	79380	7620	Стоимость абонемента или оплаты принята как персональная цена; разница к прайсу не больше 25%	82670439-6314-ea5e-d4f1-69c63b853a3d
75000	0	0.1944	оплачено со скидкой/ранним бронированием	75000	12000	Стоимость абонемента или оплаты принята как персональная цена; разница к прайсу не больше 25%	b1d98227-253b-afe2-438d-69675456ca25
75000	0	0.1944	оплачено со скидкой/ранним бронированием	75000	12000	Стоимость абонемента или оплаты принята как персональная цена; разница к прайсу не больше 25%	c7ac5527-05f1-1493-7c0d-69c63339dc23
75000	0	0.1944	оплачено со скидкой/ранним бронированием	75000	12000	Стоимость абонемента или оплаты принята как персональная цена; разница к прайсу не больше 25%	2cc00d02-c4fe-941f-0fcf-69c633107226
75000	0	0.1944	оплачено со скидкой/ранним бронированием	75000	12000	Стоимость абонемента или оплаты принята как персональная цена; разница к прайсу не больше 25%	46002b51-26cf-f2b9-4245-69d39de7e6fe
78400	0	0.1579	оплачено со скидкой/ранним бронированием	78400	8600	Стоимость абонемента или оплаты принята как персональная цена; разница к прайсу не больше 25%	c3c02e07-bb30-63db-543d-69a820b621c7
88200	0	0.0526	оплачено со скидкой/ранним бронированием	88200	-1200	Стоимость абонемента или оплаты принята как персональная цена; разница к прайсу не больше 25%	c49572d9-5a2f-da53-4882-69d3a58f0686
83300	0	0.1053	оплачено со скидкой/ранним бронированием	83300	3700	Стоимость абонемента или оплаты принята как персональная цена; разница к прайсу не больше 25%	1b0d8ad0-41f9-6df8-d1c6-698da59a0919
75000	0	0.1944	оплачено со скидкой/ранним бронированием	75000	12000	Стоимость абонемента или оплаты принята как персональная цена; разница к прайсу не больше 25%	5422e203-76da-4488-2234-69e6025aad36
88200	0	0.0526	оплачено со скидкой/ранним бронированием	88200	-1200	Стоимость абонемента или оплаты принята как персональная цена; разница к прайсу не больше 25%	ce2f5f3d-5764-0df8-da4e-69d3a71d3ab5
93100	0	0	оплачено со скидкой/ранним бронированием	93100	-6100	Стоимость абонемента или оплаты принята как персональная цена; разница к прайсу не больше 25%	c392f08d-a1c8-ef6a-8d33-69ff1fc731d1
15000	0	0.8389	оплачено	75000.0	12000.0	Оплата покрывает персональную цену	f1da84b5-353f-4d9a-98cd-69b802c661ff
83300	0	0.1053	оплачено со скидкой/ранним бронированием	83300	3700	Стоимость абонемента или оплаты принята как персональная цена; разница к прайсу не больше 25%	9a4006f8-13f3-660e-9178-69a805e60e05
79135	0	0.15	оплачено со скидкой/ранним бронированием	79135.0	7865.0	Стоимость абонемента или оплаты принята как персональная цена; разница к прайсу не больше 25%	ed7510d8-e85d-0955-8c1f-6996cb8c77f0
79380	0	0.1474	оплачено со скидкой/ранним бронированием	79380	7620	Стоимость абонемента или оплаты принята как персональная цена; разница к прайсу не больше 25%	cbe5892c-c26c-6ed3-d7e1-69d37e9c0366
93100	0	0	оплачено со скидкой/ранним бронированием	93100	-6100	Стоимость абонемента или оплаты принята как персональная цена; разница к прайсу не больше 25%	de740bde-a99c-29e2-d49e-69ff2157aa41
88200	0	0.0526	оплачено со скидкой/ранним бронированием	88200.0	-1200.0	Стоимость абонемента или оплаты принята как персональная цена; разница к прайсу не больше 25%	e7ba5492-a33a-8418-8e39-6a0c5e5e7c35
93100	0	0	оплачено со скидкой/ранним бронированием	93100	-6100	Стоимость абонемента или оплаты принята как персональная цена; разница к прайсу не больше 25%	934a54c6-ccee-4289-2bc5-6a21833edbe5
88200	0	0.0526	оплачено со скидкой/ранним бронированием	88200	-1200	Стоимость абонемента или оплаты принята как персональная цена; разница к прайсу не больше 25%	da798d87-543f-1656-03c0-69e124221041
83300	0	0.1053	оплачено со скидкой/ранним бронированием	83300	3700	Стоимость абонемента или оплаты принята как персональная цена; разница к прайсу не больше 25%	7caf0589-e72c-8b0a-ec43-69e8797f205d
75000	0	0.1944	оплачено со скидкой/ранним бронированием	75000	12000	Стоимость абонемента или оплаты принята как персональная цена; разница к прайсу не больше 25%	b3c0d9a8-dcba-5be4-c410-69a813ea08ee
83300	0	0.1053	оплачено со скидкой/ранним бронированием	83300	3700	Стоимость абонемента или оплаты принята как персональная цена; разница к прайсу не больше 25%	d0f7adc4-53ef-dd7f-0f26-698da0859ee4
93100	0	0	оплачено со скидкой/ранним бронированием	93100	-6100	Стоимость абонемента или оплаты принята как персональная цена; разница к прайсу не больше 25%	5a8bd170-58ac-ba57-6b52-69ff1a76119e
93100	0	0	оплачено со скидкой/ранним бронированием	93100	-6100	Стоимость абонемента или оплаты принята как персональная цена; разница к прайсу не больше 25%	2e3a0569-76cc-a16d-4e43-6a141993f073
86583	0	0.07	оплачено со скидкой/ранним бронированием	86583	417	Стоимость абонемента или оплаты принята как персональная цена; разница к прайсу не больше 25%	a22e07ca-e5d7-0034-9915-6a2175ea7b5a
88200	0	0.0526	оплачено со скидкой/ранним бронированием	88200	-1200	Стоимость абонемента или оплаты принята как персональная цена; разница к прайсу не больше 25%	c0ed7711-53de-0f3e-b54e-69d39f4f16d8
93100	0	0	оплачено со скидкой/ранним бронированием	93100	-6100	Стоимость абонемента или оплаты принята как персональная цена; разница к прайсу не больше 25%	1e41ffeb-9fd0-0e68-92e0-69ff2b62f14d
83790	0	0.1	оплачено со скидкой/ранним бронированием	83790	3210	Стоимость абонемента или оплаты принята как персональная цена; разница к прайсу не больше 25%	99b764ab-cce8-021b-2006-6a0da575e973
83300	0	0.1053	оплачено со скидкой/ранним бронированием	83300	3700	Стоимость абонемента или оплаты принята как персональная цена; разница к прайсу не больше 25%	655350c7-6f38-95dd-2806-69d3998fc4ab
83300	0	0.1053	оплачено со скидкой/ранним бронированием	83300	3700	Стоимость абонемента или оплаты принята как персональная цена; разница к прайсу не больше 25%	3f270a21-b72e-4dc0-889a-699aeb922292
79135	0	0.15	оплачено со скидкой/ранним бронированием	79135	7865	Стоимость абонемента или оплаты принята как персональная цена; разница к прайсу не больше 25%	cb665738-404b-e4fd-4229-69a8010ab15a
83300	0	0.1053	оплачено со скидкой/ранним бронированием	83300	3700	Стоимость абонемента или оплаты принята как персональная цена; разница к прайсу не больше 25%	24c1f2fa-81cc-5cae-ced9-699ff1ef1702
75000	0	0.1944	оплачено со скидкой/ранним бронированием	75000	12000	Стоимость абонемента или оплаты принята как персональная цена; разница к прайсу не больше 25%	903f1dbb-0ad8-85ad-7561-69848d7e2fa9
93100	0	0	оплачено со скидкой/ранним бронированием	93100	-6100	Стоимость абонемента или оплаты принята как персональная цена; разница к прайсу не больше 25%	793e58b5-1b13-1dc5-88dd-69f0e0c2f4f2
75000	0	0.1944	оплачено со скидкой/ранним бронированием	75000	12000	Стоимость абонемента или оплаты принята как персональная цена; разница к прайсу не больше 25%	74f31593-3e49-ee15-44df-69839dc000cb
88445	0	0.05	оплачено со скидкой/ранним бронированием	88445	-1445	Стоимость абонемента или оплаты принята как персональная цена; разница к прайсу не больше 25%	7424e08f-5ac3-dbb9-b8e0-6a1418eeac95
93100	0	0	оплачено со скидкой/ранним бронированием	93100	-6100	Стоимость абонемента или оплаты принята как персональная цена; разница к прайсу не больше 25%	9f772f3c-9ba4-a86e-8166-69ff1e71e092
88200	0	0.0526	оплачено со скидкой/ранним бронированием	88200	-1200	Стоимость абонемента или оплаты принята как персональная цена; разница к прайсу не больше 25%	72e3c1ad-96ec-b941-ffdc-69d3a35be65e
88200	0	0.0526	оплачено со скидкой/ранним бронированием	88200	-1200	Стоимость абонемента или оплаты принята как персональная цена; разница к прайсу не больше 25%	ba568933-29fd-83a3-98aa-69c63a9d01eb
93100	0	0	оплачено со скидкой/ранним бронированием	93100	-6100	Стоимость абонемента или оплаты принята как персональная цена; разница к прайсу не больше 25%	30640345-80b1-e051-ad82-69e121c6dec7
93100	0	0	оплачено со скидкой/ранним бронированием	93100.0	-6100.0	Стоимость абонемента или оплаты принята как персональная цена; разница к прайсу не больше 25%	ef378a3d-0737-d943-0780-69e125880c4b
79380	0	0.1474	оплачено со скидкой/ранним бронированием	79380	7620	Стоимость абонемента или оплаты принята как персональная цена; разница к прайсу не больше 25%	2e051045-3bb4-39b8-3f30-69d37c5f874a
88200	0	0.0526	оплачено со скидкой/ранним бронированием	88200	-1200	Стоимость абонемента или оплаты принята как персональная цена; разница к прайсу не больше 25%	8c16ad9c-d3f8-22d4-2fa1-69d39ef12909
79380	0	0.1474	оплачено со скидкой/ранним бронированием	79380	7620	Стоимость абонемента или оплаты принята как персональная цена; разница к прайсу не больше 25%	9e887d78-12f6-3e0c-cf87-69d3871fcebb
79380	0	0.1474	оплачено со скидкой/ранним бронированием	79380	7620	Стоимость абонемента или оплаты принята как персональная цена; разница к прайсу не больше 25%	21161763-44c4-aca7-d962-69d397b980ec
93100	93100	1	нет оплаты			Подтвержденной оплаты ЛВШ-2026 не найдено	
75000	0	0.1944	оплачено со скидкой/ранним бронированием	75000	12000	Стоимость абонемента или оплаты принята как персональная цена; разница к прайсу не больше 25%	77b5b470-b750-71bb-86aa-699584303163
75000	0	0.1944	оплачено со скидкой/ранним бронированием	75000	12000	Стоимость абонемента или оплаты принята как персональная цена; разница к прайсу не больше 25%	90f6b727-ae4f-8f4a-8015-69a81c2e9bd9
88200	0	0.0526	оплачено со скидкой/ранним бронированием	88200.0	-1200.0	Стоимость абонемента или оплаты принята как персональная цена; разница к прайсу не больше 25%	e4e557af-7d68-6563-34ea-6a0de8ec8a66
78400	0	0.1579	оплачено со скидкой/ранним бронированием	78400	8600	Стоимость абонемента или оплаты принята как персональная цена; разница к прайсу не больше 25%	e6cffccd-475c-3b40-be56-6979b5c7592a
83300	0	0.1053	оплачено со скидкой/ранним бронированием	83300	3700	Стоимость абонемента или оплаты принята как персональная цена; разница к прайсу не больше 25%	78978283-7dfb-66ab-43f0-699f1885a3a1
93100	93100	1	нет оплаты			Подтвержденной оплаты ЛВШ-2026 не найдено	
93100	0	0	оплачено со скидкой/ранним бронированием	93100	-6100	Стоимость абонемента или оплаты принята как персональная цена; разница к прайсу не больше 25%	40be8757-0996-07d9-8c3d-69ff2dd66ff4
93100	0	0	оплачено со скидкой/ранним бронированием	93100	-6100	Стоимость абонемента или оплаты принята как персональная цена; разница к прайсу не больше 25%	274865fc-d65b-3707-ee7a-69eb5aae47f5
75000	0	0.1944	оплачено со скидкой/ранним бронированием	75000	12000	Стоимость абонемента или оплаты принята как персональная цена; разница к прайсу не больше 25%	80ec27e8-4f03-e076-6206-69a81c355372
78400	0	0.1579	оплачено со скидкой/ранним бронированием	78400	8600	Стоимость абонемента или оплаты принята как персональная цена; разница к прайсу не больше 25%	7f842716-b2ab-e73d-e325-6979b36a25b8
83300	0	0.1053	оплачено со скидкой/ранним бронированием	83300	3700	Стоимость абонемента или оплаты принята как персональная цена; разница к прайсу не больше 25%	a843cb23-f809-1a1c-4e07-69839d75f872
93100	0	0	оплачено со скидкой/ранним бронированием	93100	-6100	Стоимость абонемента или оплаты принята как персональная цена; разница к прайсу не больше 25%	12615753-16e8-39c1-cf74-69e22f515ed6
93100	0	0	оплачено со скидкой/ранним бронированием	93100	-6100	Стоимость абонемента или оплаты принята как персональная цена; разница к прайсу не больше 25%	ca932e62-e230-beda-0088-69f0e8c88df3
75000	0	0.1944	оплачено со скидкой/ранним бронированием	75000	12000	Стоимость абонемента или оплаты принята как персональная цена; разница к прайсу не больше 25%	41dc673d-e6c5-570b-ad63-69675574b293
78400	0	0.1579	оплачено со скидкой/ранним бронированием	78400	8600	Стоимость абонемента или оплаты принята как персональная цена; разница к прайсу не больше 25%	550e0246-c00e-b312-58d9-697763129943
75000	0	0.1944	оплачено со скидкой/ранним бронированием	75000	12000	Стоимость абонемента или оплаты принята как персональная цена; разница к прайсу не больше 25%	4230b143-90cd-748e-4e99-69eb59ddc3e3
87000	0	0.0655	оплачено со скидкой/ранним бронированием	87000	0	Стоимость абонемента или оплаты принята как персональная цена; разница к прайсу не больше 25%	d6f702a2-2553-3705-4795-69da848ba272
88445	0	0.05	оплачено со скидкой/ранним бронированием	88445	-1445	Стоимость абонемента или оплаты принята как персональная цена; разница к прайсу не больше 25%	389ea59d-ab22-bd58-f09d-69ff27a7e780
93100	0	0	оплачено со скидкой/ранним бронированием	93100	-6100	Стоимость абонемента или оплаты принята как персональная цена; разница к прайсу не больше 25%	60950b00-b00f-d7d6-584c-6a0da07e1c29
75000	0	0.1944	оплачено со скидкой/ранним бронированием	75000	12000	Стоимость абонемента или оплаты принята как персональная цена; разница к прайсу не больше 25%	d19585fe-3a83-6c30-0998-69dcc7d5b057
79135	0	0.15	оплачено со скидкой/ранним бронированием	79135	7865	Стоимость абонемента или оплаты принята как персональная цена; разница к прайсу не больше 25%	10a10679-0e08-de0f-508c-69a80267ee63
93100	0	0	оплачено со скидкой/ранним бронированием	93100	-6100	Стоимость абонемента или оплаты принята как персональная цена; разница к прайсу не больше 25%	6c915b99-8a32-0ae1-c1d0-6a143016059b
79135	0	0.15	оплачено со скидкой/ранним бронированием	79135	7865	Стоимость абонемента или оплаты принята как персональная цена; разница к прайсу не больше 25%	7a8b42f8-bca8-1030-3354-69a7fb92b019
88200	0	0.0526	оплачено со скидкой/ранним бронированием	88200	-1200	Стоимость абонемента или оплаты принята как персональная цена; разница к прайсу не больше 25%	589898f7-4fc3-ea18-044c-6a0c5e097dfc
93100	93100	1	нет оплаты			Подтвержденной оплаты ЛВШ-2026 не найдено	
93100	0	0	оплачено со скидкой/ранним бронированием	93100	-6100	Стоимость абонемента или оплаты принята как персональная цена; разница к прайсу не больше 25%	d066dda9-a22d-261c-8c6a-69eb600a0951
93100	0	0	оплачено со скидкой/ранним бронированием	93100	-6100	Стоимость абонемента или оплаты принята как персональная цена; разница к прайсу не больше 25%	11efd63c-f3ac-5dbc-1406-6a0da6f4ec0f
93100	0	0	оплачено со скидкой/ранним бронированием	93100	-6100	Стоимость абонемента или оплаты принята как персональная цена; разница к прайсу не больше 25%	4222d5db-f53a-5fd6-7618-69ff2341cda9
88200	0	0.0526	оплачено со скидкой/ранним бронированием	88200	-1200	Стоимость абонемента или оплаты принята как персональная цена; разница к прайсу не больше 25%	523db8d7-2451-602a-c63d-69d3890416fd
83300	0	0.1053	оплачено со скидкой/ранним бронированием	83300	3700	Стоимость абонемента или оплаты принята как персональная цена; разница к прайсу не больше 25%	abd73b01-ab4a-31e1-d52f-69c6334d2196
83300	0	0.1053	оплачено со скидкой/ранним бронированием	83300.0	3700.0	Стоимость абонемента или оплаты принята как персональная цена; разница к прайсу не больше 25%	f367c7f8-b5a2-0e1b-751a-6996c6b00e21
79135	0	0.15	оплачено со скидкой/ранним бронированием	79135	7865	Стоимость абонемента или оплаты принята как персональная цена; разница к прайсу не больше 25%	142a6c3f-3ac4-ce3d-d08a-69a7fb100469
75000	0	0.1944	оплачено со скидкой/ранним бронированием	75000	12000	Стоимость абонемента или оплаты принята как персональная цена; разница к прайсу не больше 25%	91535272-e65c-4ef9-2dbc-69e11b38f2c6
75000	0	0.1944	оплачено со скидкой/ранним бронированием	75000	12000	Стоимость абонемента или оплаты принята как персональная цена; разница к прайсу не больше 25%	79ae8bc6-2434-dcf9-3aef-69e11bfcbc52
75000	0	0.1944	оплачено со скидкой/ранним бронированием	75000	12000	Стоимость абонемента или оплаты принята как персональная цена; разница к прайсу не больше 25%	c5ea8210-589d-d81b-79f7-69e11b6fbe69
87000	3700	0.1053	частично/долг	87000	0	Оплата меньше персональной цены	68c4078c-5175-7179-a653-69e9d91a9e58
78400	0	0.1579	оплачено со скидкой/ранним бронированием	78400	8600	Стоимость абонемента или оплаты принята как персональная цена; разница к прайсу не больше 25%	3a9dee77-095a-8aa5-e096-6979b01d1055
79380	0	0.1474	оплачено со скидкой/ранним бронированием	79380	7620	Стоимость абонемента или оплаты принята как персональная цена; разница к прайсу не больше 25%	6d100df4-a74e-a86c-3c2b-69d37ba56c11
75000	0	0.1944	оплачено со скидкой/ранним бронированием	75000.0	12000.0	Стоимость абонемента или оплаты принята как персональная цена; разница к прайсу не больше 25%	f199a91e-804c-dd7f-37ef-69a7fa97ebce
88200	0	0.0526	оплачено со скидкой/ранним бронированием	88200	-1200	Стоимость абонемента или оплаты принята как персональная цена; разница к прайсу не больше 25%	79d507cb-7a2b-3f7b-444d-69be86c367b0
75000	0	0.1944	оплачено со скидкой/ранним бронированием	75000	12000	Стоимость абонемента или оплаты принята как персональная цена; разница к прайсу не больше 25%	a28a5c0d-1570-a1d5-eb15-69776272805a
74380	0	0.2011	оплачено со скидкой/ранним бронированием	74380	12620	Стоимость абонемента или оплаты принята как персональная цена; разница к прайсу не больше 25%	14b20464-7d35-3ee2-5c5f-69d37d12ca6a
75000	0	0.1944	оплачено со скидкой/ранним бронированием	75000	12000	Стоимость абонемента или оплаты принята как персональная цена; разница к прайсу не больше 25%	2c5a9973-e6ca-3936-e550-6967525d46be
83790	0	0.1	оплачено со скидкой/ранним бронированием	83790	3210	Стоимость абонемента или оплаты принята как персональная цена; разница к прайсу не больше 25%	802de800-c14a-2f51-b1d8-69be801218bb
88200	0	0.0526	оплачено со скидкой/ранним бронированием	88200	-1200	Стоимость абонемента или оплаты принята как персональная цена; разница к прайсу не больше 25%	14a4c895-d409-f2c2-7b12-69d37e918f05
93100	0	0	оплачено со скидкой/ранним бронированием	93100	-6100	Стоимость абонемента или оплаты принята как персональная цена; разница к прайсу не больше 25%	c401098a-e212-e2c0-5baa-6a21767342f1
79135	0	0.15	оплачено со скидкой/ранним бронированием	79135.0	7865.0	Стоимость абонемента или оплаты принята как персональная цена; разница к прайсу не больше 25%	f5a5066c-eab7-f11f-f0af-69d37b97eab3
83790	0	0.1	оплачено со скидкой/ранним бронированием	83790.0	3210.0	Стоимость абонемента или оплаты принята как персональная цена; разница к прайсу не больше 25%	ed147799-7a0f-74b3-abc8-69ff288dc8a8
88445	0	0.05	оплачено со скидкой/ранним бронированием	88445	-1445	Стоимость абонемента или оплаты принята как персональная цена; разница к прайсу не больше 25%	7986cae2-1870-22d5-71b5-6a2181aa77dc
93100	93100	1	нет оплаты			Подтвержденной оплаты ЛВШ-2026 не найдено	
88200	0	0.0526	оплачено со скидкой/ранним бронированием	88200	-1200	Стоимость абонемента или оплаты принята как персональная цена; разница к прайсу не больше 25%	348323f6-de36-2e77-221b-69c634b46619
78400	0	0.1579	оплачено со скидкой/ранним бронированием	78400.0	8600.0	Стоимость абонемента или оплаты принята как персональная цена; разница к прайсу не больше 25%	e8109a6e-927d-f585-7fd7-69a81c3bb3a2
75000	0	0.1944	оплачено со скидкой/ранним бронированием	75000	12000	Стоимость абонемента или оплаты принята как персональная цена; разница к прайсу не больше 25%	7ceb90b2-56f1-a562-beb4-698d9a661b3b
82700	0	0.1117	оплачено со скидкой/ранним бронированием	82700	4300	Стоимость абонемента или оплаты принята как персональная цена; разница к прайсу не больше 25%	2d1cb240-01a6-b8f0-e17d-69e11f8209b1
93100	0	0	оплачено со скидкой/ранним бронированием	93100	-6100	Стоимость абонемента или оплаты принята как персональная цена; разница к прайсу не больше 25%	56283c93-436f-ce4d-f75f-69e120a1041f
83300	0	0.1053	оплачено со скидкой/ранним бронированием	83300	3700	Стоимость абонемента или оплаты принята как персональная цена; разница к прайсу не больше 25%	c2212f2b-3d8e-2da1-9546-698d98d83912
83300	0	0.1053	оплачено со скидкой/ранним бронированием	83300	3700	Стоимость абонемента или оплаты принята как персональная цена; разница к прайсу не больше 25%	d4689355-9c1e-ec68-353c-69a7fdec5c0b
83300	0	0.1053	оплачено со скидкой/ранним бронированием	83300	3700	Стоимость абонемента или оплаты принята как персональная цена; разница к прайсу не больше 25%	de8d022e-91df-b077-7d24-69a7fd9d936c
93100	0	0	оплачено со скидкой/ранним бронированием	93100	-6100	Стоимость абонемента или оплаты принята как персональная цена; разница к прайсу не больше 25%	d2b2eed5-92f8-77ca-142f-69ff1ae8f386
75000	0	0.1944	оплачено со скидкой/ранним бронированием	75000	12000	Стоимость абонемента или оплаты принята как персональная цена; разница к прайсу не больше 25%	2bc3851c-b81e-0ec6-a80e-696751144c85
83300	0	0.1053	оплачено со скидкой/ранним бронированием	83300	3700	Стоимость абонемента или оплаты принята как персональная цена; разница к прайсу не больше 25%	10220cab-ea5f-ae6a-5c90-6996c9306e38
93100	93100	1	нет оплаты			Подтвержденной оплаты ЛВШ-2026 не найдено	
75000	0	0.1944	оплачено со скидкой/ранним бронированием	75000	12000	Стоимость абонемента или оплаты принята как персональная цена; разница к прайсу не больше 25%	7a03437e-a163-ab42-0791-697c9e8f16b5
88200	0	0.0526	оплачено со скидкой/ранним бронированием	88200	-1200	Стоимость абонемента или оплаты принята как персональная цена; разница к прайсу не больше 25%	2320bbc8-dac1-56ac-cc3b-69d3a6530c34
93100	93100	1	нет оплаты			Подтвержденной оплаты ЛВШ-2026 не найдено	
93100	93100	1	нет оплаты			Подтвержденной оплаты ЛВШ-2026 не найдено	
83300	0	0.1053	оплачено со скидкой/ранним бронированием	83300	3700	Стоимость абонемента или оплаты принята как персональная цена; разница к прайсу не больше 25%	aee7ee8e-2000-dcb5-0025-69dcc693d6ed
61740	0	0.3368	оплачено	61740	25260	Оплата покрывает персональную цену	cc1fd2f0-7ef5-d582-a5b6-69d3a6f1ffdf
93100	0	0	оплачено со скидкой/ранним бронированием	93100	-6100	Стоимость абонемента или оплаты принята как персональная цена; разница к прайсу не больше 25%	2e4859d4-79a6-772f-a7bc-69d3a0fcf445
75000	40000	0.6241	частично/долг	75000	12000	Оплата меньше персональной цены	38e36d53-50af-f24d-ab21-69e12a3138f9
70560	0	0.2421	оплачено со скидкой/ранним бронированием	70560	16440	Стоимость абонемента или оплаты принята как персональная цена; разница к прайсу не больше 25%	d81d093d-227e-21d1-36ab-69b69a7f980c
70560	0	0.2421	оплачено со скидкой/ранним бронированием	70560	16440	Стоимость абонемента или оплаты принята как персональная цена; разница к прайсу не больше 25%	ac9f44da-65a1-786f-590a-69c633dfe46b
93100	93100	1	нет оплаты			Подтвержденной оплаты ЛВШ-2026 не найдено	
93100	93100	1	нет оплаты			Подтвержденной оплаты ЛВШ-2026 не найдено	
78400	0	0.1579	оплачено со скидкой/ранним бронированием	78400	8600	Стоимость абонемента или оплаты принята как персональная цена; разница к прайсу не больше 25%	6ee43227-c0d1-2d7d-8872-6968cabb1dc9
79135	0	0.15	оплачено со скидкой/ранним бронированием	79135	7865	Стоимость абонемента или оплаты принята как персональная цена; разница к прайсу не больше 25%	d6efcd7a-c68e-61c9-780c-69c62fcf24cb
93100	93100	1	нет оплаты			Подтвержденной оплаты ЛВШ-2026 не найдено	
75000	0	0.1944	оплачено со скидкой/ранним бронированием	75000	12000	Стоимость абонемента или оплаты принята как персональная цена; разница к прайсу не больше 25%	765930b4-0f08-db99-de03-69c39f1a6e90
42000	0	0.5489	оплачено			Оплата покрывает персональную цену	
42000	0	0.5489	оплачено			Оплата покрывает персональную цену	
88200	0	0.0526	оплачено со скидкой/ранним бронированием	88200	-1200	Стоимость абонемента или оплаты принята как персональная цена; разница к прайсу не больше 25%	534d225a-d07d-c23c-03de-69ff1b9fd451
93100	93100	1	нет оплаты			Подтвержденной оплаты ЛВШ-2026 не найдено	
93100	93100	1	нет оплаты			Подтвержденной оплаты ЛВШ-2026 не найдено	
93100	0	0	оплачено со скидкой/ранним бронированием	93100	-6100	Стоимость абонемента или оплаты принята как персональная цена; разница к прайсу не больше 25%	512300ce-4c80-c7d3-8cab-6a0d9f1e783a
88200	0	0.0526	оплачено со скидкой/ранним бронированием	88200	-1200	Стоимость абонемента или оплаты принята как персональная цена; разница к прайсу не больше 25%	2a8f059d-3d86-6e74-6fe5-69de29b5bbfd
83300	0	0.1053	оплачено со скидкой/ранним бронированием	83300	3700	Стоимость абонемента или оплаты принята как персональная цена; разница к прайсу не больше 25%	50d8cb9f-73c8-b80f-61a1-69a8003048db
79135	0	0.15	оплачено со скидкой/ранним бронированием	79135	7865	Стоимость абонемента или оплаты принята как персональная цена; разница к прайсу не больше 25%	6a464543-ea50-e4bd-9c41-6996ca286d2c
88200	0	0.0526	оплачено со скидкой/ранним бронированием	88200	-1200	Стоимость абонемента или оплаты принята как персональная цена; разница к прайсу не больше 25%	e5fa99dd-27de-a8fe-da7a-69b695726f4b
93100	93100	1	нет оплаты			Подтвержденной оплаты ЛВШ-2026 не найдено	
93100	93100	1	нет оплаты			Подтвержденной оплаты ЛВШ-2026 не найдено	
78400	0	0.1579	оплачено со скидкой/ранним бронированием	78400	8600	Стоимость абонемента или оплаты принята как персональная цена; разница к прайсу не больше 25%	a1c7240f-5104-ecb0-bf12-69d37ead4249
78400	0	0.1579	оплачено со скидкой/ранним бронированием	78400	8600	Стоимость абонемента или оплаты принята как персональная цена; разница к прайсу не больше 25%	931113c2-6aa7-6bd2-c0fa-697c9e737465
93100	93100	1	нет оплаты			Подтвержденной оплаты ЛВШ-2026 не найдено	
79135	0	0.15	оплачено со скидкой/ранним бронированием	79135	7865	Стоимость абонемента или оплаты принята как персональная цена; разница к прайсу не больше 25%	6238166f-0322-1a9b-2723-69ff2b03f5ba
93100	93100	1	нет оплаты			Подтвержденной оплаты ЛВШ-2026 не найдено	
93100	93100	1	нет оплаты			Подтвержденной оплаты ЛВШ-2026 не найдено	
88200	0	0.0526	оплачено со скидкой/ранним бронированием	88200	-1200	Стоимость абонемента или оплаты принята как персональная цена; разница к прайсу не больше 25%	287560c7-0359-8093-5e95-69eb57b7f95c
83300	0	0.1053	оплачено со скидкой/ранним бронированием	83300	3700	Стоимость абонемента или оплаты принята как персональная цена; разница к прайсу не больше 25%	c65e0e23-d045-7985-ff32-69b69d634ed3
75000	0	0.1944	оплачено со скидкой/ранним бронированием	75000	12000	Стоимость абонемента или оплаты принята как персональная цена; разница к прайсу не больше 25%	53ea8264-a964-1070-fb12-69b69e8c5a97
78400	0	0.1579	оплачено со скидкой/ранним бронированием	78400	8600	Стоимость абонемента или оплаты принята как персональная цена; разница к прайсу не больше 25%	3ba3abde-e561-90d8-bdb3-698d9b5ef6b8
78400	0	0.1579	оплачено со скидкой/ранним бронированием	78400	8600	Стоимость абонемента или оплаты принята как персональная цена; разница к прайсу не больше 25%	941a352f-5f47-c806-64b4-69c39fcd8345
75000	0	0.1944	оплачено со скидкой/ранним бронированием	75000	12000	Стоимость абонемента или оплаты принята как персональная цена; разница к прайсу не больше 25%	9a201c4b-d739-cf79-5926-69c39fb8258c
93100	93100	1	нет оплаты			Подтвержденной оплаты ЛВШ-2026 не найдено	
93100	0	0	оплачено со скидкой/ранним бронированием	93100.0	-6100.0	Стоимость абонемента или оплаты принята как персональная цена; разница к прайсу не больше 25%	ec09cd54-8a95-866a-a98a-6a0d959f4476
75000	0	0.1944	оплачено со скидкой/ранним бронированием	75000	12000	Стоимость абонемента или оплаты принята как персональная цена; разница к прайсу не больше 25%	7f88a539-1148-0a3c-d7c4-697c9cd565f2
88200	0	0.0526	оплачено со скидкой/ранним бронированием	88200	-1200	Стоимость абонемента или оплаты принята как персональная цена; разница к прайсу не больше 25%	aee4a75e-7997-a69f-98aa-6a0c60583323
93100	93100	1	нет оплаты			Подтвержденной оплаты ЛВШ-2026 не найдено	
46550	0	0.5	оплачено			Оплата покрывает персональную цену	
93100	0	0	оплачено со скидкой/ранним бронированием	93100	-6100	Стоимость абонемента или оплаты принята как персональная цена; разница к прайсу не больше 25%	2f616e53-8238-923e-c688-6a0d9565ec4a
83300	0	0.1053	оплачено со скидкой/ранним бронированием	83300	3700	Стоимость абонемента или оплаты принята как персональная цена; разница к прайсу не больше 25%	8edc3ea8-1e36-e217-4742-698da159c96f
75000	0	0.1944	оплачено со скидкой/ранним бронированием	75000	12000	Стоимость абонемента или оплаты принята как персональная цена; разница к прайсу не больше 25%	b2580280-782e-4a24-e355-69848ef48179
93100	0	0	оплачено со скидкой/ранним бронированием	93100	-6100	Стоимость абонемента или оплаты принята как персональная цена; разница к прайсу не больше 25%	9f4d66ad-88f7-ac63-529b-69e879be8299
93100	93100	1	нет оплаты			Подтвержденной оплаты ЛВШ-2026 не найдено	
78400	0	0.1579	оплачено со скидкой/ранним бронированием	78400	8600	Стоимость абонемента или оплаты принята как персональная цена; разница к прайсу не больше 25%	9c9cf8c0-43e3-b2ab-858e-6967529aab96
88445	0	0.05	оплачено со скидкой/ранним бронированием	88445	-1445	Стоимость абонемента или оплаты принята как персональная цена; разница к прайсу не больше 25%	92630212-4d7c-63fc-c70c-6a2177ad768a
93100	93100	1	нет оплаты			Подтвержденной оплаты ЛВШ-2026 не найдено	
93100	0	0	оплачено со скидкой/ранним бронированием	93100	-6100	Стоимость абонемента или оплаты принята как персональная цена; разница к прайсу не больше 25%	408c77fc-5b94-5355-30d9-6a1416707bba
46000	0	0.5059	оплачено			Оплата покрывает персональную цену	
75000	0	0.1944	оплачено со скидкой/ранним бронированием			Стоимость абонемента или оплаты принята как персональная цена; разница к прайсу не больше 25%	
88200	0	0.0526	оплачено со скидкой/ранним бронированием	88200	-1200	Стоимость абонемента или оплаты принята как персональная цена; разница к прайсу не больше 25%	71bd463c-df24-d5b9-3410-69d3a27edbaf
83300	0	0.1053	оплачено со скидкой/ранним бронированием	83300	3700	Стоимость абонемента или оплаты принята как персональная цена; разница к прайсу не больше 25%	24ed5f0b-f956-3e92-3354-6a215df7664e
93100	0	0	оплачено со скидкой/ранним бронированием	93100	-6100	Стоимость абонемента или оплаты принята как персональная цена; разница к прайсу не больше 25%	a3ea364f-bccc-ab20-56ca-6a1419759fd0
88200	0	0.0526	оплачено со скидкой/ранним бронированием	88200	-1200	Стоимость абонемента или оплаты принята как персональная цена; разница к прайсу не больше 25%	7b88d799-2583-e3fe-1612-69d37af40845
75000	0	0.1944	оплачено со скидкой/ранним бронированием	75000	12000	Стоимость абонемента или оплаты принята как персональная цена; разница к прайсу не больше 25%	c7a2067f-992b-b478-e0d5-696752476713
78400	0	0.1579	оплачено со скидкой/ранним бронированием	78400	8600	Стоимость абонемента или оплаты принята как персональная цена; разница к прайсу не больше 25%	a7990fdd-7ba4-569d-51ec-697c9a2bf4fc
93100	93100	1	нет оплаты			Подтвержденной оплаты ЛВШ-2026 не найдено	
88200	0	0.0526	оплачено со скидкой/ранним бронированием	88200	-1200	Стоимость абонемента или оплаты принята как персональная цена; разница к прайсу не больше 25%	1e7f0d33-71e2-f03b-26d6-6a0c6016ce41
93100	93100	1	нет оплаты			Подтвержденной оплаты ЛВШ-2026 не найдено	
78400	0	0.1579	оплачено со скидкой/ранним бронированием	78400	8600	Стоимость абонемента или оплаты принята как персональная цена; разница к прайсу не больше 25%	627168b3-dc47-bbfc-3dd6-698491225002
88445	0	0.05	оплачено со скидкой/ранним бронированием	88445	-1445	Стоимость абонемента или оплаты принята как персональная цена; разница к прайсу не больше 25%	89acab41-2c19-f3e2-c68d-6a2178bc9d30
83300	0	0.1053	оплачено со скидкой/ранним бронированием	83300	3700	Стоимость абонемента или оплаты принята как персональная цена; разница к прайсу не больше 25%	865ba2da-9253-2092-2e9b-6a0c6429cfb6
83300	0	0.1053	оплачено со скидкой/ранним бронированием	83300	3700	Стоимость абонемента или оплаты принята как персональная цена; разница к прайсу не больше 25%	7ce90675-8e6e-6b9a-14c6-6a0c602ebb7d
78400	0	0.1579	оплачено со скидкой/ранним бронированием	78400	8600	Стоимость абонемента или оплаты принята как персональная цена; разница к прайсу не больше 25%	1d2d1448-8477-7359-b394-698490e8614e
93100	93100	1	нет оплаты			Подтвержденной оплаты ЛВШ-2026 не найдено	
93100	93100	1	нет оплаты			Подтвержденной оплаты ЛВШ-2026 не найдено	
75000	0	0.1944	оплачено со скидкой/ранним бронированием	75000	12000	Стоимость абонемента или оплаты принята как персональная цена; разница к прайсу не больше 25%	d29a824a-03bc-ee11-9e71-6983970149e0
75000	0	0.1944	оплачено со скидкой/ранним бронированием	75000	12000	Стоимость абонемента или оплаты принята как персональная цена; разница к прайсу не больше 25%	b408e354-834e-1698-0962-69cf697de8d2
75000	0	0.1944	оплачено со скидкой/ранним бронированием	75000	12000	Стоимость абонемента или оплаты принята как персональная цена; разница к прайсу не больше 25%	771e7f76-5141-4126-347f-696752fe643c
83300	0	0.1053	оплачено со скидкой/ранним бронированием			Стоимость абонемента или оплаты принята как персональная цена; разница к прайсу не больше 25%	ea81fa9b-c3c3-f874-0314-699ff28e291d
46550	0	0.5	оплачено			Оплата покрывает персональную цену	
79135	0	0.15	оплачено со скидкой/ранним бронированием	79135.0	7865.0	Стоимость абонемента или оплаты принята как персональная цена; разница к прайсу не больше 25%	e0fe52a7-6dbb-e1a1-1b6a-698d97cb2838
93100	93100	1	нет оплаты			Подтвержденной оплаты ЛВШ-2026 не найдено	
83290	0	0.1054	оплачено со скидкой/ранним бронированием	83290	3710	Стоимость абонемента или оплаты принята как персональная цена; разница к прайсу не больше 25%	d16a987a-6c9a-01e1-5eee-69dcc7f3e475
93100	93100	1	нет оплаты			Подтвержденной оплаты ЛВШ-2026 не найдено	
70000	0	0.2481	оплачено со скидкой/ранним бронированием	70000	17000	Стоимость абонемента или оплаты принята как персональная цена; разница к прайсу не больше 25%	41008efd-db4e-9649-722a-69a81cc7dfef
88200	0	0.0526	оплачено со скидкой/ранним бронированием	88200	-1200	Стоимость абонемента или оплаты принята как персональная цена; разница к прайсу не больше 25%	199b9778-f746-253d-0073-69d3a5e1b692
15000	0	0.8389	оплачено			Оплата покрывает персональную цену	
88200	0	0.0526	оплачено со скидкой/ранним бронированием	88200	-1200	Стоимость абонемента или оплаты принята как персональная цена; разница к прайсу не больше 25%	6e9fb783-5c79-02d9-8073-69bd19b72ac1
93100	93100	1	нет оплаты			Подтвержденной оплаты ЛВШ-2026 не найдено	
88200	0	0.0526	оплачено со скидкой/ранним бронированием	88200	-1200	Стоимость абонемента или оплаты принята как персональная цена; разница к прайсу не больше 25%	407f74c2-0049-73ad-0d43-69be814237fd
74135	0	0.2037	оплачено со скидкой/ранним бронированием	74135	12865	Стоимость абонемента или оплаты принята как персональная цена; разница к прайсу не больше 25%	8ffb9d2c-9abf-4611-4082-69a8099d1ec6
93100	93100	1	нет оплаты			Подтвержденной оплаты ЛВШ-2026 не найдено	
46550	0	0.5	оплачено			Оплата покрывает персональную цену	
83300	0	0.1053	оплачено со скидкой/ранним бронированием	83300	3700	Стоимость абонемента или оплаты принята как персональная цена; разница к прайсу не больше 25%	c3db389b-db94-40a2-951e-69a977389dbf
83300	0	0.1053	оплачено со скидкой/ранним бронированием	83300	3700	Стоимость абонемента или оплаты принята как персональная цена; разница к прайсу не больше 25%	76d144b7-a516-77c8-6cff-69a9771edbaa
75000	0	0.1944	оплачено со скидкой/ранним бронированием	75000	12000	Стоимость абонемента или оплаты принята как персональная цена; разница к прайсу не больше 25%	6e366ce0-bf53-0caa-a84d-696752ee17a6
83300	0	0.1053	оплачено со скидкой/ранним бронированием	83300	3700	Стоимость абонемента или оплаты принята как персональная цена; разница к прайсу не больше 25%	5413b442-839c-65b1-9e41-69a811cec99c
114000	0	0	оплачено со скидкой/ранним бронированием	114000	-27000	Стоимость абонемента или оплаты принята как персональная цена; разница к прайсу не больше 25%	6dc753cf-a345-de7e-a089-6a182d3e3db7
114000	0	0	оплачено со скидкой/ранним бронированием	114000.0	-27000.0	Стоимость абонемента или оплаты принята как персональная цена; разница к прайсу не больше 25%	f104b151-4019-b7b7-8d86-6a0d83de084a
114000	114000	1	нет оплаты			Подтвержденной оплаты ЛВШ-2026 не найдено	
114000	114000	1	нет оплаты			Подтвержденной оплаты ЛВШ-2026 не найдено	
114000	114000	1	нет оплаты			Подтвержденной оплаты ЛВШ-2026 не найдено	
114000	0	0	оплачено со скидкой/ранним бронированием	114000	-27000	Стоимость абонемента или оплаты принята как персональная цена; разница к прайсу не больше 25%	cdba77d3-331f-7a64-c301-6a141bb137d9
114000	114000	1	нет оплаты			Подтвержденной оплаты ЛВШ-2026 не найдено	
114000	0	0	оплачено со скидкой/ранним бронированием	114000	-27000	Стоимость абонемента или оплаты принята как персональная цена; разница к прайсу не больше 25%	bc99810d-e05a-527a-6c7e-6a0d763e3522
95900	0	0.1588	оплачено со скидкой/ранним бронированием	95900	-8900	Стоимость абонемента или оплаты принята как персональная цена; разница к прайсу не больше 25%	7b162ab2-59d1-d5bc-8e70-6967c2103306
114000	0	0	оплачено со скидкой/ранним бронированием	114000	-27000	Стоимость абонемента или оплаты принята как персональная цена; разница к прайсу не больше 25%	3a6d0829-2413-36f2-ce03-6a141c36f991
114000	114000	1	нет оплаты			Подтвержденной оплаты ЛВШ-2026 не найдено	
114000	114000	1	нет оплаты			Подтвержденной оплаты ЛВШ-2026 не найдено	
114000	114000	1	нет оплаты			Подтвержденной оплаты ЛВШ-2026 не найдено	
114000	0	0	оплачено со скидкой/ранним бронированием	114000	-27000	Стоимость абонемента или оплаты принята как персональная цена; разница к прайсу не больше 25%	78841ba1-f935-0933-ff8e-6a01c5cedbcd
102600	0	0.1	оплачено со скидкой/ранним бронированием	102600	-15600	Стоимость абонемента или оплаты принята как персональная цена; разница к прайсу не больше 25%	2d586ddd-37db-5b14-1cbd-6a0c53f7ea89
102600	0	0.1	оплачено со скидкой/ранним бронированием	102600	-15600	Стоимость абонемента или оплаты принята как персональная цена; разница к прайсу не больше 25%	65d46ac9-c8f0-d394-0bae-6a0c539c9387
114000	0	0	оплачено со скидкой/ранним бронированием	114000	-27000	Стоимость абонемента или оплаты принята как персональная цена; разница к прайсу не больше 25%	d56b3717-a958-212f-9c32-6a0c56055816
108300	0	0.05	оплачено со скидкой/ранним бронированием	108300	-21300	Стоимость абонемента или оплаты принята как персональная цена; разница к прайсу не больше 25%	464dc7ba-2806-75ad-da90-6a1d3a122fdd
102600	0	0.1	оплачено со скидкой/ранним бронированием	102600	-15600	Стоимость абонемента или оплаты принята как персональная цена; разница к прайсу не больше 25%	b87b3fa5-8c99-6e85-614b-6a181d6ab89c
114000	114000	1	нет оплаты			Подтвержденной оплаты ЛВШ-2026 не найдено	
114000	0	0	оплачено со скидкой/ранним бронированием	114000	-27000	Стоимость абонемента или оплаты принята как персональная цена; разница к прайсу не больше 25%	ac423aeb-c3b2-99d8-dd5d-6a0c593db926
102600	0	0.1	оплачено со скидкой/ранним бронированием	102600	-15600	Стоимость абонемента или оплаты принята как персональная цена; разница к прайсу не больше 25%	8c681efd-bc2c-3951-6713-6a182e31bee5
114000	114000	1	нет оплаты			Подтвержденной оплаты ЛВШ-2026 не найдено	
114000	0	0	оплачено со скидкой/ранним бронированием	114000	-27000	Стоимость абонемента или оплаты принята как персональная цена; разница к прайсу не больше 25%	3564782e-376a-7650-aa65-6a213708dee2
114000	0	0	оплачено со скидкой/ранним бронированием	114000	-27000	Стоимость абонемента или оплаты принята как персональная цена; разница к прайсу не больше 25%	b5326d12-44c0-fc6e-d42f-6a215643ad37
114000	0	0	оплачено со скидкой/ранним бронированием	114000	-27000	Стоимость абонемента или оплаты принята как персональная цена; разница к прайсу не больше 25%	2a2b6684-341d-91f9-fa98-69f316ff28a4
114000	0	0	оплачено со скидкой/ранним бронированием	114000	-27000	Стоимость абонемента или оплаты принята как персональная цена; разница к прайсу не больше 25%	befea1e7-e8e0-d15a-4c94-6a0d755c8189
114000	0	0	оплачено со скидкой/ранним бронированием	114000	-27000	Стоимость абонемента или оплаты принята как персональная цена; разница к прайсу не больше 25%	b7640e4d-1d4f-5307-caea-6a182bb686ae
114000	114000	1	нет оплаты			Подтвержденной оплаты ЛВШ-2026 не найдено	
114000	114000	1	нет оплаты			Подтвержденной оплаты ЛВШ-2026 не найдено	
114000	114000	1	нет оплаты			Подтвержденной оплаты ЛВШ-2026 не найдено	
114000	0	0	оплачено со скидкой/ранним бронированием	114000	-27000	Стоимость абонемента или оплаты принята как персональная цена; разница к прайсу не больше 25%	6229e7a9-791f-d476-92cb-6a1421b8a434
102600	0	0.1	оплачено со скидкой/ранним бронированием	102600	-15600	Стоимость абонемента или оплаты принята как персональная цена; разница к прайсу не больше 25%	91f2d751-57b2-5b22-553a-6a0d73899485
114000	0	0	оплачено со скидкой/ранним бронированием	114000	-27000	Стоимость абонемента или оплаты принята как персональная цена; разница к прайсу не больше 25%	42fdabc0-a3fe-be7e-1e95-6a0c6710a713
114000	0	0	оплачено со скидкой/ранним бронированием	114000	-27000	Стоимость абонемента или оплаты принята как персональная цена; разница к прайсу не больше 25%	5e019f0f-c873-b88c-df3c-6a1421472e8d
102600	0	0.1	оплачено со скидкой/ранним бронированием	102600	-15600	Стоимость абонемента или оплаты принята как персональная цена; разница к прайсу не больше 25%	606305d5-53cc-d72f-3ff3-6a0c59849580
114000	0	0	оплачено со скидкой/ранним бронированием	114000	-27000	Стоимость абонемента или оплаты принята как персональная цена; разница к прайсу не больше 25%	3a31edf0-8acd-eada-ca6d-6a181eb187e3
89900	0	0.2114	оплачено со скидкой/ранним бронированием	89900	-2900	Стоимость абонемента или оплаты принята как персональная цена; разница к прайсу не больше 25%	27e7349f-3e81-7195-edd2-6a0de92aaa0d
114000	0	0	оплачено со скидкой/ранним бронированием	114000	-27000	Стоимость абонемента или оплаты принята как персональная цена; разница к прайсу не больше 25%	4b7f215b-c144-254b-d761-6a01c5028062
102600	0	0.1	оплачено со скидкой/ранним бронированием	102600	-15600	Стоимость абонемента или оплаты принята как персональная цена; разница к прайсу не больше 25%	48230b3b-4390-3ff0-967a-6a0d7e6979bb
114000	0	0	оплачено со скидкой/ранним бронированием	114000	-27000	Стоимость абонемента или оплаты принята как персональная цена; разница к прайсу не больше 25%	2a66303f-7a5d-5b42-e7af-6a0d783408a1
57000	0	0.5	оплачено			Оплата покрывает персональную цену	
114000	0	0	оплачено со скидкой/ранним бронированием	114000	-27000	Стоимость абонемента или оплаты принята как персональная цена; разница к прайсу не больше 25%	4c4cb034-1256-8529-6452-6a0c5eed1625
114000	0	0	оплачено со скидкой/ранним бронированием	114000	-27000	Стоимость абонемента или оплаты принята как персональная цена; разница к прайсу не больше 25%	9c752f2a-1d1c-5694-95c8-69f2ffba5692
114000	114000	1	нет оплаты			Подтвержденной оплаты ЛВШ-2026 не найдено	
102600	0	0.1	оплачено со скидкой/ранним бронированием	102600	-15600	Стоимость абонемента или оплаты принята как персональная цена; разница к прайсу не больше 25%	4066cb65-19b6-e4fe-ca4d-6a0d7900a58f
114000	0	0	оплачено со скидкой/ранним бронированием	114000	-27000	Стоимость абонемента или оплаты принята как персональная цена; разница к прайсу не больше 25%	66ca0fff-1925-63e1-9318-6a16ca63e5d6
114000	0	0	оплачено со скидкой/ранним бронированием	114000	-27000	Стоимость абонемента или оплаты принята как персональная цена; разница к прайсу не больше 25%	a25aac7c-63ec-1498-ac43-6a0c5e0b3a07
102600	0	0.1	оплачено со скидкой/ранним бронированием	102600	-15600	Стоимость абонемента или оплаты принята как персональная цена; разница к прайсу не больше 25%	168ec5cf-1ff5-0f89-8da6-6a214c3d2598
102600	0	0.1	оплачено со скидкой/ранним бронированием	102600	-15600	Стоимость абонемента или оплаты принята как персональная цена; разница к прайсу не больше 25%	9c9d82f0-e007-29dc-ea22-6a214cba198c
102600	0	0.1	оплачено со скидкой/ранним бронированием	102600	-15600	Стоимость абонемента или оплаты принята как персональная цена; разница к прайсу не больше 25%	8bed5284-0f14-6082-ea8f-6a182c5c05bf
114000	114000	1	нет оплаты			Подтвержденной оплаты ЛВШ-2026 не найдено	
114000	0	0	оплачено со скидкой/ранним бронированием	114000	-27000	Стоимость абонемента или оплаты принята как персональная цена; разница к прайсу не больше 25%	1bfb5934-7e11-c7c7-6d68-6a16ca43ba75
114000	0	0	оплачено со скидкой/ранним бронированием	114000	-27000	Стоимость абонемента или оплаты принята как персональная цена; разница к прайсу не больше 25%	2de6fa22-acff-209e-b165-6a1d371df7f6
5700	0	0.95	оплачено			Оплата покрывает персональную цену	
114000	0	0	оплачено со скидкой/ранним бронированием	114000	-27000	Стоимость абонемента или оплаты принята как персональная цена; разница к прайсу не больше 25%	c8173cf5-b172-c6a1-22a9-6a0ef5578a7b
102600	0	0.1	оплачено со скидкой/ранним бронированием	102600	-15600	Стоимость абонемента или оплаты принята как персональная цена; разница к прайсу не больше 25%	537a05d8-8d88-7d77-1f63-6a1d3a2efc33
114000	0	0	оплачено со скидкой/ранним бронированием	114000	-27000	Стоимость абонемента или оплаты принята как персональная цена; разница к прайсу не больше 25%	da340a2e-669a-f4f1-7622-6a01c4f103e0
114000	0	0	оплачено со скидкой/ранним бронированием	114000	-27000	Стоимость абонемента или оплаты принята как персональная цена; разница к прайсу не больше 25%	2c773430-d721-c9b6-b402-6a1d413ec123
114000	0	0	оплачено со скидкой/ранним бронированием	114000	-27000	Стоимость абонемента или оплаты принята как персональная цена; разница к прайсу не больше 25%	bba0e31a-b6f7-a1fa-f57d-6a181cae2099
102600	0	0.1	оплачено со скидкой/ранним бронированием	102600	-15600	Стоимость абонемента или оплаты принята как персональная цена; разница к прайсу не больше 25%	8bb16b61-ad06-28ee-c50f-6a141e8a64d0
114000	0	0	оплачено со скидкой/ранним бронированием	114000	-27000	Стоимость абонемента или оплаты принята как персональная цена; разница к прайсу не больше 25%	6041b5b8-98fe-b5f2-24da-6a0c4d45d48e
114000	0	0	оплачено со скидкой/ранним бронированием	114000	-27000	Стоимость абонемента или оплаты принята как персональная цена; разница к прайсу не больше 25%	60874693-c10a-e693-35d6-6a0c5d3d734b
108300	0	0.05	оплачено со скидкой/ранним бронированием	108300	-21300	Стоимость абонемента или оплаты принята как персональная цена; разница к прайсу не больше 25%	3f038878-2bc2-67cf-e7d5-6a142060f163
114000	114000	1	нет оплаты			Подтвержденной оплаты ЛВШ-2026 не найдено	
114000	0	0	оплачено со скидкой/ранним бронированием	114000	-27000	Стоимость абонемента или оплаты принята как персональная цена; разница к прайсу не больше 25%	231bc4f9-2ae6-0a4d-0e87-6a0c4847a985
114000	0	0	оплачено со скидкой/ранним бронированием	114000.0	-27000.0	Стоимость абонемента или оплаты принята как персональная цена; разница к прайсу не больше 25%	e733e97a-1536-c396-a415-6a14335a2780
114000	114000	1	нет оплаты			Подтвержденной оплаты ЛВШ-2026 не найдено	
102600	0	0.1	оплачено со скидкой/ранним бронированием	102600	-15600	Стоимость абонемента или оплаты принята как персональная цена; разница к прайсу не больше 25%	ad974e15-780e-5623-6c32-6a16c9643323
114000	0	0	оплачено со скидкой/ранним бронированием	114000	-27000	Стоимость абонемента или оплаты принята как персональная цена; разница к прайсу не больше 25%	615ea3c6-1025-0188-2351-6a0c5453de70
114000	0	0	оплачено со скидкой/ранним бронированием	114000	-27000	Стоимость абонемента или оплаты принята как персональная цена; разница к прайсу не больше 25%	5117c3a5-76b2-6f26-6e0d-6a16ca15e67b
114000	114000	1	нет оплаты			Подтвержденной оплаты ЛВШ-2026 не найдено	
114000	0	0	оплачено со скидкой/ранним бронированием	114000	-27000	Стоимость абонемента или оплаты принята как персональная цена; разница к прайсу не больше 25%	7efd90e7-73e0-d824-2fb3-6a16cb617471
102600	0	0.1	оплачено со скидкой/ранним бронированием	102600	-15600	Стоимость абонемента или оплаты принята как персональная цена; разница к прайсу не больше 25%	c927e713-f014-e999-af2f-6a1d3cf524cd
114000	0	0	оплачено со скидкой/ранним бронированием	114000	-27000	Стоимость абонемента или оплаты принята как персональная цена; разница к прайсу не больше 25%	1170a0b2-4cfb-4d3a-8b8b-6a1d38d87350
114000	0	0	оплачено со скидкой/ранним бронированием	114000	-27000	Стоимость абонемента или оплаты принята как персональная цена; разница к прайсу не больше 25%	17341ff4-e99a-a11b-f041-6a1d3e66eec9
114000	0	0	оплачено со скидкой/ранним бронированием	114000	-27000	Стоимость абонемента или оплаты принята как персональная цена; разница к прайсу не больше 25%	542d1d8c-8494-0d57-b64f-6a214b9745e6
114000	0	0	оплачено со скидкой/ранним бронированием	114000	-27000	Стоимость абонемента или оплаты принята как персональная цена; разница к прайсу не больше 25%	d30a167e-b4b1-90d3-d29a-6a01c67bdf7f
102600	0	0.1	оплачено со скидкой/ранним бронированием	102600	-15600	Стоимость абонемента или оплаты принята как персональная цена; разница к прайсу не больше 25%	3144aea3-b44a-5f88-9351-6a2132e51cb1
102600	0	0.1	оплачено со скидкой/ранним бронированием	102600	-15600	Стоимость абонемента или оплаты принята как персональная цена; разница к прайсу не больше 25%	9c540941-ca94-42ab-929e-6a2133275e49
114000	0	0	оплачено со скидкой/ранним бронированием	114000	-27000	Стоимость абонемента или оплаты принята как персональная цена; разница к прайсу не больше 25%	85d64685-e24a-2611-de4c-69f3171349ae
114000	114000	1	нет оплаты			Подтвержденной оплаты ЛВШ-2026 не найдено	
114000	114000	1	нет оплаты			Подтвержденной оплаты ЛВШ-2026 не найдено	
102600	0	0.1	оплачено со скидкой/ранним бронированием	102600	-15600	Стоимость абонемента или оплаты принята как персональная цена; разница к прайсу не больше 25%	3732d1d8-0780-8573-b9ca-6a0c61331bcf
114000	0	0	оплачено со скидкой/ранним бронированием	114000	-27000	Стоимость абонемента или оплаты принята как персональная цена; разница к прайсу не больше 25%	89c6804f-926a-fac5-6293-6a0d76820f7b
114000	0	0	оплачено со скидкой/ранним бронированием	114000.0	-27000.0	Стоимость абонемента или оплаты принята как персональная цена; разница к прайсу не больше 25%	dfd1aac6-5193-aa00-f2eb-6a0c4cf90846
114000	114000	1	нет оплаты			Подтвержденной оплаты ЛВШ-2026 не найдено	
114000	0	0	оплачено со скидкой/ранним бронированием	114000	-27000	Стоимость абонемента или оплаты принята как персональная цена; разница к прайсу не больше 25%	d23b04ff-972e-ccc3-2dd9-6a141c44c596
114000	0	0	оплачено со скидкой/ранним бронированием	114000	-27000	Стоимость абонемента или оплаты принята как персональная цена; разница к прайсу не больше 25%	2b7331e4-5050-6267-03ec-6a21504720f5
102600	0	0.1	оплачено со скидкой/ранним бронированием	102600	-15600	Стоимость абонемента или оплаты принята как персональная цена; разница к прайсу не больше 25%	82f1f64a-0e9f-3f25-ce86-6a1d3f9bd66a
114000	0	0	оплачено со скидкой/ранним бронированием	114000	-27000	Стоимость абонемента или оплаты принята как персональная цена; разница к прайсу не больше 25%	1a3a210d-3d7d-2bba-eb83-6a2130c1e6db
114000	0	0	оплачено со скидкой/ранним бронированием	114000	-27000	Стоимость абонемента или оплаты принята как персональная цена; разница к прайсу не больше 25%	2a918517-38c7-dfee-f1ca-6a01c9d38073
114000	0	0	оплачено со скидкой/ранним бронированием	114000	-27000	Стоимость абонемента или оплаты принята как персональная цена; разница к прайсу не больше 25%	3e620ed5-613b-dd50-d0ae-6a1d438d99e0
99600	0	0.1263	оплачено со скидкой/ранним бронированием	99600	-12600	Стоимость абонемента или оплаты принята как персональная цена; разница к прайсу не больше 25%	72ec1fbf-7b41-9a25-1194-699f12d92a30
114000	0	0	оплачено со скидкой/ранним бронированием	114000	-27000	Стоимость абонемента или оплаты принята как персональная цена; разница к прайсу не больше 25%	8414bc05-8a7e-d9d7-284d-69d766a77def
95900	0	0.1588	оплачено со скидкой/ранним бронированием	95900	-8900	Стоимость абонемента или оплаты принята как персональная цена; разница к прайсу не больше 25%	30774904-67f7-e4c9-a9c6-6981ea94b3a7
114000	0	0	оплачено со скидкой/ранним бронированием	114000	-27000	Стоимость абонемента или оплаты принята как персональная цена; разница к прайсу не больше 25%	c18994d1-fa3d-3ee4-e29e-69f06ecad827
99600	0	0.1263	оплачено со скидкой/ранним бронированием	99600	-12600	Стоимость абонемента или оплаты принята как персональная цена; разница к прайсу не больше 25%	7d1a0cbd-15af-f4a7-dcdf-69a15ee3ae35
114000	0	0	оплачено со скидкой/ранним бронированием	114000	-27000	Стоимость абонемента или оплаты принята как персональная цена; разница к прайсу не больше 25%	687b74bf-a592-3b56-b911-6a159d3f43c9
114000	0	0	оплачено со скидкой/ранним бронированием	114000	-27000	Стоимость абонемента или оплаты принята как персональная цена; разница к прайсу не больше 25%	48d489f1-3a0d-20bc-cc57-69e1d828bc2f
102600	0	0.1	оплачено со скидкой/ранним бронированием	102600	-15600	Стоимость абонемента или оплаты принята как персональная цена; разница к прайсу не больше 25%	18dddcf0-828a-3527-4814-6a0d83a4adb3
99600	0	0.1263	оплачено со скидкой/ранним бронированием	99600	-12600	Стоимость абонемента или оплаты принята как персональная цена; разница к прайсу не больше 25%	329bf2c0-52c3-1456-e852-6998afb00acb
114000	0	0	оплачено со скидкой/ранним бронированием	114000	-27000	Стоимость абонемента или оплаты принята как персональная цена; разница к прайсу не больше 25%	ba95996d-804a-4bb6-2162-69d3aedb73f3
79620	0	0.3016	оплачено	79620	7380	Оплата покрывает персональную цену	1adaf977-c9a5-71f6-107c-6a01c4f9dd61
91105	0	0.2008	оплачено со скидкой/ранним бронированием	91105	-4105	Стоимость абонемента или оплаты принята как персональная цена; разница к прайсу не больше 25%	3b5b0c7d-60d5-0110-5b6c-6967c484aa56
83800	0	0.2649	оплачено	83800	3200	Оплата покрывает персональную цену	3b3ff41c-b1c2-9c62-3bd8-696652db60ed
99600	0	0.1263	оплачено со скидкой/ранним бронированием	99600	-12600	Стоимость абонемента или оплаты принята как персональная цена; разница к прайсу не больше 25%	916d5b9e-c9bd-d6ae-43d3-69d61e0efc0c
89900	0	0.2114	оплачено со скидкой/ранним бронированием	89900	-2900	Стоимость абонемента или оплаты принята как персональная цена; разница к прайсу не больше 25%	73568e94-59ee-0b4e-eda9-69675a736ed2
91105	0	0.2008	оплачено со скидкой/ранним бронированием	91105	-4105	Стоимость абонемента или оплаты принята как персональная цена; разница к прайсу не больше 25%	9a0662a3-538f-5862-4620-697cb14da61b
99600	0	0.1263	оплачено со скидкой/ранним бронированием	99600	-12600	Стоимость абонемента или оплаты принята как персональная цена; разница к прайсу не больше 25%	2c6b968d-3d6d-cb0d-2a30-69f0744a55fe
95900	0	0.1588	оплачено со скидкой/ранним бронированием	95900	-8900	Стоимость абонемента или оплаты принята как персональная цена; разница к прайсу не больше 25%	89074207-dd93-226e-9f9b-69ccfd08a75f
114000	114000	1	нет оплаты			Подтвержденной оплаты ЛВШ-2026 не найдено	
114000	0	0	оплачено со скидкой/ранним бронированием	114000	-27000	Стоимость абонемента или оплаты принята как персональная цена; разница к прайсу не больше 25%	4ec690eb-c6a5-55dd-e271-6a0c48de2499
94620	0	0.17	оплачено со скидкой/ранним бронированием	94620	-7620	Стоимость абонемента или оплаты принята как персональная цена; разница к прайсу не больше 25%	c4c03b4d-9dab-f119-707d-69dcc3fad2c1
95900	0	0.1588	оплачено со скидкой/ранним бронированием	95900	-8900	Стоимость абонемента или оплаты принята как персональная цена; разница к прайсу не больше 25%	3d8681e5-a36a-d69b-5428-696e1c0563a7
91105	0	0.2008	оплачено со скидкой/ранним бронированием	91105	-4105	Стоимость абонемента или оплаты принята как персональная цена; разница к прайсу не больше 25%	4f5a19f3-6b07-550b-6b7e-696e1e1c8ce4
114000	114000	1	нет оплаты			Подтвержденной оплаты ЛВШ-2026 не найдено	
99600	0	0.1263	оплачено со скидкой/ранним бронированием	99600	-12600	Стоимость абонемента или оплаты принята как персональная цена; разница к прайсу не больше 25%	26296c3c-532e-2a5e-ae82-699edc01637c
95900	0	0.1588	оплачено со скидкой/ранним бронированием	95900	-8900	Стоимость абонемента или оплаты принята как персональная цена; разница к прайсу не больше 25%	4e91c2a4-c329-6400-1225-6995864e647e
108300	0	0.05	оплачено со скидкой/ранним бронированием	108300	-21300	Стоимость абонемента или оплаты принята как персональная цена; разница к прайсу не больше 25%	47c40fd8-eb82-7f0c-c75a-69d769e337e6
86310	0	0.2429	оплачено со скидкой/ранним бронированием	86310	690	Стоимость абонемента или оплаты принята как персональная цена; разница к прайсу не больше 25%	44dc2f97-9f05-1763-435a-698394fb59f7
108300	0	0.05	оплачено со скидкой/ранним бронированием	108300	-21300	Стоимость абонемента или оплаты принята как персональная цена; разница к прайсу не больше 25%	b600d038-1c64-1b48-bd2e-6a0c5ddf5488
91105	0	0.2008	оплачено со скидкой/ранним бронированием	91105.0	-4105.0	Стоимость абонемента или оплаты принята как персональная цена; разница к прайсу не больше 25%	e91a1f39-3416-9699-9367-697a6b995885
99600	0	0.1263	оплачено со скидкой/ранним бронированием	99600	-12600	Стоимость абонемента или оплаты принята как персональная цена; разница к прайсу не больше 25%	8b5e9191-b093-2f12-838e-69e129a43b39
99600	0	0.1263	оплачено со скидкой/ранним бронированием	99600	-12600	Стоимость абонемента или оплаты принята как персональная цена; разница к прайсу не больше 25%	bffe6730-d5f7-a1a3-b5e9-6a0c5b407f89
108300	0	0.05	оплачено со скидкой/ранним бронированием	108300	-21300	Стоимость абонемента или оплаты принята как персональная цена; разница к прайсу не больше 25%	dae00dda-5427-b95b-5d99-69c26c5a391b
108300	0	0.05	оплачено со скидкой/ранним бронированием	108300	-21300	Стоимость абонемента или оплаты принята как персональная цена; разница к прайсу не больше 25%	5cc9bb5e-32fb-700e-171f-6a21388bcfb5
89900	0	0.2114	оплачено со скидкой/ранним бронированием	89900	-2900	Стоимость абонемента или оплаты принята как персональная цена; разница к прайсу не больше 25%	cb532e70-4a37-e9ed-ea77-69675bdcc206
91105	0	0.2008	оплачено со скидкой/ранним бронированием	91105	-4105	Стоимость абонемента или оплаты принята как персональная цена; разница к прайсу не больше 25%	aaba11e4-3111-370d-7108-697cb04a05d2
114000	114000	1	нет оплаты			Подтвержденной оплаты ЛВШ-2026 не найдено	
114000	0	0	оплачено со скидкой/ранним бронированием	114000	-27000	Стоимость абонемента или оплаты принята как персональная цена; разница к прайсу не больше 25%	94eecae9-ec42-c863-7b4d-69f06d128108
114000	0	0	оплачено со скидкой/ранним бронированием	114000	-27000	Стоимость абонемента или оплаты принята как персональная цена; разница к прайсу не больше 25%	8a41df5c-7069-bedb-e9e3-69f0719694de
86310	0	0.2429	оплачено со скидкой/ранним бронированием	86310	690	Стоимость абонемента или оплаты принята как персональная цена; разница к прайсу не больше 25%	b3999b23-5db3-45ba-a24d-69708d9b472a
99600	0	0.1263	оплачено со скидкой/ранним бронированием	99600	-12600	Стоимость абонемента или оплаты принята как персональная цена; разница к прайсу не больше 25%	d7f3c479-c0df-d75f-8a3f-69a8179e1f5b
99600	0	0.1263	оплачено со скидкой/ранним бронированием	99600	-12600	Стоимость абонемента или оплаты принята как персональная цена; разница к прайсу не больше 25%	a0da6772-67bc-b18c-83e4-69c3a2443357
102600	0	0.1	оплачено со скидкой/ранним бронированием	102600	-15600	Стоимость абонемента или оплаты принята как персональная цена; разница к прайсу не больше 25%	3a19d15d-c71a-dff0-e631-69fb4445b841
95900	0	0.1588	оплачено со скидкой/ранним бронированием	95900.0	-8900.0	Стоимость абонемента или оплаты принята как персональная цена; разница к прайсу не больше 25%	e26b5fae-31fc-a031-a80d-698362e272b7
89900	0	0.2114	оплачено со скидкой/ранним бронированием	89900	-2900	Стоимость абонемента или оплаты принята как персональная цена; разница к прайсу не больше 25%	26530d71-a1e8-3ca7-f9d7-69675df9d22d
114000	0	0	оплачено со скидкой/ранним бронированием	114000	-27000	Стоимость абонемента или оплаты принята как персональная цена; разница к прайсу не больше 25%	702421ed-eda9-2e79-5a88-69e090b606f7
89900	0	0.2114	оплачено со скидкой/ранним бронированием	89900	-2900	Стоимость абонемента или оплаты принята как персональная цена; разница к прайсу не больше 25%	39b1523d-14cb-e1d6-5137-69c267443d63
114000	0	0	оплачено со скидкой/ранним бронированием	114000	-27000	Стоимость абонемента или оплаты принята как персональная цена; разница к прайсу не больше 25%	143e9dca-6d8c-8c7b-5b0a-69b13f0a69bb
95900	0	0.1588	оплачено со скидкой/ранним бронированием	95900	-8900	Стоимость абонемента или оплаты принята как персональная цена; разница к прайсу не больше 25%	1b889c72-5470-4942-9c9c-697a697c9aa9
99600	0	0.1263	оплачено со скидкой/ранним бронированием	99600	-12600	Стоимость абонемента или оплаты принята как персональная цена; разница к прайсу не больше 25%	8c0c04b0-2b09-7dfa-719d-69a5ad5ce348
95900	0	0.1588	оплачено со скидкой/ранним бронированием	95900	-8900	Стоимость абонемента или оплаты принята как персональная цена; разница к прайсу не больше 25%	c38e431b-6faf-2303-6040-698c53bba01a
102600	0	0.1	оплачено со скидкой/ранним бронированием	102600	-15600	Стоимость абонемента или оплаты принята как персональная цена; разница к прайсу не больше 25%	4c10959d-fcfe-68f4-df91-69f06ccead05
114000	114000	1	нет оплаты			Подтвержденной оплаты ЛВШ-2026 не найдено	
114000	0	0	оплачено со скидкой/ранним бронированием	114000	-27000	Стоимость абонемента или оплаты принята как персональная цена; разница к прайсу не больше 25%	2a41455c-c3a0-3a70-c88c-69d76add72ed
96900	0	-0.7	оплачено	96900	-9900	Оплата покрывает персональную цену	bbbfce7b-d43a-1645-2ecb-69e0c0ef45da
114000	0	0	оплачено со скидкой/ранним бронированием	114000	-27000	Стоимость абонемента или оплаты принята как персональная цена; разница к прайсу не больше 25%	52e1d888-6c19-1a97-eab5-69f073d54148
94620	0	0.17	оплачено со скидкой/ранним бронированием	94620	-7620	Стоимость абонемента или оплаты принята как персональная цена; разница к прайсу не больше 25%	5df25009-f31e-cb16-3a02-69a81836268b
95900	0	0.1588	оплачено со скидкой/ранним бронированием	95900	-8900	Стоимость абонемента или оплаты принята как персональная цена; разница к прайсу не больше 25%	d9ca9d35-34b6-4ab1-7610-69708fae1935
114000	0	0	оплачено со скидкой/ранним бронированием	114000	-27000	Стоимость абонемента или оплаты принята как персональная цена; разница к прайсу не больше 25%	4e9f54b0-5a81-a2ac-fba0-69e090921195
85405	0	0.2508	оплачено	85405	1595	Оплата покрывает персональную цену	608b42da-06ea-23f1-4379-69e9d8bba32d
89900	0	0.2114	оплачено со скидкой/ранним бронированием	89900	-2900	Стоимость абонемента или оплаты принята как персональная цена; разница к прайсу не больше 25%	a22cffdd-a261-a245-2118-69b170c85d2b
89900	0	0.2114	оплачено со скидкой/ранним бронированием	89900	-2900	Стоимость абонемента или оплаты принята как персональная цена; разница к прайсу не больше 25%	40a32b1a-5b33-06b7-d9a5-69b16fff00e7
99600	0	0.1263	оплачено со скидкой/ранним бронированием	99600	-12600	Стоимость абонемента или оплаты принята как персональная цена; разница к прайсу не больше 25%	472f2b44-e026-f876-8dee-699f14430641
102600	0	0.1	оплачено со скидкой/ранним бронированием	102600	-15600	Стоимость абонемента или оплаты принята как персональная цена; разница к прайсу не больше 25%	aa25b869-7f67-07d0-5c48-6a0c5c45b301
102600	0	0.1	оплачено со скидкой/ранним бронированием	102600.0	-15600.0	Стоимость абонемента или оплаты принята как персональная цена; разница к прайсу не больше 25%	eafefa67-085b-4d05-c6e9-6a0c5a9292cc
86310	0	0.2429	оплачено со скидкой/ранним бронированием	86310	690	Стоимость абонемента или оплаты принята как персональная цена; разница к прайсу не больше 25%	c0f62a74-5fbb-6073-c8c1-697dccaba8d4
114000	0	0	оплачено со скидкой/ранним бронированием	114000	-27000	Стоимость абонемента или оплаты принята как персональная цена; разница к прайсу не больше 25%	230fa3a8-d60f-41f3-f827-69c2657585d0
108300	0	0.05	оплачено со скидкой/ранним бронированием	108300	-21300	Стоимость абонемента или оплаты принята как персональная цена; разница к прайсу не больше 25%	9f5213fe-5605-9eb3-4403-69e0c2800c7a
114000	0	0	оплачено со скидкой/ранним бронированием	114000	-27000	Стоимость абонемента или оплаты принята как персональная цена; разница к прайсу не больше 25%	d4629ed5-e88f-fbae-7235-69e1dab8f6eb
94620	0	0.17	оплачено со скидкой/ранним бронированием	94620	-7620	Стоимость абонемента или оплаты принята как персональная цена; разница к прайсу не больше 25%	5d509cd4-6f05-e64c-a5ca-69b13c915611
83800	0	0.2649	оплачено	83800	3200	Оплата покрывает персональную цену	14a91f6b-ebe1-ae3a-5b04-69675f421e2d
99600	0	0.1263	оплачено со скидкой/ранним бронированием	99600	-12600	Стоимость абонемента или оплаты принята как персональная цена; разница к прайсу не больше 25%	4d6d6c02-d03f-ec20-adc5-699edb6563df
114000	0	0	оплачено со скидкой/ранним бронированием	114000	-27000	Стоимость абонемента или оплаты принята как персональная цена; разница к прайсу не больше 25%	b4c61fb6-d31b-b7d5-71c4-69e1d9f6c7fb
95900	0	0.1588	оплачено со скидкой/ранним бронированием	95900	-8900	Стоимость абонемента или оплаты принята как персональная цена; разница к прайсу не больше 25%	3f35007d-71d9-6833-f687-69675ceb8fe3
89900	0	0.2114	оплачено со скидкой/ранним бронированием	89900	-2900	Стоимость абонемента или оплаты принята как персональная цена; разница к прайсу не больше 25%	c33adc29-9e5c-ee0e-b778-69675a862c00
114000	0	0	оплачено со скидкой/ранним бронированием	114000	-27000	Стоимость абонемента или оплаты принята как персональная цена; разница к прайсу не больше 25%	8ef3b581-d6f6-acd6-c7b3-69bba872d8f4
89900	0	0.2114	оплачено со скидкой/ранним бронированием	89900	-2900	Стоимость абонемента или оплаты принята как персональная цена; разница к прайсу не больше 25%	14ea9e5a-34b1-2a2d-0088-69675ebcf947
95900	0	0.1588	оплачено со скидкой/ранним бронированием	95900	-8900	Стоимость абонемента или оплаты принята как персональная цена; разница к прайсу не больше 25%	804349c4-a9ff-4e62-8afd-6a0d768f75b9
108300	0	0.05	оплачено со скидкой/ранним бронированием	108300	-21300	Стоимость абонемента или оплаты принята как персональная цена; разница к прайсу не больше 25%	7fa274d2-62ca-b0e1-3e3a-69e1d784762f
102000	0	0.1053	оплачено со скидкой/ранним бронированием	102000	-15000	Стоимость абонемента или оплаты принята как персональная цена; разница к прайсу не больше 25%	6c6dee04-6a47-32ae-164d-698c53fb0660
114000	0	0	оплачено со скидкой/ранним бронированием	114000	-27000	Стоимость абонемента или оплаты принята как персональная цена; разница к прайсу не больше 25%	766eb846-4a44-8b9e-0fbf-69e9cdab988a
99600	0	0.1263	оплачено со скидкой/ранним бронированием	99600	-12600	Стоимость абонемента или оплаты принята как персональная цена; разница к прайсу не больше 25%	262ef3e1-ff35-4569-2503-69b13e4df555
102600	0	0.1	оплачено со скидкой/ранним бронированием	102600	-15600	Стоимость абонемента или оплаты принята как персональная цена; разница к прайсу не больше 25%	1c3cc72a-5103-b95b-aa50-69d3aba4fc09
91800	0	0.1947	оплачено со скидкой/ранним бронированием	91800	-4800	Стоимость абонемента или оплаты принята как персональная цена; разница к прайсу не больше 25%	1dcc6ab6-608f-6a1a-3458-69a7f62191fe
99600	0	0.1263	оплачено со скидкой/ранним бронированием	99600	-12600	Стоимость абонемента или оплаты принята как персональная цена; разница к прайсу не больше 25%	710e5e41-7d02-c77c-26a6-69a817cd2462
89900	0	0.2114	оплачено со скидкой/ранним бронированием	89900	-2900	Стоимость абонемента или оплаты принята как персональная цена; разница к прайсу не больше 25%	a32c69f1-4e81-8c3b-955a-696759484b47
114000	0	0	оплачено со скидкой/ранним бронированием	114000.0	-27000.0	Стоимость абонемента или оплаты принята как персональная цена; разница к прайсу не больше 25%	f19e07b0-1a91-c61a-c320-6a0d82ab4f7c
99600	0	0.1263	оплачено со скидкой/ранним бронированием	99600	-12600	Стоимость абонемента или оплаты принята как персональная цена; разница к прайсу не больше 25%	25010da8-cca8-55a4-2956-69b139dba132
95900	0	0.1588	оплачено со скидкой/ранним бронированием	95900	-8900	Стоимость абонемента или оплаты принята как персональная цена; разница к прайсу не больше 25%	ca2372c7-4aa1-3ee3-a4df-69709031ceb2
114000	114000	1	нет оплаты			Подтвержденной оплаты ЛВШ-2026 не найдено	
74727.5	0	-0.0069	оплачено	74727.5	12272.5	Оплата покрывает персональную цену	8193a555-3a5d-bde7-2346-6980829be221
86310	0	0.2429	оплачено со скидкой/ранним бронированием	86310	690	Стоимость абонемента или оплаты принята как персональная цена; разница к прайсу не больше 25%	2a860488-ebe0-1eb1-cf7f-697cb147d101
85405	0	0.2508	оплачено	85405.0	1595.0	Оплата покрывает персональную цену	f37a06e7-7ec2-c0bc-a88b-69675bbfdbeb
114000	0	0	оплачено со скидкой/ранним бронированием	114000	-27000	Стоимость абонемента или оплаты принята как персональная цена; разница к прайсу не больше 25%	953b89f9-e256-440b-7c68-69c3a20b002d
114000	114000	1	нет оплаты			Подтвержденной оплаты ЛВШ-2026 не найдено	
86310	0	0.2429	оплачено со скидкой/ранним бронированием	86310	690	Стоимость абонемента или оплаты принята как персональная цена; разница к прайсу не больше 25%	623ac866-c8af-4d4a-b35d-697a687efe54
114000	0	0	оплачено со скидкой/ранним бронированием	114000	-27000	Стоимость абонемента или оплаты принята как персональная цена; разница к прайсу не больше 25%	786864fc-101e-8f01-89b7-69e9ca9a34bd
95900	0	0.1588	оплачено со скидкой/ранним бронированием	95900	-8900	Стоимость абонемента или оплаты принята как персональная цена; разница к прайсу не больше 25%	32e1a2b1-43fb-c525-7706-6983675ed4ad
114000	0	0	оплачено со скидкой/ранним бронированием	114000	-27000	Стоимость абонемента или оплаты принята как персональная цена; разница к прайсу не больше 25%	395d787f-b517-3a89-6f54-69d76a3e7cd8
30000	0	0.7368	оплачено			Оплата покрывает персональную цену	
99600	0	0.1263	оплачено со скидкой/ранним бронированием	99600	-12600	Стоимость абонемента или оплаты принята как персональная цена; разница к прайсу не больше 25%	821f7fa5-7a23-7609-2a7c-6a0dce3e7eba
85405	0	0.2508	оплачено	85405	1595	Оплата покрывает персональную цену	b8e75424-1b9f-1e82-e9c0-69b1701a8bba
86310	0	0.2429	оплачено со скидкой/ранним бронированием	86310	690	Стоимость абонемента или оплаты принята как персональная цена; разница к прайсу не больше 25%	6a33782b-550e-aa61-f02e-698396a98ff3
99600	0	0.1263	оплачено со скидкой/ранним бронированием	99600	-12600	Стоимость абонемента или оплаты принята как персональная цена; разница к прайсу не больше 25%	c23d6182-8adc-cd52-3e0a-69a816759e58
89900	0	0.2114	оплачено со скидкой/ранним бронированием	89900	-2900	Стоимость абонемента или оплаты принята как персональная цена; разница к прайсу не больше 25%	c44c1714-d38b-8329-9b2c-69675a5b81b9
114000	0	0	оплачено со скидкой/ранним бронированием	114000	-27000	Стоимость абонемента или оплаты принята как персональная цена; разница к прайсу не больше 25%	b724278c-cadf-1dc7-6d19-69bbac972b77
91105	0	0.2008	оплачено со скидкой/ранним бронированием	91105	-4105	Стоимость абонемента или оплаты принята как персональная цена; разница к прайсу не больше 25%	c67502a8-5824-27a2-22d3-6981f1e675dc
85405	0	0.2508	оплачено	85405	1595	Оплата покрывает персональную цену	ddeb4e15-d546-d658-bef2-696758255e13
85405	0	0.2508	оплачено	85405	1595	Оплата покрывает персональную цену	28ab6a30-35b2-9951-9c0a-69675e8dd096
114000	0	0	оплачено со скидкой/ранним бронированием	114000	-27000	Стоимость абонемента или оплаты принята как персональная цена; разница к прайсу не больше 25%	8c3fd701-e05c-c393-82cf-69cd0219b4a6
86310	0	0.2429	оплачено со скидкой/ранним бронированием	86310	690	Стоимость абонемента или оплаты принята как персональная цена; разница к прайсу не больше 25%	24925d0d-7da8-7ed3-1923-698392cfa675
99600	0	0.1263	оплачено со скидкой/ранним бронированием	99600	-12600	Стоимость абонемента или оплаты принята как персональная цена; разница к прайсу не больше 25%	a70a3afb-cae9-a2a7-cae4-69d774118d55
85405	0	0.2508	оплачено	85405	1595	Оплата покрывает персональную цену	59696830-8c23-aad1-f639-69d774bbf59b
79610	0	0.3017	оплачено	79610	7390	Оплата покрывает персональную цену	82d88a3e-6ee1-7972-f9fa-69787ec8169c
95900	0	0.1588	оплачено со скидкой/ранним бронированием	95900	-8900	Стоимость абонемента или оплаты принята как персональная цена; разница к прайсу не больше 25%	e4cf732e-c249-1ca3-f62a-69a81b6b0334
99600	0	0.1263	оплачено со скидкой/ранним бронированием	99600	-12600	Стоимость абонемента или оплаты принята как персональная цена; разница к прайсу не больше 25%	ca33cc1f-e4ae-1bcc-9d9b-699ecfa096bc
114000	0	0	оплачено со скидкой/ранним бронированием	114000	-27000	Стоимость абонемента или оплаты принята как персональная цена; разница к прайсу не больше 25%	5bfe55ac-0e73-5b13-d290-69ccfc565e4f
94620	0	0.17	оплачено со скидкой/ранним бронированием	94620	-7620	Стоимость абонемента или оплаты принята как персональная цена; разница к прайсу не больше 25%	a4d1185e-b8aa-0550-6da1-69a81892f5a3
114000	0	0	оплачено со скидкой/ранним бронированием	114000	-27000	Стоимость абонемента или оплаты принята как персональная цена; разница к прайсу не больше 25%	9973ef34-6297-e75d-a802-69e0c0935826
99600	0	0.1263	оплачено со скидкой/ранним бронированием	99600	-12600	Стоимость абонемента или оплаты принята как персональная цена; разница к прайсу не больше 25%	1934739e-bf4a-28e4-fd2c-69a81b9df0ae
91105	0	0.2008	оплачено со скидкой/ранним бронированием	91105	-4105	Стоимость абонемента или оплаты принята как персональная цена; разница к прайсу не больше 25%	4e51958c-bfb1-447b-99d0-69839077ea39
114000	0	0	оплачено со скидкой/ранним бронированием	114000	-27000	Стоимость абонемента или оплаты принята как персональная цена; разница к прайсу не больше 25%	8d7c03b9-fc4c-cbdf-07c8-6a0c60d93eff
89640	0	0.2137	оплачено со скидкой/ранним бронированием	89640	-2640	Стоимость абонемента или оплаты принята как персональная цена; разница к прайсу не больше 25%	3c7d53ae-5d59-564a-6ed7-69a7eaeac962
114000	0	-0.5	оплачено	114000	-27000	Оплата покрывает персональную цену	36c361d9-59b5-35b8-8323-69e8c3f1967b
83800	0	0.2649	оплачено	83800	3200	Оплата покрывает персональную цену	d591fa5e-1f89-f53d-1dd7-69675d6fdca2
108300	0	0.05	оплачено со скидкой/ранним бронированием	108300	-21300	Стоимость абонемента или оплаты принята как персональная цена; разница к прайсу не больше 25%	77b5db65-d436-ea27-298c-69f075d841a9
85405	0	0.2508	оплачено	85405	1595	Оплата покрывает персональную цену	8b7a052d-7b49-74c1-ee11-69cbbb524148
89900	0	0.2114	оплачено со скидкой/ранним бронированием	89900	-2900	Стоимость абонемента или оплаты принята как персональная цена; разница к прайсу не больше 25%	351073d8-b253-613d-1e29-69675dfa3445
91105	0	0.2008	оплачено со скидкой/ранним бронированием	91105	-4105	Стоимость абонемента или оплаты принята как персональная цена; разница к прайсу не больше 25%	ba634474-7808-0922-6cc3-6981ebc4b529
91105	0	0.2008	оплачено со скидкой/ранним бронированием	91105	-4105	Стоимость абонемента или оплаты принята как персональная цена; разница к прайсу не больше 25%	1895c2fd-e5e5-f719-9dd8-698391581ecb
89600	0	0.214	оплачено со скидкой/ранним бронированием	89600	-2600	Стоимость абонемента или оплаты принята как персональная цена; разница к прайсу не больше 25%	ca2c9fd3-663c-91be-1f97-69a7eafa5ade
108300	0	0.05	оплачено со скидкой/ранним бронированием	108300	-21300	Стоимость абонемента или оплаты принята как персональная цена; разница к прайсу не больше 25%	36a539b6-53ee-b90c-97a8-69f2fff7ae8f
102000	0	0.1053	оплачено со скидкой/ранним бронированием	102000.0	-15000.0	Стоимость абонемента или оплаты принята как персональная цена; разница к прайсу не больше 25%	e4f4c608-7c87-bc81-8853-699ecc2eab36
114000	0	0	оплачено со скидкой/ранним бронированием	114000	-27000	Стоимость абонемента или оплаты принята как персональная цена; разница к прайсу не больше 25%	318fe109-3b6d-2084-92bf-69e9cde8d0c0
114000	0	0	оплачено со скидкой/ранним бронированием	114000	-27000	Стоимость абонемента или оплаты принята как персональная цена; разница к прайсу не больше 25%	b2fd3b49-b495-5a9f-0e11-6a01c448bb8a
83800	0	0.2649	оплачено	83800.0	3200.0	Оплата покрывает персональную цену	ed90b96f-de5d-3a65-4f8f-699d8ab0ec26
96900	0	0.15	оплачено со скидкой/ранним бронированием	96900	-9900	Стоимость абонемента или оплаты принята как персональная цена; разница к прайсу не больше 25%	2a420157-c1c9-1943-2753-69a7f2d25bd4
94600	0	0.1702	оплачено со скидкой/ранним бронированием	94600	-7600	Стоимость абонемента или оплаты принята как персональная цена; разница к прайсу не больше 25%	2a80c5e5-1d75-86ec-37c7-69e1d7b391ae
102000	0	0.1053	оплачено со скидкой/ранним бронированием	102000.0	-15000.0	Стоимость абонемента или оплаты принята как персональная цена; разница к прайсу не больше 25%	ee09c03a-0dc0-a77e-ece4-69df46eaf29d
89900	0	0.2114	оплачено со скидкой/ранним бронированием	89900.0	-2900.0	Стоимость абонемента или оплаты принята как персональная цена; разница к прайсу не больше 25%	eba3de9f-9356-065f-22f8-69675c503591
99600	0	0.1263	оплачено со скидкой/ранним бронированием	99600	-12600	Стоимость абонемента или оплаты принята как персональная цена; разница к прайсу не больше 25%	2e2e6bca-5c6e-f40c-c985-69a816c748ab
84660	0	0.2574	оплачено	84660	2340	Оплата покрывает персональную цену	4b560a33-7f05-695b-4b7c-69a7f6a20edb
91105	0	0.2008	оплачено со скидкой/ранним бронированием	91105	-4105	Стоимость абонемента или оплаты принята как персональная цена; разница к прайсу не больше 25%	4010f275-a560-4d5c-d0e4-697dcc48c3ec
114000	0	0	оплачено со скидкой/ранним бронированием	114000.0	-27000.0	Стоимость абонемента или оплаты принята как персональная цена; разница к прайсу не больше 25%	e793890a-3796-fecf-9a08-69f069e57d32
114000	0	0	оплачено со скидкой/ранним бронированием	114000	-27000	Стоимость абонемента или оплаты принята как персональная цена; разница к прайсу не больше 25%	97bd0308-6638-f9cc-4e75-69e1d8e729f1
114000	0	0	оплачено со скидкой/ранним бронированием	114000	-27000	Стоимость абонемента или оплаты принята как персональная цена; разница к прайсу не больше 25%	889ffe08-6875-03ef-6b7b-69e1d87e2e52
114000	0	0	оплачено со скидкой/ранним бронированием	114000	-27000	Стоимость абонемента или оплаты принята как персональная цена; разница к прайсу не больше 25%	9124527c-2710-19ba-972e-69e1d87ce99b
114000	0	0	оплачено со скидкой/ранним бронированием	114000	-27000	Стоимость абонемента или оплаты принята как персональная цена; разница к прайсу не больше 25%	cd182733-71a3-8ced-9412-69d764fc9653
114000	0	0	оплачено со скидкой/ранним бронированием	114000	-27000	Стоимость абонемента или оплаты принята как персональная цена; разница к прайсу не больше 25%	e44d9956-d90b-dbbb-9186-6a0c5f793cb7
95900	0	0.1588	оплачено со скидкой/ранним бронированием	95900	-8900	Стоимость абонемента или оплаты принята как персональная цена; разница к прайсу не больше 25%	587a75aa-0446-9035-f0d9-69675867781a
114000	114000	1	нет оплаты			Подтвержденной оплаты ЛВШ-2026 не найдено	
114000	0	0	оплачено со скидкой/ранним бронированием	114000.0	-27000.0	Стоимость абонемента или оплаты принята как персональная цена; разница к прайсу не больше 25%	f2758f6b-225e-bfa8-ef35-6a01c758eb4a
99600	0	0.1263	оплачено со скидкой/ранним бронированием	99600	-12600	Стоимость абонемента или оплаты принята как персональная цена; разница к прайсу не больше 25%	9aa959b1-d5dd-bda0-51ee-69a8184f941c
114000	0	0	оплачено со скидкой/ранним бронированием	114000	-27000	Стоимость абонемента или оплаты принята как персональная цена; разница к прайсу не больше 25%	14f38ce2-a8a9-abba-9ce1-69e8d1b03969
95900	0	0.1588	оплачено со скидкой/ранним бронированием	95900	-8900	Стоимость абонемента или оплаты принята как персональная цена; разница к прайсу не больше 25%	3841d3a2-2f2b-8e25-2bba-69708ccc9149
102600	0	0.1	оплачено со скидкой/ранним бронированием	102600	-15600	Стоимость абонемента или оплаты принята как персональная цена; разница к прайсу не больше 25%	c74b7527-8402-9d0d-10d8-6a01c5e23718
86310	0	0.2429	оплачено со скидкой/ранним бронированием	86310	690	Стоимость абонемента или оплаты принята как персональная цена; разница к прайсу не больше 25%	bfb2e9d8-a9bd-36ec-6683-69a81bcdd225
99600	0	0.1263	оплачено со скидкой/ранним бронированием	99600	-12600	Стоимость абонемента или оплаты принята как персональная цена; разница к прайсу не больше 25%	195a9d80-e01c-6c69-6005-69e1285a8bd3
102000	0	0.1053	оплачено со скидкой/ранним бронированием	102000	-15000	Стоимость абонемента или оплаты принята как персональная цена; разница к прайсу не больше 25%	2fa54cc5-9fe5-be8c-0472-6992df6ad1f8
91105	0	0.2008	оплачено со скидкой/ранним бронированием	91105	-4105	Стоимость абонемента или оплаты принята как персональная цена; разница к прайсу не больше 25%	9b67446b-29a8-bd32-3437-697a6cc6c72a
91105	45000	0.5956	частично/долг	91105	-4105	Оплата меньше персональной цены	8f6b3c75-9f40-d6fb-c0b4-69df6d750e7f
102600	0	0.1	оплачено со скидкой/ранним бронированием	102600	-15600	Стоимость абонемента или оплаты принята как персональная цена; разница к прайсу не больше 25%	69c6f25d-6e5d-5bdf-a432-6a0c5c55d13e
102600	0	0.1	оплачено со скидкой/ранним бронированием	102600	-15600	Стоимость абонемента или оплаты принята как персональная цена; разница к прайсу не больше 25%	902a0119-0f87-64c1-4653-6a0c5bb50b6c
114000	0	0	оплачено со скидкой/ранним бронированием	114000	-27000	Стоимость абонемента или оплаты принята как персональная цена; разница к прайсу не больше 25%	6e72b124-790e-fa95-c306-69dce37c01ea
95900	0	0.1588	оплачено со скидкой/ранним бронированием	95900	-8900	Стоимость абонемента или оплаты принята как персональная цена; разница к прайсу не больше 25%	71eb7f88-b976-bcaf-a309-69675df2f3a5
114000	0	0	оплачено со скидкой/ранним бронированием	114000	-27000	Стоимость абонемента или оплаты принята как персональная цена; разница к прайсу не больше 25%	155f22a5-d978-3ff7-8242-69e0c357c3bb
95900	0	-0.5289	оплачено	78400, 95900	8600, -8900	Оплата покрывает персональную цену	4db8cdfe-abda-d2c1-0b66-69848ec41ad5, 9cd95aaa-81dd-eca8-e1a9-69dce38ada95
91105	0	0.2008	оплачено со скидкой/ранним бронированием	91105	-4105	Стоимость абонемента или оплаты принята как персональная цена; разница к прайсу не больше 25%	64ad536c-2e3c-31d8-6696-698c548bb182
89900	0	0.2114	оплачено со скидкой/ранним бронированием	89900	-2900	Стоимость абонемента или оплаты принята как персональная цена; разница к прайсу не больше 25%	b8593385-ad24-88d0-5be9-69675e9a3704
91105	0	0.2008	оплачено со скидкой/ранним бронированием	91105	-4105	Стоимость абонемента или оплаты принята как персональная цена; разница к прайсу не больше 25%	9a70596c-369c-e24e-3fad-6981ebd1ba98
95900	450	0.1627	частично/долг	95900	-8900	Оплата меньше персональной цены	c57f201e-64ca-4d88-a262-69b17028c417
89900	0	0.2114	оплачено со скидкой/ранним бронированием	89900	-2900	Стоимость абонемента или оплаты принята как персональная цена; разница к прайсу не больше 25%	4f904a14-d512-a305-fcb1-69675c7c8ae6
103300	0	0.0939	оплачено со скидкой/ранним бронированием	103300.0	-16300.0	Стоимость абонемента или оплаты принята как персональная цена; разница к прайсу не больше 25%	e713bda7-73e1-5a31-a62b-69f07531dfbf
114000	114000	1	нет оплаты			Подтвержденной оплаты ЛВШ-2026 не найдено	
83800	0	0.2649	оплачено	83800	3200	Оплата покрывает персональную цену	708c1e72-e2a3-4b2f-c3c2-69675cd14dc7
91105	0	0.2008	оплачено со скидкой/ранним бронированием	91105	-4105	Стоимость абонемента или оплаты принята как персональная цена; разница к прайсу не больше 25%	2b9208fc-05dd-5044-a055-69708b8e5256
114000	0	0	оплачено со скидкой/ранним бронированием	114000	-27000	Стоимость абонемента или оплаты принята как персональная цена; разница к прайсу не больше 25%	7d93f1c0-874a-d0df-a310-69c2626897b4
99600	0	0.1263	оплачено со скидкой/ранним бронированием	99600	-12600	Стоимость абонемента или оплаты принята как персональная цена; разница к прайсу не больше 25%	52676580-c1fc-585c-f141-69a15c129d10
108300	0	0.05	оплачено со скидкой/ранним бронированием	108300	-21300	Стоимость абонемента или оплаты принята как персональная цена; разница к прайсу не больше 25%	41af0b94-ce99-a12b-1a5c-6a0ef2fddb28
114000	0	0	оплачено со скидкой/ранним бронированием	114000	-27000	Стоимость абонемента или оплаты принята как персональная цена; разница к прайсу не больше 25%	1cddfde2-16ed-14dd-f706-6a1813b9d168
91107.5	0	0.2008	оплачено со скидкой/ранним бронированием	91107.5	-4107.5	Стоимость абонемента или оплаты принята как персональная цена; разница к прайсу не больше 25%	972600cf-8d0c-0ca9-8470-69a81e4a7c81
114000	0	0	оплачено со скидкой/ранним бронированием	114000	-27000	Стоимость абонемента или оплаты принята как персональная цена; разница к прайсу не больше 25%	9e0ca3c5-e59d-d155-2a02-69e9cce1a99f
89900	0	0.2114	оплачено со скидкой/ранним бронированием	89900	-2900	Стоимость абонемента или оплаты принята как персональная цена; разница к прайсу не больше 25%	1283358f-6515-db3b-5d61-69b1717bb32f
114000	0	0	оплачено со скидкой/ранним бронированием	114000	-27000	Стоимость абонемента или оплаты принята как персональная цена; разница к прайсу не больше 25%	99d25499-bdef-d98c-7dc3-69d64075656f
85405	0	0.2508	оплачено	85405	1595	Оплата покрывает персональную цену	e43c8923-a60a-0d94-7ae5-69dcc23b6e69
91105	0	0.2008	оплачено со скидкой/ранним бронированием	91105.0	-4105.0	Стоимость абонемента или оплаты принята как персональная цена; разница к прайсу не больше 25%	e929f587-6741-120f-4e84-69c3a1cac9a7
114000	0	0	оплачено со скидкой/ранним бронированием	114000	-27000	Стоимость абонемента или оплаты принята как персональная цена; разница к прайсу не больше 25%	6e46e98d-aaa9-67b5-4b5d-69f06975bd23
79500	0	0.3026	оплачено	79500	7500	Оплата покрывает персональную цену	89f7712f-67fd-ac34-ad87-6967588a442b
79500	0	0.3026	оплачено	79500.0	7500.0	Оплата покрывает персональную цену	e9f4f314-f268-1bf2-87a3-69675eafcd24
114000	0	0	оплачено со скидкой/ранним бронированием	114000	-27000	Стоимость абонемента или оплаты принята как персональная цена; разница к прайсу не больше 25%	18d50bec-7a96-2cda-39d7-69d76198df9e
95900	0	0.1588	оплачено со скидкой/ранним бронированием	95900	-8900	Стоимость абонемента или оплаты принята как персональная цена; разница к прайсу не больше 25%	2aaccb23-f45d-cdd7-d3f1-6981e5493dfa
106200	0	0.0684	оплачено со скидкой/ранним бронированием	106200	-19200	Стоимость абонемента или оплаты принята как персональная цена; разница к прайсу не больше 25%	a1d6cb03-ec58-7cc9-32f6-69cbbbabb5a9
84728	0	0.2568	оплачено	84728.0	2272.0	Оплата покрывает персональную цену	df80884f-2842-018c-eea9-6981eb359c40
91105	0	0.2008	оплачено со скидкой/ранним бронированием	91105	-4105	Стоимость абонемента или оплаты принята как персональная цена; разница к прайсу не больше 25%	3f8e4e65-17c7-09c5-59c9-698393b4b758
99600	0	0.1263	оплачено со скидкой/ранним бронированием	99600	-12600	Стоимость абонемента или оплаты принята как персональная цена; разница к прайсу не больше 25%	b431fe78-4bea-c009-9943-69a5ad6049e9
99600	0	0.1263	оплачено со скидкой/ранним бронированием	99600	-12600	Стоимость абонемента или оплаты принята как персональная цена; разница к прайсу не больше 25%	246eb11f-b175-8c00-7297-69a15bef11e3
89900	0	0.2114	оплачено со скидкой/ранним бронированием	89900	-2900	Стоимость абонемента или оплаты принята как персональная цена; разница к прайсу не больше 25%	a4abb284-fa24-00c4-5011-69675eeff62b
114000	0	0	оплачено со скидкой/ранним бронированием	114000	-27000	Стоимость абонемента или оплаты принята как персональная цена; разница к прайсу не больше 25%	3d1b4784-af14-3a87-72f9-6a0d8276b47c
71920	0	0.3691	оплачено	71920	15080	Оплата покрывает персональную цену	3d18b78c-a6f1-e2ce-5345-6967596d1e71
114000	0	0	оплачено со скидкой/ранним бронированием	114000	-27000	Стоимость абонемента или оплаты принята как персональная цена; разница к прайсу не больше 25%	b1fd1d1c-03f6-4ecd-9b90-69df43480eb3
95900	0	0.1588	оплачено со скидкой/ранним бронированием	95900	-8900	Стоимость абонемента или оплаты принята как персональная цена; разница к прайсу не больше 25%	8bc118c5-80c1-5b1b-7824-69bba9dcebf5
106020	0	0.07	оплачено со скидкой/ранним бронированием	106020	-19020	Стоимость абонемента или оплаты принята как персональная цена; разница к прайсу не больше 25%	7d3f81a4-35cc-3e77-3ae9-69d640d06da7
114000	0	0	оплачено со скидкой/ранним бронированием	114000	-27000	Стоимость абонемента или оплаты принята как персональная цена; разница к прайсу не больше 25%	77b9d32a-4a6d-458f-2df9-6a0dce88f6eb
114000	0	0	оплачено со скидкой/ранним бронированием	114000	-27000	Стоимость абонемента или оплаты принята как персональная цена; разница к прайсу не больше 25%	3f4f4a32-71c6-58e2-2e16-69e091508602
108300	0	0.05	оплачено со скидкой/ранним бронированием	108300	-21300	Стоимость абонемента или оплаты принята как персональная цена; разница к прайсу не больше 25%	9828ae4e-3b60-d332-3b71-69df459da517
108300	0	0.05	оплачено со скидкой/ранним бронированием	108300	-21300	Стоимость абонемента или оплаты принята как персональная цена; разница к прайсу не больше 25%	6dbc2914-8f9e-d4df-7dcf-6a0c5ce82e54
99600	0	0.1263	оплачено со скидкой/ранним бронированием	99600	-12600	Стоимость абонемента или оплаты принята как персональная цена; разница к прайсу не больше 25%	627a09f7-2727-3bc3-9239-69b13deb7079
114000	0	0	оплачено со скидкой/ранним бронированием	114000	-27000	Стоимость абонемента или оплаты принята как персональная цена; разница к прайсу не больше 25%	74eb054d-318c-0539-bdc1-69e9c9b88182
99600	0	0.1263	оплачено со скидкой/ранним бронированием	99600	-12600	Стоимость абонемента или оплаты принята как персональная цена; разница к прайсу не больше 25%	65a10b07-4763-4b7b-1150-6998aa7dce26
105752	0	0.0724	оплачено со скидкой/ранним бронированием	105752	-18752	Стоимость абонемента или оплаты принята как персональная цена; разница к прайсу не больше 25%	524a5b4b-ace8-1a2e-fdd8-69c268accc76
114000	0	0	оплачено со скидкой/ранним бронированием	114000	-27000	Стоимость абонемента или оплаты принята как персональная цена; разница к прайсу не больше 25%	4eb32f96-8586-8c5e-557a-69f073657d8f
108300	0	0.05	оплачено со скидкой/ранним бронированием	108300	-21300	Стоимость абонемента или оплаты принята как персональная цена; разница к прайсу не больше 25%	da82611f-dbfe-e841-f489-69df4645b575
99600	0	0.1263	оплачено со скидкой/ранним бронированием	99600	-12600	Стоимость абонемента или оплаты принята как персональная цена; разница к прайсу не больше 25%	8c5d3560-ca30-4b0e-1005-69a81621b5e0
114000	0	0	оплачено со скидкой/ранним бронированием	114000	-27000	Стоимость абонемента или оплаты принята как персональная цена; разница к прайсу не больше 25%	b77641b8-d82e-5e3d-5922-69c26311ec72
114000	0	0	оплачено со скидкой/ранним бронированием	114000	-27000	Стоимость абонемента или оплаты принята как персональная цена; разница к прайсу не больше 25%	8b996e2a-a6d4-90f6-bbc9-6a141db24152
114000	114000	1	нет оплаты			Подтвержденной оплаты ЛВШ-2026 не найдено	
95900	0	0.1588	оплачено со скидкой/ранним бронированием	95900	-8900	Стоимость абонемента или оплаты принята как персональная цена; разница к прайсу не больше 25%	6741350e-529d-d60a-64cf-69c3a051ea8e
91105	0	0.2008	оплачено со скидкой/ранним бронированием	91105	-4105	Стоимость абонемента или оплаты принята как персональная цена; разница к прайсу не больше 25%	cf369a56-b7a5-2aae-db2b-6981eab3979d
95900	0	-0.5289	оплачено	95900	-8900	Оплата покрывает персональную цену	beefa6ab-de8a-b82a-fd68-69bbb0009978
108000	0	0.0526	оплачено со скидкой/ранним бронированием	108000	-21000	Стоимость абонемента или оплаты принята как персональная цена; разница к прайсу не больше 25%	885e8209-6052-a0c9-7154-69f06f12b6fc
114000	0	0	оплачено со скидкой/ранним бронированием	114000	-27000	Стоимость абонемента или оплаты принята как персональная цена; разница к прайсу не больше 25%	6139e79c-339b-f9d7-2567-69cbc0c30b33
114000	0	0	оплачено со скидкой/ранним бронированием	114000	-27000	Стоимость абонемента или оплаты принята как персональная цена; разница к прайсу не больше 25%	648509fb-496a-b427-1366-6a01c53d6943
114000	0	0	оплачено со скидкой/ранним бронированием	114000	-27000	Стоимость абонемента или оплаты принята как персональная цена; разница к прайсу не больше 25%	4c0fe072-b697-63a7-52d7-6a0de80f09ca
89900	0	0.2114	оплачено со скидкой/ранним бронированием	89900	-2900	Стоимость абонемента или оплаты принята как персональная цена; разница к прайсу не больше 25%	a7e1056a-46ab-b4d1-19d5-69675adc6991
102600	0	0.1	оплачено со скидкой/ранним бронированием	102600	-15600	Стоимость абонемента или оплаты принята как персональная цена; разница к прайсу не больше 25%	c92f30e2-9c8b-4cd0-ee9e-6a0d82722474
