schema_version,run_index,provider_mode,dialog_id,active_brand,priority_note,message_count,target_message_id,target_date,current_client_message,previous_context,snapshot_run_id,selected_chunk_count,manager_patterns_count,knowledge_snippets,required_fact_keys,freshness_blocks,facts_fresh,used_kb_context,message_type,broad_group,topic_id,confidence_theme,confidence_group,alternative_themes,risk_level,route,draft_text,manager_checklist,missing_facts,context_warnings,safety_flags,forbidden_promises_detected,context_used,manager_followup_required,manager_followup_deadline,error
telegram_stage6_kb_eval_v1,1,codex,1006885321,foton,,4,5092,2024-08-15T10:01:58+00:00,"Добрый день! Подскажите пожалуйста, мы зарегистрировались на математику. Остальные курсы добавятся в соответствии с программой?","2024-08-13T08:43:59+00:00 client: Добрый день! Когда мы получим ссылку на обучение, которое начнётся 15 августа?
2024-08-13T10:32:36+00:00 manager: Добрый день. Ссылка Вам поступит 14 августа.
2024-08-13T11:49:46+00:00 client: Спасибо!",kb_release_20260518_v3_3,6,,"[""lvsh mendeleevo 2026 / program / daily pairs: Фотон: ЛВШ Менделеево, пар в день — 3 пары."", ""lvsh mendeleevo 2026 / accommodation / meals per day: Фотон: в ЛВШ Менделеево предусмотрено 5 приёмов пищи в день."", ""bot policy / approved phrases / theme 11 contract / foton: Договор пришлёт менеджер в ближайшие дни на email. Подскажите email."", ""prices regular 2026 27 / early booking 2026 27 / benefit: Фотон: цены на 2026/27 учебный год — Зафиксировать цену + выбрать день недели."", ""ls city 2026 foton / moscow foton / prices / plus full: Фотон: городской летний лагерь, Москва, расширенный вариант на полный день — 59 000 ₽."", ""matkap / client safe text / when asked: Да, оплата материнским капиталом возможна. Работаем с федеральным маткапиталом. Менеджер пришлёт перечень документов и поможет с оформлением через СФР. Подскажите ФИО ребёнка и какой курс рассматриваете.""]",[],[],False,True,question,education,theme:016_program,0.78,0.86,"[""theme:020_enrollment"", ""theme:025_missing_links_access""]",medium,draft_for_manager,"Добрый день! Уточню по вашей регистрации и выбранной программе. Остальные курсы добавляются, если они входят в оформленную программу или пакет. Проверю, что именно указано по вашей записи, и подскажу, какие курсы должны появиться и в какие сроки.","[""Проверить, на какую программу или пакет зарегистрирован клиент"", ""Проверить, должны ли добавляться другие курсы кроме математики"", ""Проверить, где именно клиент ожидает увидеть курсы: личный кабинет, платформа, расписание""]","[""точная программа или пакет клиента"", ""список курсов, которые должны входить в программу"", ""сроки и место добавления курсов""]","[""нет подтвержденных данных по конкретной регистрации клиента"", ""исторический контекст не считать свежим источником фактов""]","[""manager_approval_required"", ""no_auto_send""]",[],"[""recent_messages"", ""rop_policy"", ""knowledge_snippets""]",True,,
telegram_stage6_kb_eval_v1,2,codex,1063099421,foton,priority_refund_case,5,5114,2024-08-15T21:49:11+00:00,"В случае невозможности замены класса, как можно получить возврат платежа?","2024-08-14T04:31:36+00:00 client: Добрый день! Я оплатил в середине мая следующие летние занятия для моего сына: >> Онлайн ФизМат и IT школы 5 10 класс: 1 смена К сожалению я еще не получил никакой информации о том, когда эти занятия начинаются и что необходимо подготовить для участия. Сообщите, пожалуйста, что мне необходимо сделать для получения этой информации и доступа к вашей платформе. С уважением, Денисов Павел Геннадьевич.
2024-08-14T08:07:21+00:00 manager: Добрый день. Письмо с ссылками на подключение было Вам сегодня отправлено. В случае, если письмо не дошло, напишите пожалуйста нам в этом чате.
2024-08-14T13:32:24+00:00 client: Получил, спасибо
2024-08-15T13:53:44+00:00 client: Добрый день. Как выяснилось в первый день, нам прислали участие в летней школе для 7-8 класса, а наш ученик учится в пятом классе. Можно ли оперативно поменять класс?",kb_release_20260518_v3_3,6,,"[""bot policy / approved phrases / theme 11 contract / foton: Договор пришлёт менеджер в ближайшие дни на email. Подскажите email."", ""licenses / client safe summary: Фотон: у учебного центра есть лицензия на образовательную деятельность."", ""bot policy / approved phrases / theme 12 certificate / foton: Менеджер подготовит справку и пришлёт в течение 10 дней, постараемся раньше."", ""matkap / rule federal only: Фотон: по текущим правилам можно использовать федеральный материнский капитал."", ""matkap / child age / student max: Фотон: обучение с оплатой материнским капиталом возможно для ученика до 25 лет."", ""objection responses / too expensive course / 5: Фотон: черновик для ситуации «возражение о стоимости курса»: Можно рассрочка через Т-Банк.""]","[""documents.current""]","[{""blocks_precise_answer"": true, ""candidate_source_ids"": [], ""fact_key"": ""documents.current"", ""fact_type"": ""documents"", ""reason"": ""fact_source_missing"", ""safe_instruction"": ""Do not cite exact document, refund, tax, or legal terms without a fresh verified document source.""}]",False,True,question,commercial,theme:009_refund,0.9,0.94,"[""theme:010_change_terms""]",high,manager_only,"Здравствуйте! Сначала проверим, можем ли оперативно перевести ученика в подходящую по классу группу. Если замена не получится, подскажем порядок оформления возврата и какие данные понадобятся. Уточню информацию и вернусь с ответом.","[""Проверить, возможна ли замена на группу 5 класса."", ""Проверить актуальные правила и порядок возврата по этому платежу."", ""Не обещать возврат, сумму или срок до проверки договора и оплаты."", ""Высокорисковая тема: не отправлять клиенту без ручной проверки."", ""Исходное сообщение клиента содержит высокорисковую тему: проверить вручную.""]","[""возможность замены класса"", ""актуальный порядок возврата"", ""сумма и дата платежа"", ""договор или заявка клиента""]","[""facts_stale"", ""facts_missing""]","[""manager_approval_required"", ""no_auto_send"", ""high_risk_manager_only"", ""high_risk_input_manager_only"", ""baseline_high_risk_preserved""]",[],"[""recent_messages"", ""rop_policy"", ""knowledge_snippets""]",True,,
telegram_stage6_kb_eval_v1,3,codex,1081226575,foton,,8,10440,2025-01-24T06:36:31+00:00,"Радионов Фёдор, 7 класс (сейчас в 6), Радионова Екатерина Ивановна, 8-908-207-15-85, yekaterina.radionova.97@mail.ru","2025-01-24T04:47:09+00:00 client: Здравствуйте. Обучение на курсах нужно начинать только с начала учебного года? Если планируем поступить на курс ""информатика"" для 7 класса и окажется имеющихся знаний за 6 класс недостаточно, то сможет ли ребенок продолжать обучение на курсе? Есть ли в таком случае возможность докупить уроки в записи по интересующим темам за предыдущий класс?
2025-01-24T06:18:30+00:00 manager: Добрый день! Вы в этом учебном году хотите присоединиться к обучению? Сейчас идет единовременная оплата за учебный год - 42 500 руб. (35 занятий). После регистрации на платформе, Вам будут доступны записи и материалы всех занятий с начала учебного года с 21.09.
2025-01-24T06:23:55+00:00 client: А на будущий учебный год когда обычно открывается запись?
2025-01-24T06:34:26+00:00 manager: В апреле-мае. Могу Вас сейчас внести в список желающих и как появится информация, свяжемся с Вами.
2025-01-24T06:34:51+00:00 client: Да. Информатика 7 класс
2025-01-24T06:35:13+00:00 manager: Для записи нам понадобиться некоторая информация. Подскажите пожалуйста, ФИО ученика, класс, ФИО родителя, номер телефона, и адрес эл.почты.",kb_release_20260518_v3_3,6,,"[""contacts foton / email: Фотон: контакты — edu@cdpofoton.ru."", ""lvsh mendeleevo 2026 / audience: Фотон: ЛВШ Менделеево — 5-10 класс."", ""intensives 2026 / oge foton / classes: Фотон: интенсив 2026 рассчитан на 8-9 классы."", ""prices regular 2026 27 / early booking 2026 27 / online 5 11 semester: Фотон: цены на 2026/27 учебный год, 5-11 класс, онлайн — 29 750 ₽."", ""prices regular 2026 27 / early booking 2026 27 / online 5 11 year: Фотон: цены на 2026/27 учебный год, 5-11 класс, онлайн — 47 250 ₽."", ""lvsh mendeleevo 2026 / directions / it / classes: Фотон: ЛВШ Менделеево для IT-направления рассчитана на 7-10 классы.""]",[],[],False,True,context_update,commercial,theme:020_enrollment,0.9,0.92,[],medium,manager_only,"Данные для списка желающих получены: Радионов Фёдор, сейчас 6 класс, интересует информатика для 7 класса. Родитель: Радионова Екатерина Ивановна, телефон 8-908-207-15-85, email yekaterina.radionova.97@mail.ru. Клиенту можно коротко подтвердить получение данных после проверки менеджером.","[""Проверить, можно ли вручную внести данные в список желающих без live-записи через автоматизацию."", ""Проверить корректность класса: сейчас 6, нужен курс информатики для 7 класса на будущий учебный год."", ""Не писать в CRM автоматически."", ""Не отправлять клиенту без одобрения менеджера.""]",[],"[""Сообщение содержит персональные данные."", ""Это продолжение диалога без самостоятельного вопроса.""]","[""manager_approval_required"", ""no_auto_send"", ""message_type_context_update""]",[],"[""recent_messages"", ""rop_policy""]",True,,
telegram_stage6_kb_eval_v1,4,codex,1084253673,foton,priority_schedule_without_fresh_facts,12,12551,2025-07-09T08:28:23+00:00,"Если ученик пропустил  урок онлайн, то может посмотреть его в записи, а если пропущен урок оффлайн? Ребенок сможет как-то ознакомиться с материалами этого урока?","2025-07-09T07:11:52+00:00 client: Добрый день! Интересует курс математики для 3-4 классов. Скажите, пожалуйста, в режиме онлайн есть ли возможность заниматься в воскресные дни? И есть ли оффлайн в воскресные дни?
2025-07-09T07:39:14+00:00 manager: Добрый день! Какой именно класс у ученика?
2025-07-09T07:39:23+00:00 client: 3 класс
2025-07-09T08:19:12+00:00 manager: Ниже Вы можете ознакомиться с предметами и временем проведения занятий и выбрать интересующие вас направления. 3 класс Математика Суббота 10.40-12.00 (Базовый) Суббота 12.15-13.35 (Продвинутый) Суббота 13.50-15.10 (Олимпиадный) Воскресенье 10.40-12.00 (Базовый) Воскресенье 12.15-13.35 (Продвинутый) Воскресенье 13.50-15.10 (Олимпиадный) (количество мест в группах ограничено, распределение по группам определяется в порядке записи и по итогам вступительных тестирований) Занятия начнутся с 13-14 сентября. Каждый курс включает в себя 35 занятий только по выходным (один раз в неделю) по 2 академических часа. Курсы проходят по адресам: Суббота — Скорняжный пер. 3, стр. 1 (м. Сухаревская) Воскресенье — ул. Сретенка, 20 (м. Чистые пруды, Сухаревская).
2025-07-09T08:19:30+00:00 manager: за 1-й семестр (20 занятий) — 35 500 руб., за 2-й семестр (15 занятий) — 26 500 руб., за год (35 занятий)— 59 500 руб.
2025-07-09T08:20:12+00:00 manager: Ниже Вы можете ознакомиться с предметами и временем проведения занятий и выбрать интересующие вас направления. 3 класс Математика Суббота 10.00-11.20 (Базовый или Продвинутый)​​ (количество мест в группах ограничено, распределение по группам определяется в порядке записи и по итогам вступительных тестирований) Занятия начнутся с 13 — 14 сентября. Каждый курс включает в себя 35 занятий только по выходным (один раз в неделю) по 2 академических часа. В зависимости от класса и уровня группы занятия нацелены на углубленную подготовку по предметам, к экзаменам или олимпиадам. Подключение проходит через платформу MTS-link. Записи занятий доступны для просмотра на платформе после каждого урока.
2025-07-09T08:20:51+00:00 manager: Стоимость за один предмет составляет: 27 000 руб. — 20 занятий (Первый семестр) 42 500 руб. — 35 занятий (Академический год)
2025-07-09T08:25:33+00:00 client: Я правильно понимаю, что онлайн предлагается только суббота?",kb_release_20260518_v3_3,6,,"[""discounts / active student to summer camp: Фотон: для действующих учеников этого учебного центра доступна скидка 7% на любой летний лагерь."", ""online platform / recording: Фотон: онлайн-платформа, онлайн — да."", ""online platform / levels / 1: Фотон: онлайн-платформа, онлайн — базовый."", ""online platform / levels / 2: Фотон: онлайн-платформа, онлайн — продвинутый."", ""online platform / levels / 3: Фотон: онлайн-платформа, онлайн — олимпиадный."", ""installment / services / rassrochka / term months: Фотон: срок рассрочки может составлять 3-36 месяцев.""]",[],[],False,True,question,learning_process,theme:018_materials_homework,0.94,0.92,[],medium,draft_for_manager,"Здравствуйте! По онлайн-занятиям запись обычно помогает разобрать пропущенный урок. Если пропущено очное занятие, мы можем проверить по вашей группе, какие материалы доступны: тему урока, домашнее задание и дополнительные материалы, если они предусмотрены. Подскажите, пожалуйста, фамилию ученика и группу, чтобы сориентировать точнее.","[""Проверить группу и курс ученика"", ""Уточнить, какие материалы выдаются после пропуска очного занятия"", ""Не обещать запись очного урока без подтверждения""]","[""доступны ли материалы по конкретному очному уроку"", ""группа и курс ученика"", ""есть ли домашнее задание или методические материалы после пропуска""]","[""Нет подтвержденного свежего факта о порядке выдачи материалов после пропуска очного занятия""]","[""manager_approval_required"", ""no_auto_send""]",[],"[""recent_messages"", ""knowledge_snippets"", ""rop_policy""]",True,,
telegram_stage6_kb_eval_v1,5,codex,1195180485,foton,,7,6952,2024-09-22T10:13:17+00:00,"Здравствуйте, к сожалению ещё не связалась. Подскажите когда начинаются курсы? Или они уже идут?","2024-09-09T09:32:51+00:00 client: добрый день, я по поводу очных курсов для 3 класса. Хотела спросить по каким дням проходит, какая программа и сколько часов за 1 занятие
2024-09-10T11:32:45+00:00 manager: Добрый день! Для учеников 3 класса занятия проходят в Долгопрудном и в Москве. Подскажите, пожалуйста, где будет удобнее заниматься?
2024-09-10T13:36:11+00:00 client: я живу в лианозово, наверно Долгопрудный будет ближе всего
2024-09-11T14:30:59+00:00 manager: Ниже Вы можете ознакомиться с предметами и временем проведения занятий, и выбрать интересные вам направления. Математика СБ 11.30-12.50 или ВС 11.30-12.50 Физика СБ 13.00-14.20 или ВС 13.00-14.20 Информатика СБ 13.00-14.20 или ВС 13.00-14.20 Стоимость: - 5 950 рублей - 4 занятия - 28 250 - 1й семестр, 20 занятий (стоимость 2 семестра - 33 500) - 47 000 - учебный год, 35 занятий При записи на несколько курсов действует дополнительная скидка 10% на второй и последующие предметы
2024-09-22T09:54:09+00:00 manager: Добрый день! Скажите, пожалуйста, Вы в итоге записались на наши курсы? Связались ли уже с Вами наши сотрудники? Нужна ли какая-то помощь от меня?",kb_release_20260518_v3_3,6,,"[""bot policy / approved phrases / theme 11 contract / foton: Договор пришлёт менеджер в ближайшие дни на email. Подскажите email."", ""matkap / client safe text / when regional: К сожалению, региональный маткапитал не принимаем — только федеральный. Если у вас федеральный — менеджер подскажет порядок оформления."", ""matkap / client safe text / when asked: Да, оплата материнским капиталом возможна. Работаем с федеральным маткапиталом. Менеджер пришлёт перечень документов и поможет с оформлением через СФР. Подскажите ФИО ребёнка и какой курс рассматриваете."", ""installment / client safe text / when asked: У нас есть рассрочка через Т-Банк — до 500 000 ₽, до 36 месяцев. Подписание онлайн за 1-2 минуты по СМС. Также «Долями» — 4 равными частями без процентов (подходит для коротких программ). Подскажите курс — менеджер пришлёт ссылку на оформление."", ""lvsh mendeleevo 2026 / program / total academic hours: Фотон: ЛВШ Менделеево — 72+."", ""contacts foton / website: Фотон: контакты — cdpofoton.ru.""]","[""schedule.current""]","[{""blocks_precise_answer"": true, ""candidate_source_ids"": [], ""fact_key"": ""schedule.current"", ""fact_type"": ""schedule"", ""reason"": ""schedule_source_not_ready"", ""safe_instruction"": ""Do not name exact group time or lesson date. Use the schedule-safe template and ask manager to follow up.""}]",False,True,question,educational,theme:013_schedule,0.94,0.9,"[""theme:020_enrollment""]",medium,manager_only,"Здравствуйте! Уточню актуальное расписание и наличие мест по очным курсам для 3 класса: часть групп может уже идти, часть — открываться позже. Если Долгопрудный всё ещё удобен, напишите, пожалуйста, какие дни удобнее: суббота или воскресенье. После проверки вернусь с ближайшими вариантами и датой старта или подключения.","[""Проверить актуальное расписание очных курсов для 3 класса"", ""Проверить, есть ли группы в Долгопрудном и места в них"", ""Уточнить, группы уже идут или есть ближайший новый старт"", ""Не использовать расписание и цены из переписки 2024 года без проверки""]","[""schedule.current"", ""актуальные даты старта групп"", ""наличие мест в группах"", ""актуальная очная площадка для клиента""]","[""facts_stale"", ""facts_missing""]","[""manager_approval_required"", ""no_auto_send"", ""baseline_manager_only_preserved"", ""kb_route_not_allowed_to_weaken_baseline""]",[],"[""recent_messages"", ""rop_policy"", ""knowledge_snippets"", ""business_semantic_review""]",True,2026-05-19T21:13:19.315351+00:00,
telegram_stage6_kb_eval_v1,6,codex,1310123458,foton,,5,5029,2024-08-13T14:02:54+00:00,"1)Рассрочку можно оформить только в Т-банке? 
2) На каких условиях?","2024-08-11T15:17:37+00:00 client: Здравствуйте, меня заинтересовали онлайн курсы по подготовке к олимпиаде физтех. Можете пожалуйста проконсультировать по поводу оплаты в рассрочку.
2024-08-13T10:26:50+00:00 manager: Добрый день. Да, конечно. Какие у Вас вопросы?",kb_release_20260518_v3_3,6,,"[""individual lessons foton / format: Фотон: индивидуальные занятия — Только онлайн, 1-на-1."", ""matkap / rule federal only: Фотон: по текущим правилам можно использовать федеральный материнский капитал."", ""matkap / child age / student max: Фотон: обучение с оплатой материнским капиталом возможно для ученика до 25 лет."", ""objection responses / too expensive course / 5: Фотон: черновик для ситуации «возражение о стоимости курса»: Можно рассрочка через Т-Банк."", ""matkap / child age / sertificate owner min: Фотон: материнский капитал можно использовать, если ребёнку, на которого оформлен сертификат, исполнилось 3 года."", ""matkap / client safe text / when regional: К сожалению, региональный маткапитал не принимаем — только федеральный. Если у вас федеральный — менеджер подскажет порядок оформления.""]",[],[],False,True,question,commercial,theme:006_installment,0.96,0.94,"[""theme:002_payment_method""]",medium,manager_only,"Здравствуйте! По рассрочке для обучения в Фотоне сориентируем. Предварительно в материалах указан вариант через Т-Банк, но актуальный банк и условия нужно проверить перед оформлением: срок, платежи и доступность зависят от текущих правил и выбранной программы. Уточню свежие условия и подскажу вам точный порядок.","[""Проверить актуальный банк для рассрочки по Фотону"", ""Проверить текущие условия рассрочки: срок, первый платеж, переплата/комиссия, требования банка"", ""Уточнить программу и стоимость, если условия зависят от курса"", ""Не обещать одобрение рассрочки до подтверждения банка""]","[""актуальный банк или список банков для рассрочки"", ""точные условия рассрочки"", ""выбранная программа обучения"", ""актуальная стоимость обучения""]","[""facts_fresh=false"", ""historical_eval_not_live"", ""crm_write_forbidden""]","[""manager_approval_required"", ""no_auto_send"", ""baseline_manager_only_preserved"", ""kb_route_not_allowed_to_weaken_baseline""]",[],"[""recent_messages"", ""rop_policy"", ""knowledge_snippets""]",True,before_client_reply,
telegram_stage6_kb_eval_v1,7,codex,1415492438,foton,high_risk_text_marker,13,15218,2026-01-28T08:54:00+00:00,Сегодня с мужем обсудим и Вам сообщим!,"2026-01-27T14:44:10+00:00 client: Добрый вечер, хотела задать вопрос по летней школе !
2026-01-27T14:54:29+00:00 manager: Добрый вечер!
2026-01-27T14:54:37+00:00 manager: Какие вопросы у Вас возникли?
2026-01-27T15:33:53+00:00 client: Расскажите, пожалуйста, для июльской смены, 5 класс, какая примерная программа дня: сколько уроков, подъем, отбой и собирают ли телефоны?
2026-01-28T06:18:51+00:00 manager: Добрый день! Отправляем Вам информацию по Летним выездным школам для учеников, которые окончили 5 —10 класс. Даты проведения (смены 9 дней): 20 - 28 июня 2026 г. 18 - 26 июля 2026 г. В программу входит изучение следующих предметов на выбор: Математика + физика (окончили 5—10 кл.) Информатика + программирование (окончили 7—10 кл) Место проведения Московская обл, Солнечногорский р-он, Льяловское шоссе, д. 1. Учебно-спортивный комплекс «Менделеево» — охраняемая зеленая территория вдали от большого города. Проживание и питание Проживание по 3 человека в номере. В каждом номере кровати, тумбочки, большой шкаф, ванна, туалет. 5-ти разовое питание: завтрак, обед, полдник, ужин и сонник Занятия 3 занятия в день по 3 ак.ч. С 10:00 до 11:50 // 12:00-13:50 // 14:40 -16:30. Остальное время кружки, спортивные, интеллектуальные, командные, творческие мероприятия. Всех учеников делят на группы по 12-15 человек по классу и уровню знаний, чтобы обучение проходило в комфортном темпе и было полезно каждому. За каждой группой будет закреплен вожатый, который всегда будет вместе с группой. В свободное от занятий время будут проводиться: Квесты, командные интеллектуальные игры, познавательные лекции и демонстрации. Спортивные мероприятия, тимбилдинг (сплочение ребят), большая игра на всю смену с участием всех учеников, вожатых и преподавателей. Мини игры на свежем воздухе, настольные игры. Если ребенок не желает участвовать в мероприятиях, мы всегда предлагаем альтернативу - ""боталка"". Где с ребенком занимается ассистент педагога и помогает наверстать какую-либо тему, отвечает на вопросы и пр. Полная стоимость: 98 000 руб. При оплате до 1 февраля предоставляется скидка 20%. – 78 400 руб. Акции «Приведи друга» За каждого привлеченного нового ученика в Выездные школы, который не посещал Выездные школы ранее, привлекающий ученик получает кэшбэк в размере 5000 рублей на счет после окончания смены. Кэшбэк можно оставить на счете или получить безналичным переводом по заявлению на возврат. Необходимо проинформировать администрацию до начала смены о привлеченных учениках, направив письмо на edu@kmipt.ru. «Любимые клиенты» Для тех, кто был на предыдущих сменах в 2025 году 1 смена в 25 году - 5% 2 смены в 25 году - 10% 3-4 смены в 25 году - 15% 5 смен в 25 году – 20% 6 и более в 25 году - 30% Социальные сети смены: Telegram - канал с фото и видео отчетами о жизни учеников на смене: https://t.me/kmiptlvs
2026-01-28T06:20:29+00:00 manager: Распорядок дня 8:30 - Подъем Время, когда ученики просыпаются, умываются и готовятся к новому дню 8:50 - Зарядка Утром у всех проходит обязательная зарядка. Утренняя пробежка, танцевальная зарядка, турники. Каждый найдет вариант для себя. 9:30 - Завтрак Ученикам на выбор предлагают несколько вариантов каш, омлеты, блинчики, оладушки, творожные запеканки. 10:00 - 14:00 - 1-ая и 2-ая пары В это время происходит интенсивная учеба. Занятия Летней выездной школы проходят в группах по 10-12 человек. Ученики делятся по классу и уровню знаний. Каждое занятие длится 1 час 50 минут. 14:00 - Обед На обед ученикам представлен выбор первых и вторых блюд. Всегда есть нарезка из свежих овощей. 14:40 - 16:40 - 3-я пара Завершающее занятия учебного дня. 16:50 - Полдник После учебы ученики восполняют силы свежими и полезными фруктами. 17:00 - 19:00 - Время с вожатыми В это время проходят различные игры на свежем воздухе, турниры по настольным играм, а вожатые организуют квесты для сплочения и разнообразия досуга.. 18:00 - 19:00 - Кружки Для всех желающих, на сменах проводятся кружки и научно-популярные лекции. Расскажем о строении космоса, что такое криптография или как правильно фотографировать. 19:00 - Ужин Одно из самых вкусных времен за день! Салат цезарь и карбонара, а может домашняя котлетка с пюрешкой? Шведская линия накормит самого привередливого ученика. 20:00 - 21:30 - Вечернее мероприятие Вожатые готовят различные мероприятия чтобы всем было интересно и весело. Ученики почувствуют себя участниками передачи «Что? Где? Когда?», сходят на квиз, покрутят барабан и угадают слово в «Поле чудес», выступят с творческим номером от отряда. 21:30 - Свечка В конце дня каждый отряд отправляется на свечку, где ученики пообщаются, обменяются впечатлениями о дне и просто проведут время в спокойной и дружелюбной атмосфере своего уже любимого отряда 22:30 - Мягкий отбой Время, когда все ученики расходятся по своим комнатам. В это время ребята принимают душ, чистят зубы, созваниваются с родителями и готовятся ко сну. 22:50 - Полный отбой В это время ни в одной комнате не горит свет, а все ученики спят и набираются сил для завтрашнего дня
2026-01-28T06:20:59+00:00 manager: Телефоны у детей не забираем, но организуем удобную систему, чтобы они не отвлекались во время занятий. Для младших ребят (5–8 классы) во время учебных пар предусмотрено специальное место для хранения телефонов – они лежат на столе у преподавателя. Это помогает детям сосредоточиться на учебе, а после занятий они могут свободно пользоваться своими устройствами. Связаться с ребенком можно в свободное время – у нас есть специально отведенные часы для звонков. Мы также стараемся составить программу так, чтобы детям было интереснее участвовать в активностях, чем сидеть в телефоне. Перед сном вожатые проверяют, что все ребята отдыхают, а не проводят время в гаджетах. Мы заботимся о том, чтобы у детей был полноценный отдых и живое общение.
2026-01-28T07:10:30+00:00 client: Спасибо за полный ответ, а можно ли оплатить в рассрочку? Если первый взнос до 1.02?
2026-01-28T08:35:38+00:00 manager: Да, можно по внутреннему заявлению разбить оплату на 2 части или воспользоваться сервисом ""Долями"".
2026-01-28T08:35:41+00:00 manager: Записать Вас?",kb_release_20260518_v3_3,6,,"[""lvsh mendeleevo 2026 / program / total academic hours: Фотон: ЛВШ Менделеево — 72+."", ""contacts foton / website: Фотон: контакты — cdpofoton.ru."", ""lvsh mendeleevo 2026 / pricing 2026 / booking deposit: Фотон: ЛВШ Менделеево — 15 000 ₽."", ""contacts foton / email: Фотон: контакты — edu@cdpofoton.ru."", ""contacts foton / whatsapp: Фотон: контакты — +7 925 500 25 88."", ""installment / provider: Фотон: рассрочка и оплата — Т-Банк.""]",[],[],False,True,context_update,service,service:S1_non_question,0.9,0.96,"[""theme:020_enrollment"", ""theme:006_installment""]",low,manager_only,"Хорошо, буду ждать вашего решения. Если появятся дополнительные вопросы по смене или оплате, напишите, пожалуйста, сориентирую.","[""Не отправлять автоматически без проверки менеджером."", ""Если клиент решит записываться, проверить актуальное наличие мест и условия оплаты.""]",[],"[""Нет подтвержденного AMO/Tallanto-контекста; не фиксировать запись или условия оплаты без проверки.""]","[""manager_approval_required"", ""no_auto_send"", ""message_type_context_update"", ""baseline_high_risk_preserved""]",[],"[""recent_messages"", ""rop_policy"", ""knowledge_snippets""]",False,,
telegram_stage6_kb_eval_v1,8,codex,143146369,foton,,13,5524,2024-08-28T12:05:19+00:00,встречаем детей на ховрино и хочется более-менее поточнее рассчитать время прибытия,"2024-07-29T13:15:48+00:00 client: и какие справки нужны для заезда в лагерь?
2024-07-30T10:55:28+00:00 manager: Здравствуйте! Трансфер будет. Отходит в 11:00 от м. Ховрино, 3 выход Справки: Медицинская справка 079У (действует в течение 3 мес) Справка о санэпидокружении обычно № 291 (срок действия 3 дня до приезда) В выходные отправим тестирование для учеников и памятку с подробной информацией о трансфере, необходимых документах, что с собой взять и тп
2024-07-30T10:56:12+00:00 client: спасибо
2024-08-28T05:39:46+00:00 client: Добрый день, подскажи время отъезда автобуса сегодня из лагеря?
2024-08-28T05:39:55+00:00 client: В 16:00 или 16:30?
2024-08-28T11:54:48+00:00 manager: Добрый день. В 16.00
2024-08-28T11:58:15+00:00 client: по телефону мне ответили что выезд автобуса в 16-30
2024-08-28T11:59:08+00:00 client: и в документах по трансферу, которые присылали на email указано 16-30
2024-08-28T12:04:19+00:00 manager: Все верно. Отправка трансфера осуществляется с 16.00 до 16.30
2024-08-28T12:04:46+00:00 client: а можете сказать точное время?",kb_release_20260518_v3_3,6,,"[""results social proof / total alumni: Фотон: по текущим данным через обучение прошло более 100 000 учеников."", ""lvsh mendeleevo 2026 / program / total academic hours: Фотон: ЛВШ Менделеево — 72+."", ""contacts foton / website: Фотон: контакты — cdpofoton.ru."", ""lvsh mendeleevo 2026 / pricing 2026 / booking deposit: Фотон: ЛВШ Менделеево — 15 000 ₽."", ""contacts foton / email: Фотон: контакты — edu@cdpofoton.ru."", ""contacts foton / whatsapp: Фотон: контакты — +7 925 500 25 88.""]",[],[],False,True,question,camp_logistics,theme:028_transport_logistics,0.91,0.93,"[""theme:026_camp_general""]",medium,draft_for_manager,"Понимаю, вам нужно точнее рассчитать время встречи детей на Ховрино. Сейчас уточню актуальное время по трансферу и напишу ориентир по прибытию. Точное время может зависеть от фактического отправления и дороги, поэтому лучше подтвердить его по текущему автобусу.","[""Уточнить у ответственного за трансфер фактическое время отправления автобуса."", ""Проверить актуальную точку встречи на Ховрино."", ""Дать клиенту реалистичный интервал прибытия, не обещая точность до минуты."", ""Если автобус уже в пути, по возможности уточнить текущий статус у сопровождающего или водителя.""]","[""фактическое время отправления автобуса"", ""ориентировочное время прибытия к Ховрино"", ""текущая дорожная ситуация"", ""актуальная точка встречи""]","[""Нет свежего подтвержденного времени прибытия трансфера."", ""Исторические ответы менеджеров не считать точным актуальным фактом.""]","[""manager_approval_required"", ""no_auto_send""]",[],"[""recent_messages"", ""rop_policy"", ""knowledge_snippets""]",True,,
telegram_stage6_kb_eval_v1,9,codex,1431545976,foton,,13,13231,2025-09-01T12:47:46+00:00,Есть ли у вас пробные уроки ?,"2025-09-01T12:25:44+00:00 client: Добрый день) у вас центр репетиторов ?
2025-09-01T12:39:24+00:00 manager: Добрый день! Дополнительное образование для школьников 3 - 11 классы.
2025-09-01T12:39:31+00:00 manager: Какой предмет Вас интересует?
2025-09-01T12:40:31+00:00 client: Физика
2025-09-01T12:40:38+00:00 client: Подготовка
2025-09-01T12:45:32+00:00 manager: Напишите, пожалуйста, класс ученика.
2025-09-01T12:47:05+00:00 client: 9",kb_release_20260518_v3_3,6,,"[""intensives 2026 / oge foton / subjects / 2: Фотон: среди предметов интенсива 2026 есть физика."", ""intensives 2026 / oge foton / subjects / 1: Фотон: среди предметов интенсива 2026 есть математика."", ""lvsh mendeleevo 2026 / accommodation / air conditioning: Фотон: в ЛВШ Менделеево по текущим данным есть кондиционирование."", ""lvsh mendeleevo 2026 / directions / it / subjects / 1: Фотон: в ЛВШ Менделеево для IT-направления есть предмет «Python»."", ""licenses / client safe summary: Фотон: у учебного центра есть лицензия на образовательную деятельность."", ""lvsh mendeleevo 2026 / directions / it / subjects / 2: Фотон: в ЛВШ Менделеево для IT-направления есть предмет «проектная деятельность».""]",[],[],False,True,question,commercial,theme:023_trial_class,0.96,0.92,"[""theme:020_enrollment"", ""theme:016_program""]",medium,draft_for_manager,"Здравствуйте! По пробному занятию сориентируем. Уточню актуальные варианты для подготовки по физике, 9 класс, и вернусь с условиями.","[""Проверить актуальные условия пробного занятия в Фотоне."", ""Проверить формат, расписание и стоимость/бесплатность пробного занятия."", ""Не упоминать УНПК МФТИ и не смешивать бренды.""]","[""доступность пробного занятия"", ""актуальные условия пробного занятия"", ""формат и расписание"", ""стоимость или бесплатность пробного занятия""]","[""facts_fresh=false"", ""amo_context_found=false"", ""tallanto_context_found=false""]","[""manager_approval_required"", ""no_auto_send""]",[],"[""recent_messages"", ""rop_policy"", ""brand_policy""]",True,,
telegram_stage6_kb_eval_v1,10,codex,1750927174,foton,,27,5841,2024-09-04T11:09:54+00:00,Добрый день мы предварительно записывались на физику в Москве для 8 класса. Наши действия?,"2024-07-02T14:27:57+00:00 manager: Поскажите еще, пожалуйста: 1. Какие цели обучения (подтянуть знания, Углубить школьные знания, Готовиться к олимпиадам) 2. Как сейчас у ребенка с физикой. Какая оценка в школе, что говорят преподователи (если что-то говорят) 3. в какой школе учится ученик (есть углубленная программа по физике и тп) 4. Участвовали в олимпиадах, ходили на доп занятия или кружки Это нужно для более качественного определения группы
2024-07-02T14:52:04+00:00 client: Школа 1195. Оценка по физике 4, но преподаватель ноль. Обещали поменять преподавателя, но не известно, поменяют ли. Физика возможно будет углубленная с 10 класса(Инженерный класс). Сейчас учится в матвертикали, но я бы не сказала, что уровень математики хороший, но я училась сама в физмат-классе. Может сейчас это норма. Цель-поступить в технический институт, соответственно ЕГЭ, заинтересоваться физикой . Физика только началась, 7 класс был как бы вводный, галопом по всей физике, надеюсь, не упустили. Задач решали мало (одна задача на весь урок на применение одной формулы), лабораторных не было. Знаний мало, все что знает изучали дома. Но ребёнок когда захочет, решает. Диагностику мцко сдал хорошо, хотя готовились дома полчаса.
2024-07-03T07:59:20+00:00 manager: Спасибо большое!
2024-08-07T12:34:40+00:00 client: Добрый день, появились вопросы по месту обучения. 1. Если не пойдёт очное обучение (нам ехать далеко), можно будет перевестись на удаленку? 2. Можете выслать расписание для 8 класса в обоих корпусах? И в центре и в Долгопрудном (мы посмотрели, в Долгопрудный ехать чуть дальше, зато без пересадок по диаметру). Думаем, куда удобнее ехать.
2024-08-08T13:51:22+00:00 manager: Добрый день. Перевестись в онлайн формат возможность есть. Ниже Вы можете ознакомиться с временем проведения занятий. Москва: Математика Воскресенье 12.15-14.15 (Базовый) Воскресенье 14.30-16.30 (Базовый или Продвинутый) Физика Воскресенье 12.15-14.15 (Базовый или Продвинутый) Информатика Воскресенье 10.00-12.00 (Базовый или Продвинутый) МФТИ: Математика Воскресенье 09.30-11.30 Физика Воскресенье 11.45-13.45 Информатика Воскресенье 14.00-16.00
2024-08-08T13:54:56+00:00 client: Спасибо! В любом случае сначала хочу очный формат попробовать! А потом уже если совсем тяжело ездить будет, то онлайн.
2024-08-08T14:18:39+00:00 manager: Хорошо. Подскажите пожалуйста, готовы записаться на курс?
2024-08-08T14:21:27+00:00 client: Мы записались уже на физику в Москве. Но думаем, не перезаписать я ли в Долгопрудный (ехать дольше, но без пересадок). Но пока оставим запись как есть.
2024-08-08T14:23:15+00:00 manager: Отлично. В случае изменений в расписании/филиале, Вы можете с нами связаться в этом чате.
2024-08-08T14:23:36+00:00 client: Хорошо, спасибо",kb_release_20260518_v3_3,6,,"[""lvsh mendeleevo 2026 / program / daily pairs: Фотон: ЛВШ Менделеево, пар в день — 3 пары."", ""lvsh mendeleevo 2026 / accommodation / meals per day: Фотон: в ЛВШ Менделеево предусмотрено 5 приёмов пищи в день."", ""prices regular 2026 27 / early booking 2026 27 / benefit: Фотон: цены на 2026/27 учебный год — Зафиксировать цену + выбрать день недели."", ""ls city 2026 foton / moscow foton / prices / plus full: Фотон: городской летний лагерь, Москва, расширенный вариант на полный день — 59 000 ₽."", ""lvsh mendeleevo 2026 / program / total academic hours: Фотон: ЛВШ Менделеево — 72+."", ""contacts foton / website: Фотон: контакты — cdpofoton.ru.""]",[],[],False,True,question,service,service:S4_status_request,0.84,0.88,"[""theme:020_enrollment"", ""theme:013_schedule""]",medium,draft_for_manager,"Здравствуйте! Уточним статус вашей предварительной записи на физику для 8 класса в Москве и подскажем следующий шаг. Проверим, закреплена ли запись за учеником, есть ли подтвержденное место в группе и нужны ли от вас дополнительные данные. После проверки напишем, что делать дальше.","[""Проверить актуальный статус предварительной записи по физике для 8 класса в Москве."", ""Проверить, есть ли подтвержденное место в группе и какой следующий шаг нужен: данные, договор, оплата или ожидание подтверждения."", ""Не отправлять клиенту точное расписание, цену или условия без свежей проверки.""]","[""актуальный статус предварительной записи"", ""ФИО ученика или привязка к сделке"", ""подтвержденная группа и площадка Москва"", ""следующий обязательный шаг для клиента""]","[""Свежий AMO/Tallanto-контекст не найден; точный статус записи нужно проверить вручную."", ""Исторические сообщения менеджера не считать актуальным источником фактов.""]","[""manager_approval_required"", ""no_auto_send""]",[],"[""recent_messages"", ""rop_policy"", ""knowledge_snippets""]",True,,
telegram_stage6_kb_eval_v1,11,codex,1751378045,foton,,9,16392,2026-03-19T06:42:41+00:00,"Не надо связываться, спасибо","2026-03-17T11:27:26+00:00 client: Здравствуйте, я Аркадий Арутинян. Ученик 10 класса. Хочу ходить на курсы подготовки ЕГЭ. Я слышал занятия по воскресеньям, да?
2026-03-17T11:35:58+00:00 manager: Добрый день! Да, есть занятия по воскресеньям. Подскажите, пожалуйста, какой предмет Вас интересует?
2026-03-17T11:40:15+00:00 client: Математика
2026-03-17T11:43:33+00:00 manager: Ниже Вы можете ознакомиться с предметами и временем проведения занятий и выбрать интересующие вас направления. 10 класс Математика Суббота 12.15-14.15 Суббота 14.30-16.30 (Олимпиадный) Воскресенье 12.15-14.15 Курсы проходят по адресам: Суббота — Скорняжный пер. 3, стр. 1 (м. Сухаревская) Воскресенье — ул. Сретенка, 20 (м. Чистые пруды, Сухаревская). Стоимость за один предмет составляет: 8 900 руб. — 4 занятия (Пробный период), далее 11 400 руб. — 4 занятия
2026-03-17T11:43:54+00:00 manager: Записать Вас?
2026-03-19T06:40:04+00:00 manager: Добрый день! Подскажите, пожалуйста, приняли ли Вы решение о записи?
2026-03-19T06:40:34+00:00 client: Здравствуйте, нет
2026-03-19T06:41:45+00:00 manager: Когда с Вами связаться для уточнения?",kb_release_20260518_v3_3,6,,"[""lvsh mendeleevo 2026 / program / total academic hours: Фотон: ЛВШ Менделеево — 72+."", ""contacts foton / website: Фотон: контакты — cdpofoton.ru."", ""lvsh mendeleevo 2026 / pricing 2026 / booking deposit: Фотон: ЛВШ Менделеево — 15 000 ₽."", ""contacts foton / email: Фотон: контакты — edu@cdpofoton.ru."", ""contacts foton / whatsapp: Фотон: контакты — +7 925 500 25 88."", ""installment / provider: Фотон: рассрочка и оплата — Т-Банк.""]",[],[],False,True,non_question,service,service:S3_out_of_scope,0.99,0.98,[],medium,manager_only,Клиент просит не связываться. Рекомендую не отправлять ответ клиенту и не продолжать контакт без отдельного решения менеджера.,"[""Не отправлять клиенту автоматический ответ"", ""Зафиксировать просьбу клиента не связываться"", ""Перед любым дальнейшим контактом получить решение менеджера""]",[],"[""Клиент явно просит не связываться; дальнейший контакт без решения менеджера нежелателен""]","[""manager_approval_required"", ""no_auto_send"", ""message_type_non_question""]",[],"[""recent_messages"", ""rop_policy"", ""active_brand""]",False,,
telegram_stage6_kb_eval_v1,12,codex,1823221342,foton,,14,6474,2024-09-20T08:31:13+00:00,Письмо со ссылкой получила. Спасибо.,"2024-09-03T13:04:03+00:00 client: Информатика суббота с 12-30 - 14-30
2024-09-03T13:04:05+00:00 manager: Для записи нам понадобиться некоторая информация. Подскажите пожалуйста, ФИО ученика, класс, ФИО родителя, номер телефона, адрес эл.почты и предметы подготовки.
2024-09-03T13:05:39+00:00 client: Кострицкая Зоряна Павловна 9 класс Кострицкая Виктория Валерьевна +79513678855 (только ТГ или Ватсапп) viki24@mail.ru Информатика
2024-09-03T14:47:29+00:00 manager: Записали ученика на занятия. Вам, на Ваш адрес эл.почты, придет подтверждение записи.
2024-09-17T07:02:14+00:00 client: Здравствуйте, сейчас хочу оплатить учёбу и хочу уточнить: 9-й класс. Информатика. Онлайн. Сколько стоит отдельно первый семестр и отдельно второй, если оплачивать по-семестрово.
2024-09-17T07:02:44+00:00 client: А то в письме, только сумма за первый семестр и за год.
2024-09-17T14:13:57+00:00 manager: Добрый день. 29 750 руб - 1 семестр (20 занятий) 22 500 руб. - 2 семестр (15 занятий)
2024-09-17T16:42:37+00:00 client: Спасибо
2024-09-19T22:37:04+00:00 client: 
2024-09-19T22:37:54+00:00 client: Оплатили 1 семестр обучения курса по информатике. Подскажите, где завтра искать ссылку на 1 занятие?",kb_release_20260518_v3_3,6,,"[""lvsh mendeleevo 2026 / program / total academic hours: Фотон: ЛВШ Менделеево — 72+."", ""contacts foton / website: Фотон: контакты — cdpofoton.ru."", ""lvsh mendeleevo 2026 / pricing 2026 / booking deposit: Фотон: ЛВШ Менделеево — 15 000 ₽."", ""contacts foton / email: Фотон: контакты — edu@cdpofoton.ru."", ""contacts foton / whatsapp: Фотон: контакты — +7 925 500 25 88."", ""installment / provider: Фотон: рассрочка и оплата — Т-Банк.""]",[],[],False,True,non_question,service,service:S1_non_question,0.93,0.98,"[""theme:019a_positive_feedback"", ""theme:025_missing_links_access""]",low,manager_only,Пожалуйста! Хорошего занятия.,"[""Проверить, что ссылка действительно была отправлена и вопрос закрыт.""]",[],"[""Сообщение клиента не содержит нового вопроса.""]","[""manager_approval_required"", ""no_auto_send"", ""message_type_non_question""]",[],"[""recent_messages"", ""rop_policy"", ""knowledge_snippets""]",False,,
telegram_stage6_kb_eval_v1,13,codex,331532799,foton,,7,3014,2024-05-01T10:56:59+00:00,"Здравствуйте, Летняя Выездная школа находится в Менделеево у Зеленограда?",,kb_release_20260518_v3_3,6,,"[""lvsh mendeleevo 2026 / program / total academic hours: Фотон: ЛВШ Менделеево — 72+."", ""lvsh mendeleevo 2026 / pricing 2026 / booking deposit: Фотон: ЛВШ Менделеево — 15 000 ₽."", ""lvsh mendeleevo 2026 / audience: Фотон: ЛВШ Менделеево — 5-10 класс."", ""lvsh mendeleevo 2026 / accommodation / room capacity: Фотон: ЛВШ Менделеево — 2-3 человека."", ""lvsh mendeleevo 2026 / program / daily pairs: Фотон: ЛВШ Менделеево, пар в день — 3 пары."", ""lvsh mendeleevo 2026 / pricing 2026 / main full: Фотон: полная стоимость ЛВШ Менделеево — 98 000 ₽.""]",[],[],False,True,question,education,theme:026_camp_general,0.86,0.93,"[""theme:015_address""]",low,manager_only,"Здравствуйте! Да, Летняя выездная школа Фотон проходит в Менделеево. Точный адрес и схему проезда лучше дополнительно сверим и пришлем актуальную информацию.","[""Проверить точный адрес площадки ЛВШ Менделеево"", ""Проверить актуальную схему проезда перед отправкой""]","[""точный адрес площадки"", ""актуальная схема проезда""]",[],"[""manager_approval_required"", ""no_auto_send"", ""baseline_manager_only_preserved"", ""kb_route_not_allowed_to_weaken_baseline""]",[],"[""recent_messages"", ""rop_policy"", ""knowledge_snippets""]",True,,
telegram_stage6_kb_eval_v1,14,codex,421419227,foton,,9,9694,2024-12-13T11:41:11+00:00,"Добрый день, оплата за Еремина М и Еремина М","2024-11-12T09:11:31+00:00 client: Здравствуйте, Еремин М 5 класс и Еремина М 8 класс были на занятии 10.11 , подскажите, вы обещали прислать ссылки, по которым ребят присоединят в общий чат
2024-11-12T09:13:53+00:00 manager: Добрый день! Ссылка на чат 5 класс - https://t.me/+mnkJmI_SJ1diODMy
2024-11-12T09:14:18+00:00 manager: Ссылка на чат 8 класс - https://t.me/+CKw3TXJWY7g2MjEy
2024-11-12T09:14:26+00:00 client: Спасибо
2024-11-24T08:48:17+00:00 client: Добрый день, Маша Еремина и Максим Еремин сегодня пропустят, болеют еще
2024-11-25T07:02:43+00:00 manager: Спасибо за информацию!
2024-12-13T11:40:25+00:00 client: ",kb_release_20260518_v3_3,6,,"[""prices regular 2026 27 / early booking 2026 27 / benefit: Фотон: цены на 2026/27 учебный год — Зафиксировать цену + выбрать день недели."", ""ls city 2026 foton / moscow foton / prices / plus full: Фотон: городской летний лагерь, Москва, расширенный вариант на полный день — 59 000 ₽."", ""lvsh mendeleevo 2026 / pricing 2026 / booking deposit: Фотон: ЛВШ Менделеево — 15 000 ₽."", ""lvsh mendeleevo 2026 / pricing 2026 / main full: Фотон: полная стоимость ЛВШ Менделеево — 98 000 ₽."", ""individual lessons foton / prices / lesson 45min: Фотон: индивидуальные занятия, занятие 45 минут — 3 900 ₽."", ""individual lessons foton / prices / package 5 sessions: Фотон: индивидуальные занятия, пакет 5 занятий — 23 000 ₽.""]","[""prices.current""]","[{""blocks_precise_answer"": true, ""candidate_source_ids"": [], ""fact_key"": ""prices.current"", ""fact_type"": ""price"", ""reason"": ""fact_source_missing"", ""safe_instruction"": ""Do not name exact price, discount, or payment deadline without a fresh verified price source.""}]",False,True,wait_for_more,commercial,service:S2_unclear,0.42,0.7,"[""theme:002_payment_method"", ""theme:003_payment_status"", ""theme:004_payment_schedule""]",medium,manager_only,"Здравствуйте! Уточните, пожалуйста, что именно нужно по оплате за Машу и Максима: проверить поступление, прислать способ оплаты или подсказать сроки оплаты?","[""Уточнить, какой именно вопрос по оплате имеет в виду клиент."", ""Не указывать сумму, ссылку на оплату или статус платежа без проверки актуальных данных."", ""Проверить, что речь идет о текущем учебном центре Фотон."", ""Модель не уверена в теме: проверить вручную.""]","[""конкретный вопрос клиента по оплате"", ""актуальный статус платежа"", ""актуальная сумма или график оплаты""]","[""facts_stale"", ""facts_missing""]","[""manager_approval_required"", ""no_auto_send"", ""low_confidence_manager_only"", ""message_type_wait_for_more""]",[],"[""recent_messages"", ""rop_policy""]",True,,
telegram_stage6_kb_eval_v1,15,codex,426475103,foton,,9,9690,2024-12-13T08:58:59+00:00,Есть ли пробное занятие?,"2024-12-13T08:50:38+00:00 client: Здравствуйте
2024-12-13T08:51:01+00:00 client: Меня заинтересовал он лайн курсы по математике для ребёнка 3класс
2024-12-13T08:51:21+00:00 client: Подскажите формат, расписание, стоимость и возможен ли набор?
2024-12-13T08:54:02+00:00 manager: Добрый день! Расписание онлайн-занятий для 3 класса: * Математика Сб 12.30-13.50 Занятия начались с 21 сентября. Курс включает в себя 35 занятий (один раз в неделю) по 2 академических часа Подключение проходит через платформу MTS-link. Записи занятий доступны для просмотра на платформе после каждого урока. Стоимость за один предмет составляет: 27 000 руб. — 20 занятий (Первый семестр) 42 500 руб. — 35 занятий (Академический год) https://kmipt.ru/courses/online_3_4/courses_online_3_4/
2024-12-13T08:54:37+00:00 manager: После регистрации на платформе, у Вас будет доступ ко всему курсу, Записи и материалы прошлых уроков хранятся в личном кабинете.
2024-12-13T08:55:17+00:00 manager: Записать Вас на занятия?",kb_release_20260518_v3_3,6,,"[""intensives 2026 / oge foton / subjects / 2: Фотон: среди предметов интенсива 2026 есть физика."", ""intensives 2026 / oge foton / subjects / 1: Фотон: среди предметов интенсива 2026 есть математика."", ""individual lessons foton / prices / lesson 45min: Фотон: индивидуальные занятия, занятие 45 минут — 3 900 ₽."", ""individual lessons foton / prices / session 90min: Фотон: индивидуальные занятия, занятие 90 минут — 6 900 ₽."", ""lvsh mendeleevo 2026 / accommodation / air conditioning: Фотон: в ЛВШ Менделеево по текущим данным есть кондиционирование."", ""lvsh mendeleevo 2026 / directions / it / subjects / 1: Фотон: в ЛВШ Менделеево для IT-направления есть предмет «Python».""]",[],"[{""blocks_precise_answer"": true, ""candidate_source_ids"": [], ""fact_key"": ""schedule.current"", ""fact_type"": ""schedule"", ""reason"": ""schedule_source_not_ready"", ""safe_instruction"": ""Do not name exact group time or lesson date. Use the schedule-safe template and ask manager to follow up.""}]",False,True,question,commercial,theme:023_trial_class,0.99,0.96,[],medium,draft_for_manager,"Здравствуйте! Подскажите, пожалуйста, класс ребёнка, предмет и удобный формат занятий. Менеджер проверит, есть ли сейчас пробное занятие по подходящей программе Фотона, и сориентирует по условиям.","[""Проверить актуальную возможность пробного занятия по нужному классу, предмету и формату."", ""Не обещать место, дату или бесплатность без подтверждения.""]","[""актуальные условия пробного занятия"", ""класс ребёнка"", ""интересующий предмет"", ""удобный формат занятий""]","[""facts_missing""]","[""manager_approval_required"", ""no_auto_send""]",[],"[""recent_messages"", ""rop_policy"", ""facts_context""]",True,2026-05-19T21:17:18.174980+00:00,
telegram_stage6_kb_eval_v1,16,codex,5194977220,foton,,34,16490,2026-03-23T07:46:20+00:00,Напишите мне в макс тестовое сообщение🙏,"2026-03-19T06:20:36+00:00 manager: Добрый день! Занятие 15 марта без оплаты. Последний абонемент от 5.02 распределился на занятия - 8.02, 15.02, 1.03 и 8.03.
2026-03-19T06:26:43+00:00 client: Можно счет на оплату?
2026-03-19T06:27:25+00:00 manager: Будет удобно по квитанции с QR-кодом или заказать ссылку для оплаты?🙏🏼
2026-03-19T06:29:52+00:00 client: Qr код
2026-03-19T06:51:28+00:00 manager: Направила Вам на эл. почту письмо🙏🏼
2026-03-19T07:20:15+00:00 client: 
2026-03-19T08:02:16+00:00 manager: Спасибо, принято!
2026-03-22T13:50:27+00:00 client: Доброго дня, Лиза приболела. Сегодня без справки пропуск. И скажите сколько у нас осталось уроков? Спасибо🌺
2026-03-22T14:00:17+00:00 client: Утром отправляла сообщение, но телеграмм не работал(((
2026-03-23T07:45:26+00:00 manager: Добрый день! Спасибо за информацию! Можно писать нам в макс🙏🏼 У Вас осталось еще 2 занятия на абонементе.",kb_release_20260518_v3_3,6,,"[""lvsh mendeleevo 2026 / program / total academic hours: Фотон: ЛВШ Менделеево — 72+."", ""contacts foton / website: Фотон: контакты — cdpofoton.ru."", ""lvsh mendeleevo 2026 / pricing 2026 / booking deposit: Фотон: ЛВШ Менделеево — 15 000 ₽."", ""contacts foton / email: Фотон: контакты — edu@cdpofoton.ru."", ""contacts foton / whatsapp: Фотон: контакты — +7 925 500 25 88."", ""installment / provider: Фотон: рассрочка и оплата — Т-Банк.""]",[],[],False,True,question,service,service:S5_general_consultation,0.7,0.78,[],low,draft_for_manager,"Здравствуйте! Да, напишу вам тестовое сообщение в MAX.","[""Отправить сообщение в MAX вручную, если это действительно нужно сделать."", ""Не считать этот черновик автоматической отправкой клиенту.""]",[],[],"[""manager_approval_required"", ""no_auto_send""]",[],"[""recent_messages"", ""rop_policy""]",True,,
telegram_stage6_kb_eval_v1,17,codex,5223239650,foton,,7,8842,2024-10-22T10:36:19+00:00,"ок, номер подскажите?","2024-10-22T04:46:30+00:00 client: Здравствуйте! У вас есть курсы по аналитике данных (Data Science)?
2024-10-22T08:11:33+00:00 manager: Добрый день! К сожалению, нет.
2024-10-22T10:22:05+00:00 client: А вы сотрудничаете с нетологией? У них на сайте информация . что выдают по окончании курсов от вас диплом по аналитике данных https://netology.ru/programs/data-analyst?ysclid=m2kamgqoma567909084 Можете подтврдить?
2024-10-22T10:27:44+00:00 manager: Вам лучше позвонить в справочную института. Есть множество подразделений. Мы не владеем информацией о сотрудничестве.",kb_release_20260518_v3_3,6,,"[""bot policy / approved phrases / theme 11 contract / foton: Договор пришлёт менеджер в ближайшие дни на email. Подскажите email."", ""matkap / client safe text / when asked: Да, оплата материнским капиталом возможна. Работаем с федеральным маткапиталом. Менеджер пришлёт перечень документов и поможет с оформлением через СФР. Подскажите ФИО ребёнка и какой курс рассматриваете."", ""installment / client safe text / when asked: У нас есть рассрочка через Т-Банк — до 500 000 ₽, до 36 месяцев. Подписание онлайн за 1-2 минуты по СМС. Также «Долями» — 4 равными частями без процентов (подходит для коротких программ). Подскажите курс — менеджер пришлёт ссылку на оформление."", ""lvsh mendeleevo 2026 / program / total academic hours: Фотон: ЛВШ Менделеево — 72+."", ""contacts foton / website: Фотон: контакты — cdpofoton.ru."", ""lvsh mendeleevo 2026 / pricing 2026 / booking deposit: Фотон: ЛВШ Менделеево — 15 000 ₽.""]",[],[],False,True,question,service,service:S5_general_consultation,0.68,0.74,[],medium,manager_only,Здравствуйте! Уточню актуальный контакт и пришлю вам номер. По вашему вопросу сориентируем в рамках текущего учебного центра.,"[""Проверить, какой именно номер можно дать клиенту"", ""Не давать неподтвержденный телефон или контакт другого бренда"", ""Сохранить ответ в рамках active_brand=foton"", ""Модель не уверена в теме: проверить вручную.""]","[""актуальный номер справочной или ответственного контакта"", ""можно ли направлять клиента именно в этот контакт""]","[""В контексте нет подтвержденного актуального номера телефона"", ""Исторический ответ менеджера не является источником свежих фактов""]","[""manager_approval_required"", ""no_auto_send"", ""low_confidence_manager_only""]",[],"[""recent_messages"", ""rop_policy"", ""brand_policy"", ""knowledge_snippets""]",True,,
telegram_stage6_kb_eval_v1,18,codex,532164893,foton,,6,2753,2024-04-15T10:05:36+00:00,"Добрый день! Нам уже прислали Договор и реквизиты для оплаты.
1. Попов Константин Алексеевич
2. 6 класс
3. Попов Алексей Викторович 
4. +79857667456
5. 7667456@mail.ru","2024-04-11T07:32:15+00:00 client: Добрый день! Хотела бы забронировать для сына участие в Летней Выездной школе, смена 22-30 июня. На сайте есть информация, что возможна бронь при внесении предоплаты в 15.000. Однако сайт при этом не даёт возможности оплатить смену частично, выдаёт только полную оплату. Как я могу забронировать место?
2024-04-11T12:03:43+00:00 manager: Здравствуйте! Бронь возможна только после записи в группу Подскажите, пожалуйста: 1. ФИО ученика 2 Класс 3. Ваше ФИО 4. Номер для связи 5. Почту для связи Запишу ученика в группу и на почту направлю договор и реквизиты для оплаты Также сформируем ссылку на оплату 15 000 руб. Она придет в течении пары дней с почты альфа-банка",kb_release_20260518_v3_3,6,,"[""bot policy / approved phrases / theme 11 contract / foton: Договор пришлёт менеджер в ближайшие дни на email. Подскажите email."", ""prices regular 2026 27 / early booking 2026 27 / online 5 11 semester: Фотон: цены на 2026/27 учебный год, 5-11 класс, онлайн — 29 750 ₽."", ""prices regular 2026 27 / early booking 2026 27 / online 5 11 year: Фотон: цены на 2026/27 учебный год, 5-11 класс, онлайн — 47 250 ₽."", ""prices regular 2026 27 / early booking 2026 27 / benefit: Фотон: цены на 2026/27 учебный год — Зафиксировать цену + выбрать день недели."", ""prices regular 2026 27 / offline 3 4 class / before 2026 07 01 / year: Фотон: цены на 2026/27 учебный год, 3-4 класс, очно, до 01.07.2026, год — 47 000 ₽."", ""prices regular 2026 27 / offline 5 11 class / before 2026 07 01 / year: Фотон: цены на 2026/27 учебный год, 5-11 класс, очно, до 01.07.2026, год — 74 500 ₽.""]","[""prices.current"", ""documents.current""]","[{""blocks_precise_answer"": true, ""candidate_source_ids"": [], ""fact_key"": ""prices.current"", ""fact_type"": ""price"", ""reason"": ""fact_source_missing"", ""safe_instruction"": ""Do not name exact price, discount, or payment deadline without a fresh verified price source.""}, {""blocks_precise_answer"": true, ""candidate_source_ids"": [], ""fact_key"": ""documents.current"", ""fact_type"": ""documents"", ""reason"": ""fact_source_missing"", ""safe_instruction"": ""Do not cite exact document, refund, tax, or legal terms without a fresh verified document source.""}]",False,True,context_update,commercial,theme:020_enrollment,0.78,0.86,"[""theme:011_contract"", ""theme:002_payment_method""]",medium,manager_only,"Здравствуйте! Спасибо, данные получили: Попов Константин Алексеевич, 6 класс. Передам менеджеру для проверки записи и оплаты.","[""Проверить, есть ли уже запись ученика в группе летней выездной школы 22-30 июня"", ""Проверить, что договор и реквизиты действительно отправлены клиенту"", ""Проверить, нужна ли отдельная ссылка на предоплату 15 000 руб."", ""Не дублировать отправку договора или реквизитов без проверки""]","[""актуальный статус записи в группу"", ""актуальный статус договора"", ""нужна ли ссылка на частичную оплату"", ""подтверждение актуальных условий брони""]","[""facts_stale"", ""facts_missing""]","[""manager_approval_required"", ""no_auto_send"", ""message_type_context_update""]",[],"[""recent_messages"", ""rop_policy"", ""knowledge_snippets""]",True,,
telegram_stage6_kb_eval_v1,19,codex,6962641825,foton,,13,11027,2025-03-07T16:14:14+00:00,Здравствуйте! 8 марта занятия на Скорняжном будут?,"2024-06-08T08:19:27+00:00 manager: Здравствуйте! Давайте передам ваш контакт куратору направления, он с Вами свяжется
2024-06-08T08:51:31+00:00 client: Может написать на почту komarova.aleks@gmail.com
2024-06-08T14:16:07+00:00 manager: Хорошо. Передала информацию куратору, в ближайшее время он с вами свяжется
2024-06-08T14:16:15+00:00 client: Ок
2024-07-03T09:20:48+00:00 client: Здравствуйте! Дети записаны на смену с 8 по 19 июля физмат8 и 9 классы. А есть какое-то расписание, когда детям приходить, когда уходить?
2024-07-03T10:32:37+00:00 manager: Здравствуйте! На днях направят памятку Занятия начинаются в 10:00 и заканчиваются в 17:45
2024-09-12T11:08:43+00:00 client: Здравствуйте!
2024-09-12T11:09:38+00:00 client: Хотелось бы записать ребенка на 9 класс, по математике, физике и русскому. Занятия в Москве
2024-09-12T14:36:02+00:00 manager: Здравствуйте! Верно понимаю, что хотите записать Маргариту?
2024-09-12T14:56:01+00:00 client: Здравствуйте! Сегодня к Вам зашла)",kb_release_20260518_v3_3,6,,"[""individual lessons foton / format: Фотон: индивидуальные занятия — Только онлайн, 1-на-1."", ""academic year 2026 27 / daily hours: Фотон: учебный год 2026/27, длительность занятия — 2 ак.ч."", ""individual lessons foton / prices / lesson 45min: Фотон: индивидуальные занятия, занятие 45 минут — 3 900 ₽."", ""individual lessons foton / prices / package 5 sessions: Фотон: индивидуальные занятия, пакет 5 занятий — 23 000 ₽."", ""individual lessons foton / prices / session 90min: Фотон: индивидуальные занятия, занятие 90 минут — 6 900 ₽."", ""intensives 2026 / oge foton / format: Фотон: интенсивы 2026 — онлайн, 2 занятия/нед после 18:00.""]","[""schedule.current""]","[{""blocks_precise_answer"": true, ""candidate_source_ids"": [], ""fact_key"": ""schedule.current"", ""fact_type"": ""schedule"", ""reason"": ""schedule_source_not_ready"", ""safe_instruction"": ""Do not name exact group time or lesson date. Use the schedule-safe template and ask manager to follow up.""}]",False,True,question,operations,theme:013_schedule,0.95,0.92,"[""theme:015_address""]",medium,draft_for_manager,"Здравствуйте! Уточню по вашей группе, будут ли занятия 8 марта на Скорняжном, и вернусь с точной информацией. Если удобно, напишите, пожалуйста, курс или имя ученика, чтобы быстрее проверить расписание.","[""Проверить актуальное расписание на 8 марта"", ""Проверить, относится ли вопрос к площадке на Скорняжном"", ""Проверить группу/курс ученика перед ответом""]","[""точное расписание на 8 марта"", ""группа или курс ученика"", ""подтверждение занятий на площадке Скорняжный""]","[""facts_stale"", ""facts_missing""]","[""manager_approval_required"", ""no_auto_send""]",[],"[""recent_messages"", ""rop_policy"", ""knowledge_snippets""]",True,2026-05-19T21:18:44.131978+00:00,
telegram_stage6_kb_eval_v1,20,codex,837619059,foton,,4,4451,2024-07-18T10:02:49+00:00,"Здравствуйте! 
Да, конечно! Сейчас отправлю Вам.","2024-07-18T09:33:44+00:00 manager: Здравствуйте! Дмитрий едет к нам на смену с 20 июля. Можете, пожалуйста, скинуть скан договора, подписанного с вашей стороны",kb_release_20260518_v3_3,6,,"[""lvsh mendeleevo 2026 / program / total academic hours: Фотон: ЛВШ Менделеево — 72+."", ""contacts foton / website: Фотон: контакты — cdpofoton.ru."", ""lvsh mendeleevo 2026 / pricing 2026 / booking deposit: Фотон: ЛВШ Менделеево — 15 000 ₽."", ""contacts foton / email: Фотон: контакты — edu@cdpofoton.ru."", ""contacts foton / whatsapp: Фотон: контакты — +7 925 500 25 88."", ""installment / provider: Фотон: рассрочка и оплата — Т-Банк.""]",[],[],False,True,context_update,service,service:S1_non_question,0.9,0.96,"[""theme:011_contract""]",low,manager_only,"Спасибо, будем ждать файл.","[""Дождаться скана договора от клиента."", ""Проверить, что файл читается и договор подписан с нужной стороны.""]","[""сам скан договора еще не приложен""]",[],"[""manager_approval_required"", ""no_auto_send"", ""message_type_context_update""]",[],"[""recent_messages"", ""rop_policy""]",True,,
