brand,fact_type,route_policy,risk_level,client_safe_text,manager_display_text,manager_check_text,source_title,freshness_status,valid_until,freshness_check_date,fact_id
unpk,course_parameter,draft_for_manager,low,"УНПК: учебный год 2026/27, длительность занятия — 2 ак.ч.","УНПК: учебный год 2026/27, длительность занятия — 2 ак.ч.","УНПК: учебный год 2026/27, длительность занятия — 2 ак.ч.",facts_for_bot_UNPK.yaml (Claude layer v3),document_verified,2027-08-31,2026-05-20,fact:v3:unpk:academic_year_2026_27_daily_hours:a6e9903c04
unpk,course_parameter,draft_for_manager,low,УНПК: в первом семестре 2026/27 учебного года 20 недель.,УНПК: в первом семестре 2026/27 учебного года 20 недель.,УНПК: в первом семестре 2026/27 учебного года 20 недель.,facts_for_bot_UNPK.yaml (Claude layer v3),document_verified,2027-08-31,2026-05-20,fact:v3:unpk:academic_year_2026_27_semester_1_weeks:3ad9021e33
unpk,course_parameter,draft_for_manager,low,УНПК: во втором семестре 2026/27 учебного года 15 недель.,УНПК: во втором семестре 2026/27 учебного года 15 недель.,УНПК: во втором семестре 2026/27 учебного года 15 недель.,facts_for_bot_UNPK.yaml (Claude layer v3),document_verified,2027-08-31,2026-05-20,fact:v3:unpk:academic_year_2026_27_semester_2_weeks:54d70ef4e2
unpk,course_parameter,draft_for_manager,low,"УНПК: учебный год 2026/27, старт занятий — 12-27 сентября 2026 в зависимости от площадки.","УНПК: учебный год 2026/27, старт занятий — 12-27 сентября 2026 в зависимости от площадки.","УНПК: учебный год 2026/27, старт занятий — 12-27 сентября 2026 в зависимости от площадки.",facts_for_bot_UNPK.yaml (Claude layer v3),document_verified,2027-08-31,2026-05-20,fact:v3:unpk:academic_year_2026_27_start:68812d0d30
unpk,course_parameter,draft_for_manager,low,УНПК: учебный год 2026/27 — 20 сентября 2026.,УНПК: учебный год 2026/27 — 20 сентября 2026.,УНПК: учебный год 2026/27 — 20 сентября 2026.,facts_for_bot_UNPK.yaml (Claude layer v3),document_verified,2027-08-31,2026-05-20,fact:v3:unpk:academic_year_2026_27_start_by_location_mfti_institutsky_9:c9b8640bfb
unpk,course_parameter,draft_for_manager,low,"УНПК: учебный год 2026/27, Москва — 12-13 сентября 2026.","УНПК: учебный год 2026/27, Москва — 12-13 сентября 2026.","УНПК: учебный год 2026/27, Москва — 12-13 сентября 2026.",facts_for_bot_UNPK.yaml (Claude layer v3),document_verified,2027-08-31,2026-05-20,fact:v3:unpk:academic_year_2026_27_start_by_location_moscow:34d08ff66d
unpk,course_parameter,draft_for_manager,low,"УНПК: учебный год 2026/27, онлайн — 19-20 сентября 2026.","УНПК: учебный год 2026/27, онлайн — 19-20 сентября 2026.","УНПК: учебный год 2026/27, онлайн — 19-20 сентября 2026.",facts_for_bot_UNPK.yaml (Claude layer v3),document_verified,2027-08-31,2026-05-20,fact:v3:unpk:academic_year_2026_27_start_by_location_online:dfd01fcc6e
unpk,course_parameter,draft_for_manager,low,УНПК: учебный год 2026/27 — 26-27 сентября 2026.,УНПК: учебный год 2026/27 — 26-27 сентября 2026.,УНПК: учебный год 2026/27 — 26-27 сентября 2026.,facts_for_bot_UNPK.yaml (Claude layer v3),document_verified,2027-08-31,2026-05-20,fact:v3:unpk:academic_year_2026_27_start_by_location_patsayeva:22eaf98d78
unpk,course_parameter,draft_for_manager,low,"УНПК: учебный год 2026/27, количество занятий за год — 35 занятий.","УНПК: учебный год 2026/27, количество занятий за год — 35 занятий.","УНПК: учебный год 2026/27, количество занятий за год — 35 занятий.",facts_for_bot_UNPK.yaml (Claude layer v3),document_verified,2027-08-31,2026-05-20,fact:v3:unpk:academic_year_2026_27_total_lessons:1b5921ba8a
unpk,course_parameter,draft_for_manager,low,УНПК: в учебном году 2026/27 занятия проходят 1 раз в неделю.,УНПК: в учебном году 2026/27 занятия проходят 1 раз в неделю.,УНПК: в учебном году 2026/27 занятия проходят 1 раз в неделю.,facts_for_bot_UNPK.yaml (Claude layer v3),document_verified,2027-08-31,2026-05-20,fact:v3:unpk:academic_year_2026_27_weekly_lessons:4fca0a048c
unpk,policy,bot_answer_self_for_pilot,medium,"Это отдельные организации, по вашему вопросу сориентирую в рамках текущего учебного центра.","Это отдельные организации, по вашему вопросу сориентирую в рамках текущего учебного центра.","Это отдельные организации, по вашему вопросу сориентирую в рамках текущего учебного центра.",brand_rules.yaml (Claude layer v3),document_verified,2026-12-31,2026-05-20,fact:v3:unpk:brand_rules_approved_brand_relationship_answer_unpk:7477839d25
unpk,documents,bot_answer_self_for_pilot,medium,УНПК: справки и документы — Свободная форма.,УНПК: справки и документы — Свободная форма.,УНПК: справки и документы — Свободная форма.,facts_for_bot_UNPK.yaml (Claude layer v3),document_verified,2026-12-31,2026-05-20,fact:v3:unpk:certificates_types_course_attendance_form:f6e6bbf987
unpk,discount,bot_answer_self_for_pilot,low,"УНПК: для городского летнего лагеря действует скидка 10% для семей, уже оплативших обучение на 2026/27 год.","УНПК: для городского летнего лагеря действует скидка 10% для семей, уже оплативших обучение на 2026/27 год.","УНПК: для городского летнего лагеря действует скидка 10% для семей, уже оплативших обучение на 2026/27 год.",facts_for_bot_UNPK.yaml (Claude layer v3),document_verified,2026-08-31,2026-05-20,fact:v3:unpk:ls_city_2026_unpk_discounts_already_paid_2026_27:c110ae8db2
unpk,discount,bot_answer_self_for_pilot,low,"УНПК: для городского летнего лагеря действует скидка 5% для учеников, которые ранее учились в этом же учебном центре.","УНПК: для городского летнего лагеря действует скидка 5% для учеников, которые ранее учились в этом же учебном центре.","УНПК: для городского летнего лагеря действует скидка 5% для учеников, которые ранее учились в этом же учебном центре.",facts_for_bot_UNPK.yaml (Claude layer v3),document_verified,2026-08-31,2026-05-20,fact:v3:unpk:ls_city_2026_unpk_discounts_former_student_same_brand:4a858e388b
unpk,discount,bot_answer_self_for_pilot,low,УНПК: для городского летнего лагеря действует скидка 10% для сотрудников МФТИ.,УНПК: для городского летнего лагеря действует скидка 10% для сотрудников МФТИ.,УНПК: для городского летнего лагеря действует скидка 10% для сотрудников МФТИ.,facts_for_bot_UNPK.yaml (Claude layer v3),document_verified,2026-08-31,2026-05-20,fact:v3:unpk:ls_city_2026_unpk_discounts_mfti_employees:d06ee2680d
unpk,discount,bot_answer_self_for_pilot,low,УНПК: для городского летнего лагеря действует скидка 10% для многодетных семей.,УНПК: для городского летнего лагеря действует скидка 10% для многодетных семей.,УНПК: для городского летнего лагеря действует скидка 10% для многодетных семей.,facts_for_bot_UNPK.yaml (Claude layer v3),document_verified,2026-08-31,2026-05-20,fact:v3:unpk:ls_city_2026_unpk_discounts_multichild:693e386ee1
unpk,discount,bot_answer_self_for_pilot,low,"УНПК: для городского летнего лагеря по программе «приведи друга», расширенный тариф, кэшбэк 5 000 ₽; условие: после завершения смены другом.","УНПК: для городского летнего лагеря по программе «приведи друга», расширенный тариф, кэшбэк 5 000 ₽; условие: после завершения смены другом.","УНПК: для городского летнего лагеря по программе «приведи друга», расширенный тариф, кэшбэк 5 000 ₽; условие: после завершения смены другом.",facts_for_bot_UNPK.yaml (Claude layer v3),document_verified,2026-08-31,2026-05-20,fact:v3:unpk:ls_city_2026_unpk_discounts_refer_a_friend_advanced:b2ecc00656
unpk,discount,bot_answer_self_for_pilot,low,"УНПК: для городского летнего лагеря по программе «приведи друга», базовый тариф, кэшбэк 3 000 ₽; условие: после завершения смены другом.","УНПК: для городского летнего лагеря по программе «приведи друга», базовый тариф, кэшбэк 3 000 ₽; условие: после завершения смены другом.","УНПК: для городского летнего лагеря по программе «приведи друга», базовый тариф, кэшбэк 3 000 ₽; условие: после завершения смены другом.",facts_for_bot_UNPK.yaml (Claude layer v3),document_verified,2026-08-31,2026-05-20,fact:v3:unpk:ls_city_2026_unpk_discounts_refer_a_friend_base:b67abc9517
unpk,camp_city,draft_for_manager,low,"УНПК: городской летний лагерь, Долгопрудный — Долгопрудный, Институтский пер., 9 (Главный корпус МФТИ).","УНПК: городской летний лагерь, Долгопрудный — Долгопрудный, Институтский пер., 9 (Главный корпус МФТИ).","УНПК: городской летний лагерь, Долгопрудный — Долгопрудный, Институтский пер., 9 (Главный корпус МФТИ).",facts_for_bot_UNPK.yaml (Claude layer v3),document_verified,2026-08-31,2026-05-20,fact:v3:unpk:ls_city_2026_unpk_dolgoprudny_location:a2f4979a55
unpk,price,bot_answer_self_for_pilot,low,"УНПК: городской летний лагерь, Долгопрудный, базовый вариант — 37 500 ₽.","УНПК: городской летний лагерь, Долгопрудный, базовый вариант — 37 500 ₽.","УНПК: городской летний лагерь, Долгопрудный, базовый вариант — 37 500 ₽.",facts_for_bot_UNPK.yaml (Claude layer v3),document_verified,2026-08-31,2026-05-20,fact:v3:unpk:ls_city_2026_unpk_dolgoprudny_prices_base:c986337fbb
unpk,price,bot_answer_self_for_pilot,low,"УНПК: городской летний лагерь, Долгопрудный, вариант с факультативом — 59 500 ₽.","УНПК: городской летний лагерь, Долгопрудный, вариант с факультативом — 59 500 ₽.","УНПК: городской летний лагерь, Долгопрудный, вариант с факультативом — 59 500 ₽.",facts_for_bot_UNPK.yaml (Claude layer v3),document_verified,2026-08-31,2026-05-20,fact:v3:unpk:ls_city_2026_unpk_dolgoprudny_prices_plus_factultative:2b06671e9c
unpk,price,bot_answer_self_for_pilot,low,"УНПК: городской летний лагерь, Долгопрудный, вариант с индивидуальными занятиями — 99 500 ₽.","УНПК: городской летний лагерь, Долгопрудный, вариант с индивидуальными занятиями — 99 500 ₽.","УНПК: городской летний лагерь, Долгопрудный, вариант с индивидуальными занятиями — 99 500 ₽.",facts_for_bot_UNPK.yaml (Claude layer v3),document_verified,2026-08-31,2026-05-20,fact:v3:unpk:ls_city_2026_unpk_dolgoprudny_prices_plus_individual:9df1ec1007
unpk,deadline,draft_for_manager,low,"УНПК: городской летний лагерь, Долгопрудный — 20-31 июля.","УНПК: городской летний лагерь, Долгопрудный — 20-31 июля.","УНПК: городской летний лагерь, Долгопрудный — 20-31 июля.",facts_for_bot_UNPK.yaml (Claude layer v3),document_verified,2026-08-31,2026-05-20,fact:v3:unpk:ls_city_2026_unpk_dolgoprudny_smeny_1:4e1a2eab58
unpk,deadline,draft_for_manager,low,"УНПК: городской летний лагерь, Долгопрудный — 17-28 августа.","УНПК: городской летний лагерь, Долгопрудный — 17-28 августа.","УНПК: городской летний лагерь, Долгопрудный — 17-28 августа.",facts_for_bot_UNPK.yaml (Claude layer v3),document_verified,2026-08-31,2026-05-20,fact:v3:unpk:ls_city_2026_unpk_dolgoprudny_smeny_2:7113f325e0
unpk,camp_city,draft_for_manager,low,УНПК: утренний клуб в городском летнем лагере доступен со 2-го дня смены.,УНПК: утренний клуб в городском летнем лагере доступен со 2-го дня смены.,УНПК: утренний клуб в городском летнем лагере доступен со 2-го дня смены.,facts_for_bot_UNPK.yaml (Claude layer v3),document_verified,2026-08-31,2026-05-20,fact:v3:unpk:ls_city_2026_unpk_free_morning_club_from_day:f8e850c55e
unpk,camp_city,draft_for_manager,low,"УНПК: городской летний лагерь, название — Утренний клуб Предлёнка.","УНПК: городской летний лагерь, название — Утренний клуб Предлёнка.","УНПК: городской летний лагерь, название — Утренний клуб Предлёнка.",facts_for_bot_UNPK.yaml (Claude layer v3),document_verified,2026-08-31,2026-05-20,fact:v3:unpk:ls_city_2026_unpk_free_morning_club_name:5cd79542d3
unpk,camp_city,draft_for_manager,low,УНПК: городской летний лагерь — 09:45-11:45.,УНПК: городской летний лагерь — 09:45-11:45.,УНПК: городской летний лагерь — 09:45-11:45.,facts_for_bot_UNPK.yaml (Claude layer v3),document_verified,2026-08-31,2026-05-20,fact:v3:unpk:ls_city_2026_unpk_free_morning_club_time:decd807aa5
unpk,camp_city,draft_for_manager,low,"УНПК: городской летний лагерь — Обед (первое, второе, салат, булочка) + полдник.","УНПК: городской летний лагерь — Обед (первое, второе, салат, булочка) + полдник.","УНПК: городской летний лагерь — Обед (первое, второе, салат, булочка) + полдник.",facts_for_bot_UNPK.yaml (Claude layer v3),document_verified,2026-08-31,2026-05-20,fact:v3:unpk:ls_city_2026_unpk_meals:407edd6503
unpk,deadline,draft_for_manager,low,"УНПК: городской летний лагерь, Москва, даты — 6-17 июля.","УНПК: городской летний лагерь, Москва, даты — 6-17 июля.","УНПК: городской летний лагерь, Москва, даты — 6-17 июля.",facts_for_bot_UNPK.yaml (Claude layer v3),document_verified,2026-08-31,2026-05-20,fact:v3:unpk:ls_city_2026_unpk_moscow_dates:0bdd6cc81e
unpk,camp_city,draft_for_manager,low,"УНПК: городской летний лагерь, Москва — Москва, Верхняя Красносельская ул., 30.","УНПК: городской летний лагерь, Москва — Москва, Верхняя Красносельская ул., 30.","УНПК: городской летний лагерь, Москва — Москва, Верхняя Красносельская ул., 30.",facts_for_bot_UNPK.yaml (Claude layer v3),document_verified,2026-08-31,2026-05-20,fact:v3:unpk:ls_city_2026_unpk_moscow_location:bc805fe13d
unpk,price,bot_answer_self_for_pilot,low,"УНПК: городской летний лагерь, Москва, базовый вариант — 37 500 ₽.","УНПК: городской летний лагерь, Москва, базовый вариант — 37 500 ₽.","УНПК: городской летний лагерь, Москва, базовый вариант — 37 500 ₽.",facts_for_bot_UNPK.yaml (Claude layer v3),document_verified,2026-08-31,2026-05-20,fact:v3:unpk:ls_city_2026_unpk_moscow_prices_base:258f0c65d3
unpk,price,bot_answer_self_for_pilot,low,"УНПК: городской летний лагерь, Москва, вариант с факультативом — 59 500 ₽.","УНПК: городской летний лагерь, Москва, вариант с факультативом — 59 500 ₽.","УНПК: городской летний лагерь, Москва, вариант с факультативом — 59 500 ₽.",facts_for_bot_UNPK.yaml (Claude layer v3),document_verified,2026-08-31,2026-05-20,fact:v3:unpk:ls_city_2026_unpk_moscow_prices_plus_factultative:ec605c4657
unpk,price,bot_answer_self_for_pilot,low,"УНПК: городской летний лагерь, Москва, вариант с индивидуальными занятиями — 99 500 ₽.","УНПК: городской летний лагерь, Москва, вариант с индивидуальными занятиями — 99 500 ₽.","УНПК: городской летний лагерь, Москва, вариант с индивидуальными занятиями — 99 500 ₽.",facts_for_bot_UNPK.yaml (Claude layer v3),document_verified,2026-08-31,2026-05-20,fact:v3:unpk:ls_city_2026_unpk_moscow_prices_plus_individual:c67fb25139
unpk,camp_city,draft_for_manager,low,УНПК: городской летний лагерь — ЛВШ выездная — другой продукт.,УНПК: городской летний лагерь — ЛВШ выездная — другой продукт.,УНПК: городской летний лагерь — ЛВШ выездная — другой продукт.,facts_for_bot_UNPK.yaml (Claude layer v3),document_verified,2026-08-31,2026-05-20,fact:v3:unpk:ls_city_2026_unpk_not_to_confuse_with:9338e4359e
unpk,camp_city,draft_for_manager,low,УНПК: городской летний лагерь — нет.,УНПК: городской летний лагерь — нет.,УНПК: городской летний лагерь — нет.,facts_for_bot_UNPK.yaml (Claude layer v3),document_verified,2026-08-31,2026-05-20,fact:v3:unpk:ls_city_2026_unpk_patsayeva_available:067e4e4094
unpk,contact,draft_for_manager,low,УНПК: контакты — edu@kmipt.ru.,УНПК: контакты — edu@kmipt.ru.,УНПК: контакты — edu@kmipt.ru.,facts_for_bot_UNPK.yaml (Claude layer v3),document_verified,2026-12-31,2026-05-20,fact:v3:unpk:contacts_unpk_email:718d885c77
unpk,contact,draft_for_manager,low,УНПК: контакты — +7 (495) 150-81-51.,УНПК: контакты — +7 (495) 150-81-51.,УНПК: контакты — +7 (495) 150-81-51.,facts_for_bot_UNPK.yaml (Claude layer v3),document_verified,2026-12-31,2026-05-20,fact:v3:unpk:contacts_unpk_phone:13999567b6
unpk,course_parameter,draft_for_manager,low,"УНПК: контакты, расписание — Пн-Вс 10:00-18:00.","УНПК: контакты, расписание — Пн-Вс 10:00-18:00.","УНПК: контакты, расписание — Пн-Вс 10:00-18:00.",facts_for_bot_UNPK.yaml (Claude layer v3),document_verified,2026-12-31,2026-05-20,fact:v3:unpk:contacts_unpk_schedule:b15e702f9a
unpk,contact,draft_for_manager,low,УНПК: контакты — @unpk_mipt.,УНПК: контакты — @unpk_mipt.,УНПК: контакты — @unpk_mipt.,facts_for_bot_UNPK.yaml (Claude layer v3),document_verified,2026-12-31,2026-05-20,fact:v3:unpk:contacts_unpk_telegram:eb9ebca792
unpk,contact,draft_for_manager,low,УНПК: контакты — 8 (800) 500-81-51.,УНПК: контакты — 8 (800) 500-81-51.,УНПК: контакты — 8 (800) 500-81-51.,facts_for_bot_UNPK.yaml (Claude layer v3),document_verified,2026-12-31,2026-05-20,fact:v3:unpk:contacts_unpk_toll_free:b286b76e62
unpk,contact,draft_for_manager,low,УНПК: контакты — kmipt.ru.,УНПК: контакты — kmipt.ru.,УНПК: контакты — kmipt.ru.,facts_for_bot_UNPK.yaml (Claude layer v3),document_verified,2026-12-31,2026-05-20,fact:v3:unpk:contacts_unpk_website:4df75b17bf
unpk,discount,bot_answer_self_for_pilot,low,УНПК: для действующих учеников этого учебного центра доступна скидка действующим ученикам курсов УНПК при покупке любого летнего лагеря (выездного или городского) на любой летний лагерь.,УНПК: для действующих учеников этого учебного центра доступна скидка действующим ученикам курсов УНПК при покупке любого летнего лагеря (выездного или городского) на любой летний лагерь.,УНПК: для действующих учеников этого учебного центра доступна скидка действующим ученикам курсов УНПК при покупке любого летнего лагеря (выездного или городского) на любой летний лагерь.,facts_for_bot_UNPK.yaml (Claude layer v3),document_verified,2027-08-31,2026-05-20,fact:v3:unpk:discounts_active_student_to_summer_camp_condition_client_text:d55bd03e52
unpk,discount,bot_answer_self_for_pilot,low,УНПК: для действующих учеников этого учебного центра доступна скидка 7% на любой летний лагерь.,УНПК: для действующих учеников этого учебного центра доступна скидка 7% на любой летний лагерь.,УНПК: для действующих учеников этого учебного центра доступна скидка 7% на любой летний лагерь.,facts_for_bot_UNPK.yaml (Claude layer v3),document_verified,2027-08-31,2026-05-20,fact:v3:unpk:discounts_active_student_to_summer_camp_pct:a4b253ea96
unpk,discount,bot_answer_self_for_pilot,low,УНПК: скидка постоянным участникам ЛВШ применяется к продукту «ЛВШ Менделеево».,УНПК: скидка постоянным участникам ЛВШ применяется к продукту «ЛВШ Менделеево».,УНПК: скидка постоянным участникам ЛВШ применяется к продукту «ЛВШ Менделеево».,facts_for_bot_UNPK.yaml (Claude layer v3),document_verified,2027-08-31,2026-05-20,fact:v3:unpk:discounts_loyal_customers_lvsh_only_applies_to_1:917752ce6e
unpk,discount,bot_answer_self_for_pilot,low,"УНПК: скидка постоянным участникам ЛВШ действует при условии: постоянным гостям ЛВШ Менделеево, посетившим смены в предыдущие годы.","УНПК: скидка постоянным участникам ЛВШ действует при условии: постоянным гостям ЛВШ Менделеево, посетившим смены в предыдущие годы.","УНПК: скидка постоянным участникам ЛВШ действует при условии: постоянным гостям ЛВШ Менделеево, посетившим смены в предыдущие годы.",facts_for_bot_UNPK.yaml (Claude layer v3),document_verified,2027-08-31,2026-05-20,fact:v3:unpk:discounts_loyal_customers_lvsh_only_condition_client_text:03f4740483
unpk,discount,bot_answer_self_for_pilot,low,УНПК: скидка постоянным участникам ЛВШ не применяется к продукту «ЛШ городская».,УНПК: скидка постоянным участникам ЛВШ не применяется к продукту «ЛШ городская».,УНПК: скидка постоянным участникам ЛВШ не применяется к продукту «ЛШ городская».,facts_for_bot_UNPK.yaml (Claude layer v3),document_verified,2027-08-31,2026-05-20,fact:v3:unpk:discounts_loyal_customers_lvsh_only_not_applies_to_1:0fa3c22152
unpk,discount,bot_answer_self_for_pilot,low,УНПК: скидка постоянным участникам ЛВШ не применяется к продукту «регулярные курсы».,УНПК: скидка постоянным участникам ЛВШ не применяется к продукту «регулярные курсы».,УНПК: скидка постоянным участникам ЛВШ не применяется к продукту «регулярные курсы».,facts_for_bot_UNPK.yaml (Claude layer v3),document_verified,2027-08-31,2026-05-20,fact:v3:unpk:discounts_loyal_customers_lvsh_only_not_applies_to_2:2fdd1a20d0
unpk,discount,bot_answer_self_for_pilot,low,УНПК: скидка постоянным участникам ЛВШ не применяется к продукту «интенсивы».,УНПК: скидка постоянным участникам ЛВШ не применяется к продукту «интенсивы».,УНПК: скидка постоянным участникам ЛВШ не применяется к продукту «интенсивы».,facts_for_bot_UNPK.yaml (Claude layer v3),document_verified,2027-08-31,2026-05-20,fact:v3:unpk:discounts_loyal_customers_lvsh_only_not_applies_to_3:bdc1eb850b
unpk,discount,bot_answer_self_for_pilot,low,УНПК: скидка постоянным участникам ЛВШ не применяется к продукту «индивидуальные».,УНПК: скидка постоянным участникам ЛВШ не применяется к продукту «индивидуальные».,УНПК: скидка постоянным участникам ЛВШ не применяется к продукту «индивидуальные».,facts_for_bot_UNPK.yaml (Claude layer v3),document_verified,2027-08-31,2026-05-20,fact:v3:unpk:discounts_loyal_customers_lvsh_only_not_applies_to_4:bed68cf1df
unpk,discount,bot_answer_self_for_pilot,low,УНПК: скидка постоянным участникам ЛВШ — 10%; условие: после 2 смен ЛВШ.,УНПК: скидка постоянным участникам ЛВШ — 10%; условие: после 2 смен ЛВШ.,УНПК: скидка постоянным участникам ЛВШ — 10%; условие: после 2 смен ЛВШ.,facts_for_bot_UNPK.yaml (Claude layer v3),document_verified,2027-08-31,2026-05-20,fact:v3:unpk:discounts_loyal_customers_lvsh_only_tiers_pct_10:4cee75af0a
unpk,discount,bot_answer_self_for_pilot,low,УНПК: скидка постоянным участникам ЛВШ — 15%; условие: после 3-4 смен ЛВШ.,УНПК: скидка постоянным участникам ЛВШ — 15%; условие: после 3-4 смен ЛВШ.,УНПК: скидка постоянным участникам ЛВШ — 15%; условие: после 3-4 смен ЛВШ.,facts_for_bot_UNPK.yaml (Claude layer v3),document_verified,2027-08-31,2026-05-20,fact:v3:unpk:discounts_loyal_customers_lvsh_only_tiers_pct_15:9060091536
unpk,discount,bot_answer_self_for_pilot,low,УНПК: скидка постоянным участникам ЛВШ — 20%; условие: после 5 смен ЛВШ.,УНПК: скидка постоянным участникам ЛВШ — 20%; условие: после 5 смен ЛВШ.,УНПК: скидка постоянным участникам ЛВШ — 20%; условие: после 5 смен ЛВШ.,facts_for_bot_UNPK.yaml (Claude layer v3),document_verified,2027-08-31,2026-05-20,fact:v3:unpk:discounts_loyal_customers_lvsh_only_tiers_pct_20:c864a7bb5b
unpk,discount,bot_answer_self_for_pilot,low,УНПК: скидка постоянным участникам ЛВШ — 30%; условие: после 6 и более смен ЛВШ.,УНПК: скидка постоянным участникам ЛВШ — 30%; условие: после 6 и более смен ЛВШ.,УНПК: скидка постоянным участникам ЛВШ — 30%; условие: после 6 и более смен ЛВШ.,facts_for_bot_UNPK.yaml (Claude layer v3),document_verified,2027-08-31,2026-05-20,fact:v3:unpk:discounts_loyal_customers_lvsh_only_tiers_pct_30:c1fba85a61
unpk,discount,bot_answer_self_for_pilot,low,УНПК: скидка постоянным участникам ЛВШ — 5%; условие: после 1 посещённой смены ЛВШ.,УНПК: скидка постоянным участникам ЛВШ — 5%; условие: после 1 посещённой смены ЛВШ.,УНПК: скидка постоянным участникам ЛВШ — 5%; условие: после 1 посещённой смены ЛВШ.,facts_for_bot_UNPK.yaml (Claude layer v3),document_verified,2027-08-31,2026-05-20,fact:v3:unpk:discounts_loyal_customers_lvsh_only_tiers_pct_5:6ec9cb956e
unpk,discount,bot_answer_self_for_pilot,low,"УНПК: скидка, для сотрудников МФТИ — сотрудникам МФТИ при предъявлении подтверждающего документа с места работы.","УНПК: скидка, для сотрудников МФТИ — сотрудникам МФТИ при предъявлении подтверждающего документа с места работы.","УНПК: скидка, для сотрудников МФТИ — сотрудникам МФТИ при предъявлении подтверждающего документа с места работы.",facts_for_bot_UNPK.yaml (Claude layer v3),document_verified,2027-08-31,2026-05-20,fact:v3:unpk:discounts_mfti_employees_condition_client_text:d157b7b1f7
unpk,discount,bot_answer_self_for_pilot,low,УНПК: для сотрудников МФТИ действует скидка 10%; другие значения перед ответом нужно проверить у ответственного менеджера.,УНПК: для сотрудников МФТИ действует скидка 10%; другие значения перед ответом нужно проверить у ответственного менеджера.,УНПК: для сотрудников МФТИ действует скидка 10%; другие значения перед ответом нужно проверить у ответственного менеджера.,facts_for_bot_UNPK.yaml (Claude layer v3),document_verified,2027-08-31,2026-05-20,fact:v3:unpk:discounts_mfti_employees_note:c47056e469
unpk,discount,bot_answer_self_for_pilot,low,УНПК: для сотрудников МФТИ действует скидка 10%.,УНПК: для сотрудников МФТИ действует скидка 10%.,УНПК: для сотрудников МФТИ действует скидка 10%.,facts_for_bot_UNPK.yaml (Claude layer v3),document_verified,2027-08-31,2026-05-20,fact:v3:unpk:discounts_mfti_employees_pct:60bbed7c15
unpk,discount,bot_answer_self_for_pilot,low,УНПК: при помесячной оплате действует скидка при оплате обучения сразу за семестр (вместо помесячной оплаты).,УНПК: при помесячной оплате действует скидка при оплате обучения сразу за семестр (вместо помесячной оплаты).,УНПК: при помесячной оплате действует скидка при оплате обучения сразу за семестр (вместо помесячной оплаты).,facts_for_bot_UNPK.yaml (Claude layer v3),document_verified,2027-08-31,2026-05-20,fact:v3:unpk:discounts_monthly_payment_condition_client_text:5e65cda5fb
unpk,discount,bot_answer_self_for_pilot,low,УНПК: при помесячной оплате действует скидка 10%.,УНПК: при помесячной оплате действует скидка 10%.,УНПК: при помесячной оплате действует скидка 10%.,facts_for_bot_UNPK.yaml (Claude layer v3),document_verified,2027-08-31,2026-05-20,fact:v3:unpk:discounts_monthly_payment_pct:1222947116
unpk,discount,bot_answer_self_for_pilot,low,УНПК: скидка — детям из многодетной семьи при предъявлении удостоверения многодетной семьи (даже если из семьи учится только один ребёнок).,УНПК: скидка — детям из многодетной семьи при предъявлении удостоверения многодетной семьи (даже если из семьи учится только один ребёнок).,УНПК: скидка — детям из многодетной семьи при предъявлении удостоверения многодетной семьи (даже если из семьи учится только один ребёнок).,facts_for_bot_UNPK.yaml (Claude layer v3),document_verified,2027-08-31,2026-05-20,fact:v3:unpk:discounts_multichild_condition_client_text:e927da34d7
unpk,discount,bot_answer_self_for_pilot,low,"УНПК: скидка для многодетных семей действует по статусу семьи, а не по количеству детей на оплате; условие: подтвердить статус многодетной семьи. Скидки не суммируются, применяется наибольшая доступная скидка.","УНПК: скидка для многодетных семей действует по статусу семьи, а не по количеству детей на оплате; условие: подтвердить статус многодетной семьи. Скидки не суммируются, применяется наибольшая доступная скидка.","УНПК: скидка для многодетных семей действует по статусу семьи, а не по количеству детей на оплате; условие: подтвердить статус многодетной семьи. Скидки не суммируются, применяется наибольшая доступная скидка.",facts_for_bot_UNPK.yaml (Claude layer v3),document_verified,2027-08-31,2026-05-20,fact:v3:unpk:discounts_multichild_note:86bc11fee2
unpk,discount,bot_answer_self_for_pilot,low,УНПК: скидка для многодетных семей — 10%; условие: подтвердить статус многодетной семьи.,УНПК: скидка для многодетных семей — 10%; условие: подтвердить статус многодетной семьи.,УНПК: скидка для многодетных семей — 10%; условие: подтвердить статус многодетной семьи.,facts_for_bot_UNPK.yaml (Claude layer v3),document_verified,2027-08-31,2026-05-20,fact:v3:unpk:discounts_multichild_pct:5a1ebb791f
unpk,discount,bot_answer_self_for_pilot,low,УНПК: по программе «приведи друга» кэшбэк 5 000 ₽; условие: после завершения смены другом.,УНПК: по программе «приведи друга» кэшбэк 5 000 ₽; условие: после завершения смены другом.,УНПК: по программе «приведи друга» кэшбэк 5 000 ₽; условие: после завершения смены другом.,facts_for_bot_UNPK.yaml (Claude layer v3),document_verified,2027-08-31,2026-05-20,fact:v3:unpk:discounts_refer_a_friend_camp_advanced_tariff_cashback:c2412e822d
unpk,discount,bot_answer_self_for_pilot,low,"УНПК: скидка, программа «приведи друга» — после того как приглашённый друг отучится на смене летнего лагеря по продвинутому тарифу.","УНПК: скидка, программа «приведи друга» — после того как приглашённый друг отучится на смене летнего лагеря по продвинутому тарифу.","УНПК: скидка, программа «приведи друга» — после того как приглашённый друг отучится на смене летнего лагеря по продвинутому тарифу.",facts_for_bot_UNPK.yaml (Claude layer v3),document_verified,2027-08-31,2026-05-20,fact:v3:unpk:discounts_refer_a_friend_camp_advanced_tariff_condition_client_text:eadfdc4f84
unpk,discount,bot_answer_self_for_pilot,low,УНПК: по программе «приведи друга» кэшбэк 3 000 ₽; условие: после завершения смены другом.,УНПК: по программе «приведи друга» кэшбэк 3 000 ₽; условие: после завершения смены другом.,УНПК: по программе «приведи друга» кэшбэк 3 000 ₽; условие: после завершения смены другом.,facts_for_bot_UNPK.yaml (Claude layer v3),document_verified,2027-08-31,2026-05-20,fact:v3:unpk:discounts_refer_a_friend_camp_base_tariff_cashback:74dced1bf6
unpk,discount,bot_answer_self_for_pilot,low,"УНПК: скидка, программа «приведи друга» — после того как приглашённый друг отучится на смене летнего лагеря по базовому тарифу.","УНПК: скидка, программа «приведи друга» — после того как приглашённый друг отучится на смене летнего лагеря по базовому тарифу.","УНПК: скидка, программа «приведи друга» — после того как приглашённый друг отучится на смене летнего лагеря по базовому тарифу.",facts_for_bot_UNPK.yaml (Claude layer v3),document_verified,2027-08-31,2026-05-20,fact:v3:unpk:discounts_refer_a_friend_camp_base_tariff_condition_client_text:88640e9efc
unpk,discount,bot_answer_self_for_pilot,low,УНПК: по программе «приведи друга» кэшбэк 10 000 ₽; условие: после 1 семестра обучения друга.,УНПК: по программе «приведи друга» кэшбэк 10 000 ₽; условие: после 1 семестра обучения друга.,УНПК: по программе «приведи друга» кэшбэк 10 000 ₽; условие: после 1 семестра обучения друга.,facts_for_bot_UNPK.yaml (Claude layer v3),document_verified,2027-08-31,2026-05-20,fact:v3:unpk:discounts_refer_a_friend_offline_cashback:f8fbeeaf9f
unpk,discount,bot_answer_self_for_pilot,low,"УНПК: скидка, очно, программа «приведи друга» — после того как приглашённый друг посетит 5 занятий очного курса.","УНПК: скидка, очно, программа «приведи друга» — после того как приглашённый друг посетит 5 занятий очного курса.","УНПК: скидка, очно, программа «приведи друга» — после того как приглашённый друг посетит 5 занятий очного курса.",facts_for_bot_UNPK.yaml (Claude layer v3),document_verified,2027-08-31,2026-05-20,fact:v3:unpk:discounts_refer_a_friend_offline_condition_client_text:5fead83b19
unpk,discount,bot_answer_self_for_pilot,low,УНПК: по программе «приведи друга» кэшбэк 5 000 ₽; условие: после 1 семестра обучения друга.,УНПК: по программе «приведи друга» кэшбэк 5 000 ₽; условие: после 1 семестра обучения друга.,УНПК: по программе «приведи друга» кэшбэк 5 000 ₽; условие: после 1 семестра обучения друга.,facts_for_bot_UNPK.yaml (Claude layer v3),document_verified,2027-08-31,2026-05-20,fact:v3:unpk:discounts_refer_a_friend_online_cashback:8ef6023121
unpk,discount,bot_answer_self_for_pilot,low,"УНПК: скидка, онлайн, программа «приведи друга» — после того как приглашённый друг посетит 5 занятий онлайн-курса.","УНПК: скидка, онлайн, программа «приведи друга» — после того как приглашённый друг посетит 5 занятий онлайн-курса.","УНПК: скидка, онлайн, программа «приведи друга» — после того как приглашённый друг посетит 5 занятий онлайн-курса.",facts_for_bot_UNPK.yaml (Claude layer v3),document_verified,2027-08-31,2026-05-20,fact:v3:unpk:discounts_refer_a_friend_online_condition_client_text:ae95ba61de
unpk,discount,bot_answer_self_for_pilot,low,УНПК: при очном обучении скидка на второй предмет составляет на второй и последующий предмет одного и того же ребёнка при оплате очного формата.,УНПК: при очном обучении скидка на второй предмет составляет на второй и последующий предмет одного и того же ребёнка при оплате очного формата.,УНПК: при очном обучении скидка на второй предмет составляет на второй и последующий предмет одного и того же ребёнка при оплате очного формата.,facts_for_bot_UNPK.yaml (Claude layer v3),document_verified,2027-08-31,2026-05-20,fact:v3:unpk:discounts_second_subject_offline_condition_client_text:fb3ba62709
unpk,discount,bot_answer_self_for_pilot,low,УНПК: при очном обучении на второй предмет действует скидка 20%; условие: ученик добавляет второй предмет.,УНПК: при очном обучении на второй предмет действует скидка 20%; условие: ученик добавляет второй предмет.,УНПК: при очном обучении на второй предмет действует скидка 20%; условие: ученик добавляет второй предмет.,facts_for_bot_UNPK.yaml (Claude layer v3),document_verified,2027-08-31,2026-05-20,fact:v3:unpk:discounts_second_subject_offline_example:fe84ae2411
unpk,discount,bot_answer_self_for_pilot,low,УНПК: при очном обучении скидка на второй предмет составляет 20%.,УНПК: при очном обучении скидка на второй предмет составляет 20%.,УНПК: при очном обучении скидка на второй предмет составляет 20%.,facts_for_bot_UNPK.yaml (Claude layer v3),document_verified,2027-08-31,2026-05-20,fact:v3:unpk:discounts_second_subject_offline_pct:6b9135199a
unpk,discount,bot_answer_self_for_pilot,low,УНПК: при онлайн-обучении скидка на второй предмет составляет на второй и последующий предмет одного и того же ребёнка при оплате онлайн-формата.,УНПК: при онлайн-обучении скидка на второй предмет составляет на второй и последующий предмет одного и того же ребёнка при оплате онлайн-формата.,УНПК: при онлайн-обучении скидка на второй предмет составляет на второй и последующий предмет одного и того же ребёнка при оплате онлайн-формата.,facts_for_bot_UNPK.yaml (Claude layer v3),document_verified,2027-08-31,2026-05-20,fact:v3:unpk:discounts_second_subject_online_condition_client_text:ff19463042
unpk,discount,bot_answer_self_for_pilot,low,УНПК: при онлайн-обучении скидка на второй предмет составляет 20%.,УНПК: при онлайн-обучении скидка на второй предмет составляет 20%.,УНПК: при онлайн-обучении скидка на второй предмет составляет 20%.,facts_for_bot_UNPK.yaml (Claude layer v3),document_verified,2027-08-31,2026-05-20,fact:v3:unpk:discounts_second_subject_online_pct:0003f8ade5
unpk,discount,bot_answer_self_for_pilot,low,"УНПК: если клиенту доступно несколько скидок, они не суммируются; применяется наибольшая доступная скидка.","УНПК: если клиенту доступно несколько скидок, они не суммируются; применяется наибольшая доступная скидка.","УНПК: если клиенту доступно несколько скидок, они не суммируются; применяется наибольшая доступная скидка.",facts_for_bot_UNPK.yaml (Claude layer v3),document_verified,2027-08-31,2026-05-20,fact:v3:unpk:discounts_stacking_rule:4d46788b83
unpk,discount,bot_answer_self_for_pilot,low,"УНПК: если клиенту доступно несколько скидок, они не суммируются; применяется наибольшая доступная скидка.","УНПК: если клиенту доступно несколько скидок, они не суммируются; применяется наибольшая доступная скидка.","УНПК: если клиенту доступно несколько скидок, они не суммируются; применяется наибольшая доступная скидка.",facts_for_bot_UNPK.yaml (Claude layer v3),document_verified,2027-08-31,2026-05-20,fact:v3:unpk:discounts_stacking_rule_text:487870abdd
unpk,course_parameter,draft_for_manager,low,УНПК: при помесячной оплате дополнительная скидка не применяется.,УНПК: при помесячной оплате дополнительная скидка не применяется.,УНПК: при помесячной оплате дополнительная скидка не применяется.,facts_for_bot_UNPK.yaml (Claude layer v3),document_verified,2027-08-31,2026-05-20,fact:v3:unpk:payment_options_available_schedules_1_monthly_discount_extra:03546dd049
unpk,course_parameter,draft_for_manager,low,УНПК: при оплате за семестр действует дополнительная скидка 10%.,УНПК: при оплате за семестр действует дополнительная скидка 10%.,УНПК: при оплате за семестр действует дополнительная скидка 10%.,facts_for_bot_UNPK.yaml (Claude layer v3),document_verified,2027-08-31,2026-05-20,fact:v3:unpk:payment_options_available_schedules_2_semester_discount_extra:b7e1eae4cd
unpk,course_parameter,draft_for_manager,low,УНПК: при оплате за год действует дополнительная скидка 14%.,УНПК: при оплате за год действует дополнительная скидка 14%.,УНПК: при оплате за год действует дополнительная скидка 14%.,facts_for_bot_UNPK.yaml (Claude layer v3),document_verified,2027-08-31,2026-05-20,fact:v3:unpk:payment_options_available_schedules_3_year_discount_extra:b79113ca97
unpk,installment,bot_answer_self_for_pilot,medium,"У нас оплата возможна помесячно, за семестр или за год. При оплате семестром или годом действует скидка. Если нужно растянуть оплату — менеджер подскажет варианты под вашу ситуацию.","У нас оплата возможна помесячно, за семестр или за год. При оплате семестром или годом действует скидка. Если нужно растянуть оплату — менеджер подскажет варианты под вашу ситуацию.","У нас оплата возможна помесячно, за семестр или за год. При оплате семестром или годом действует скидка. Если нужно растянуть оплату — менеджер подскажет варианты под вашу ситуацию.",facts_for_bot_UNPK.yaml (Claude layer v3),document_verified,2027-08-31,2026-05-20,fact:v3:unpk:payment_options_client_safe_text_when_asked_about_installment:09424163b2
unpk,course_parameter,draft_for_manager,low,УНПК: интенсив 2026 рассчитан на 10-11 классы.,УНПК: интенсив 2026 рассчитан на 10-11 классы.,УНПК: интенсив 2026 рассчитан на 10-11 классы.,facts_for_bot_UNPK.yaml (Claude layer v3),document_verified,2026-12-31,2026-05-20,fact:v3:unpk:intensives_2026_ege_unpk_classes:8d46b004f7
unpk,course_parameter,draft_for_manager,low,УНПК: длительность интенсива 2026 — 8 недель.,УНПК: длительность интенсива 2026 — 8 недель.,УНПК: длительность интенсива 2026 — 8 недель.,facts_for_bot_UNPK.yaml (Claude layer v3),document_verified,2026-12-31,2026-05-20,fact:v3:unpk:intensives_2026_ege_unpk_duration_weeks:bdb6dae2a5
unpk,intensive,draft_for_manager,low,"УНПК: интенсивы 2026 — онлайн, 2 занятия/нед.","УНПК: интенсивы 2026 — онлайн, 2 занятия/нед.","УНПК: интенсивы 2026 — онлайн, 2 занятия/нед.",facts_for_bot_UNPK.yaml (Claude layer v3),document_verified,2026-12-31,2026-05-20,fact:v3:unpk:intensives_2026_ege_unpk_format:4f30836595
unpk,intensive,draft_for_manager,low,УНПК: размер группы на интенсиве 2026 — 10-15 человек.,УНПК: размер группы на интенсиве 2026 — 10-15 человек.,УНПК: размер группы на интенсиве 2026 — 10-15 человек.,facts_for_bot_UNPK.yaml (Claude layer v3),document_verified,2026-12-31,2026-05-20,fact:v3:unpk:intensives_2026_ege_unpk_group_size:990b903a52
unpk,intensive,draft_for_manager,low,УНПК: в интенсив 2026 входит: 14 живых вебинаров (90 мин).,УНПК: в интенсив 2026 входит: 14 живых вебинаров (90 мин).,УНПК: в интенсив 2026 входит: 14 живых вебинаров (90 мин).,facts_for_bot_UNPK.yaml (Claude layer v3),document_verified,2026-12-31,2026-05-20,fact:v3:unpk:intensives_2026_ege_unpk_includes_1:fd43fd2607
unpk,intensive,draft_for_manager,low,УНПК: в интенсив 2026 входит: 7 практических занятий.,УНПК: в интенсив 2026 входит: 7 практических занятий.,УНПК: в интенсив 2026 входит: 7 практических занятий.,facts_for_bot_UNPK.yaml (Claude layer v3),document_verified,2026-12-31,2026-05-20,fact:v3:unpk:intensives_2026_ege_unpk_includes_2:42cf7a92b8
unpk,intensive,draft_for_manager,low,УНПК: в интенсив 2026 входит: ДЗ и конспекты.,УНПК: в интенсив 2026 входит: ДЗ и конспекты.,УНПК: в интенсив 2026 входит: ДЗ и конспекты.,facts_for_bot_UNPK.yaml (Claude layer v3),document_verified,2026-12-31,2026-05-20,fact:v3:unpk:intensives_2026_ege_unpk_includes_3:fde0a4790e
unpk,intensive,draft_for_manager,low,УНПК: в интенсив 2026 входит: 3 пробника.,УНПК: в интенсив 2026 входит: 3 пробника.,УНПК: в интенсив 2026 входит: 3 пробника.,facts_for_bot_UNPK.yaml (Claude layer v3),document_verified,2026-12-31,2026-05-20,fact:v3:unpk:intensives_2026_ege_unpk_includes_4:9718259f54
unpk,intensive,draft_for_manager,low,УНПК: в интенсив 2026 входит: Ручная проверка второй части ЕГЭ.,УНПК: в интенсив 2026 входит: Ручная проверка второй части ЕГЭ.,УНПК: в интенсив 2026 входит: Ручная проверка второй части ЕГЭ.,facts_for_bot_UNPK.yaml (Claude layer v3),document_verified,2026-12-31,2026-05-20,fact:v3:unpk:intensives_2026_ege_unpk_includes_5:0ae06ed786
unpk,intensive,draft_for_manager,low,УНПК: в интенсив 2026 входит: Закрытый чат.,УНПК: в интенсив 2026 входит: Закрытый чат.,УНПК: в интенсив 2026 входит: Закрытый чат.,facts_for_bot_UNPK.yaml (Claude layer v3),document_verified,2026-12-31,2026-05-20,fact:v3:unpk:intensives_2026_ege_unpk_includes_6:407f5c405b
unpk,intensive,draft_for_manager,low,УНПК: в интенсив 2026 входит: Психподдержка.,УНПК: в интенсив 2026 входит: Психподдержка.,УНПК: в интенсив 2026 входит: Психподдержка.,facts_for_bot_UNPK.yaml (Claude layer v3),document_verified,2026-12-31,2026-05-20,fact:v3:unpk:intensives_2026_ege_unpk_includes_7:091fcc0569
unpk,intensive,draft_for_manager,low,УНПК: интенсивы 2026 — https://my.mts-link.ru/course-info/2022195.,УНПК: интенсивы 2026 — https://my.mts-link.ru/course-info/2022195.,УНПК: интенсивы 2026 — https://my.mts-link.ru/course-info/2022195.,facts_for_bot_UNPK.yaml (Claude layer v3),document_verified,2026-12-31,2026-05-20,fact:v3:unpk:intensives_2026_ege_unpk_links_math:9e577d64cf
unpk,intensive,draft_for_manager,low,УНПК: интенсивы 2026 — https://my.mts-link.ru/course-info/2022205.,УНПК: интенсивы 2026 — https://my.mts-link.ru/course-info/2022205.,УНПК: интенсивы 2026 — https://my.mts-link.ru/course-info/2022205.,facts_for_bot_UNPK.yaml (Claude layer v3),document_verified,2026-12-31,2026-05-20,fact:v3:unpk:intensives_2026_ege_unpk_links_physics:2315fc8e1e
unpk,price,bot_answer_self_for_pilot,low,"УНПК: интенсивы 2026, один блок — 9 400 ₽.","УНПК: интенсивы 2026, один блок — 9 400 ₽.","УНПК: интенсивы 2026, один блок — 9 400 ₽.",facts_for_bot_UNPK.yaml (Claude layer v3),document_verified,2026-12-31,2026-05-20,fact:v3:unpk:intensives_2026_ege_unpk_prices_one_block:0233880ebf
unpk,price,bot_answer_self_for_pilot,low,"УНПК: интенсивы 2026, один предмет — 18 800 ₽.","УНПК: интенсивы 2026, один предмет — 18 800 ₽.","УНПК: интенсивы 2026, один предмет — 18 800 ₽.",facts_for_bot_UNPK.yaml (Claude layer v3),document_verified,2026-12-31,2026-05-20,fact:v3:unpk:intensives_2026_ege_unpk_prices_one_subject:f3bf922d3a
unpk,price,bot_answer_self_for_pilot,low,"УНПК: интенсивы 2026, два предмета — 34 400 ₽.","УНПК: интенсивы 2026, два предмета — 34 400 ₽.","УНПК: интенсивы 2026, два предмета — 34 400 ₽.",facts_for_bot_UNPK.yaml (Claude layer v3),document_verified,2026-12-31,2026-05-20,fact:v3:unpk:intensives_2026_ege_unpk_prices_two_subjects:0b2766da8f
unpk,deadline,draft_for_manager,low,УНПК: интенсивы 2026 — 15 апреля 2026.,УНПК: интенсивы 2026 — 15 апреля 2026.,УНПК: интенсивы 2026 — 15 апреля 2026.,facts_for_bot_UNPK.yaml (Claude layer v3),document_verified,2026-12-31,2026-05-20,fact:v3:unpk:intensives_2026_ege_unpk_start_dates_math:85c88b0b7e
unpk,deadline,draft_for_manager,low,УНПК: интенсивы 2026 — 14 апреля 2026.,УНПК: интенсивы 2026 — 14 апреля 2026.,УНПК: интенсивы 2026 — 14 апреля 2026.,facts_for_bot_UNPK.yaml (Claude layer v3),document_verified,2026-12-31,2026-05-20,fact:v3:unpk:intensives_2026_ege_unpk_start_dates_physics:1d7dcef659
unpk,intensive,draft_for_manager,low,УНПК: среди предметов интенсива 2026 есть математика (профиль).,УНПК: среди предметов интенсива 2026 есть математика (профиль).,УНПК: среди предметов интенсива 2026 есть математика (профиль).,facts_for_bot_UNPK.yaml (Claude layer v3),document_verified,2026-12-31,2026-05-20,fact:v3:unpk:intensives_2026_ege_unpk_subjects_1:468f875a3b
unpk,intensive,draft_for_manager,low,УНПК: среди предметов интенсива 2026 есть физика.,УНПК: среди предметов интенсива 2026 есть физика.,УНПК: среди предметов интенсива 2026 есть физика.,facts_for_bot_UNPK.yaml (Claude layer v3),document_verified,2026-12-31,2026-05-20,fact:v3:unpk:intensives_2026_ege_unpk_subjects_2:8f8f8a56ae
unpk,intensive,draft_for_manager,low,УНПК: интенсивы 2026 — https://vk.me/join/SIL/XNtbEwYrLf9xVI/BdD/2drF1z1umzfA=.,УНПК: интенсивы 2026 — https://vk.me/join/SIL/XNtbEwYrLf9xVI/BdD/2drF1z1umzfA=.,УНПК: интенсивы 2026 — https://vk.me/join/SIL/XNtbEwYrLf9xVI/BdD/2drF1z1umzfA=.,facts_for_bot_UNPK.yaml (Claude layer v3),document_verified,2026-12-31,2026-05-20,fact:v3:unpk:intensives_2026_ege_unpk_vk_chat_11:8defe879e5
unpk,intensive,draft_for_manager,low,УНПК: этот интенсив в текущем бренде не проводится.,УНПК: этот интенсив в текущем бренде не проводится.,УНПК: этот интенсив в текущем бренде не проводится.,facts_for_bot_UNPK.yaml (Claude layer v3),document_verified,2026-12-31,2026-05-20,fact:v3:unpk:intensives_2026_oge_intensive_available_in_unpk:837729af45
unpk,intensive,draft_for_manager,low,УНПК: по вопросу об интенсиве менеджер подберёт подходящие варианты и свяжется в течение рабочего дня.,УНПК: по вопросу об интенсиве менеджер подберёт подходящие варианты и свяжется в течение рабочего дня.,УНПК: по вопросу об интенсиве менеджер подберёт подходящие варианты и свяжется в течение рабочего дня.,facts_for_bot_UNPK.yaml (Claude layer v3),document_verified,2026-12-31,2026-05-20,fact:v3:unpk:intensives_2026_oge_intensive_bot_behavior_when_asked:730f4987a8
unpk,documents,bot_answer_self_for_pilot,medium,УНПК: у учебного центра есть лицензия на образовательную деятельность.,УНПК: у учебного центра есть лицензия на образовательную деятельность.,УНПК: у учебного центра есть лицензия на образовательную деятельность.,facts_for_bot_UNPK.yaml (Claude layer v3),document_verified,2026-12-31,2026-05-20,fact:v3:unpk:licenses_client_safe_summary:5e168a5e56
unpk,location,draft_for_manager,low,"УНПК: адрес и место занятий — Сретенка, 20.","УНПК: адрес и место занятий — Сретенка, 20.","УНПК: адрес и место занятий — Сретенка, 20.",facts_for_bot_UNPK.yaml (Claude layer v3),document_verified,2026-12-31,2026-05-20,fact:v3:unpk:locations_unpk_addresses_1_address:0e2c490a04
unpk,location,draft_for_manager,low,УНПК: адрес и место занятий — Москва.,УНПК: адрес и место занятий — Москва.,УНПК: адрес и место занятий — Москва.,facts_for_bot_UNPK.yaml (Claude layer v3),document_verified,2026-12-31,2026-05-20,fact:v3:unpk:locations_unpk_addresses_1_city:175057a8f6
unpk,location,draft_for_manager,low,УНПК: адрес и место занятий — Чистые Пруды.,УНПК: адрес и место занятий — Чистые Пруды.,УНПК: адрес и место занятий — Чистые Пруды.,facts_for_bot_UNPK.yaml (Claude layer v3),document_verified,2026-12-31,2026-05-20,fact:v3:unpk:locations_unpk_addresses_1_metro:454c8bd358
unpk,location,draft_for_manager,low,"УНПК: адрес и место занятий — Институтский пер., 9 (МФТИ).","УНПК: адрес и место занятий — Институтский пер., 9 (МФТИ).","УНПК: адрес и место занятий — Институтский пер., 9 (МФТИ).",facts_for_bot_UNPK.yaml (Claude layer v3),document_verified,2026-12-31,2026-05-20,fact:v3:unpk:locations_unpk_addresses_2_address:f2bc039e1c
unpk,location,draft_for_manager,low,УНПК: адрес и место занятий — Долгопрудный.,УНПК: адрес и место занятий — Долгопрудный.,УНПК: адрес и место занятий — Долгопрудный.,facts_for_bot_UNPK.yaml (Claude layer v3),document_verified,2026-12-31,2026-05-20,fact:v3:unpk:locations_unpk_addresses_2_city:c6451d2c49
unpk,location,draft_for_manager,low,"УНПК: адрес и место занятий — Проспект Пацаева, 7к1.","УНПК: адрес и место занятий — Проспект Пацаева, 7к1.","УНПК: адрес и место занятий — Проспект Пацаева, 7к1.",facts_for_bot_UNPK.yaml (Claude layer v3),document_verified,2026-12-31,2026-05-20,fact:v3:unpk:locations_unpk_addresses_3_address:f09ec36ead
unpk,location,draft_for_manager,low,УНПК: адрес и место занятий — Долгопрудный.,УНПК: адрес и место занятий — Долгопрудный.,УНПК: адрес и место занятий — Долгопрудный.,facts_for_bot_UNPK.yaml (Claude layer v3),document_verified,2026-12-31,2026-05-20,fact:v3:unpk:locations_unpk_addresses_3_city:591c6798d8
unpk,location,draft_for_manager,low,"УНПК: адрес и место занятий — Льяловское шоссе, 1, посёлок Красный Воин.","УНПК: адрес и место занятий — Льяловское шоссе, 1, посёлок Красный Воин.","УНПК: адрес и место занятий — Льяловское шоссе, 1, посёлок Красный Воин.",facts_for_bot_UNPK.yaml (Claude layer v3),document_verified,2026-12-31,2026-05-20,fact:v3:unpk:locations_unpk_addresses_4_address:23ccf26102
unpk,location,draft_for_manager,low,УНПК: адрес и место занятий — Менделеево (ЛВШ).,УНПК: адрес и место занятий — Менделеево (ЛВШ).,УНПК: адрес и место занятий — Менделеево (ЛВШ).,facts_for_bot_UNPK.yaml (Claude layer v3),document_verified,2026-12-31,2026-05-20,fact:v3:unpk:locations_unpk_addresses_4_city:4d329e32db
unpk,location,draft_for_manager,low,"УНПК: адрес и место занятий, очно — нет.","УНПК: адрес и место занятий, очно — нет.","УНПК: адрес и место занятий, очно — нет.",facts_for_bot_UNPK.yaml (Claude layer v3),document_verified,2026-12-31,2026-05-20,fact:v3:unpk:locations_unpk_free_trial_offline_available:de63b125ac
unpk,location,draft_for_manager,low,УНПК: по бесплатному пробному очному занятию менеджер подскажет доступный вариант; лимит и возможность записи проверяются с куратором филиала.,УНПК: по бесплатному пробному очному занятию менеджер подскажет доступный вариант; лимит и возможность записи проверяются с куратором филиала.,УНПК: по бесплатному пробному очному занятию менеджер подскажет доступный вариант; лимит и возможность записи проверяются с куратором филиала.,facts_for_bot_UNPK.yaml (Claude layer v3),document_verified,2026-12-31,2026-05-20,fact:v3:unpk:locations_unpk_free_trial_offline_offer:22bbc8712d
unpk,camp_lvsh,draft_for_manager,low,УНПК: в ЛВШ Менделеево по текущим данным есть кондиционирование.,УНПК: в ЛВШ Менделеево по текущим данным есть кондиционирование.,УНПК: в ЛВШ Менделеево по текущим данным есть кондиционирование.,facts_for_bot_UNPK.yaml (Claude layer v3),document_verified,2026-08-31,2026-05-20,fact:v3:unpk:lvsh_mendeleevo_2026_accommodation_air_conditioning:aed720843a
unpk,camp_lvsh,draft_for_manager,low,УНПК: в ЛВШ Менделеево предусмотрено 5 приёмов пищи в день.,УНПК: в ЛВШ Менделеево предусмотрено 5 приёмов пищи в день.,УНПК: в ЛВШ Менделеево предусмотрено 5 приёмов пищи в день.,facts_for_bot_UNPK.yaml (Claude layer v3),document_verified,2026-08-31,2026-05-20,fact:v3:unpk:lvsh_mendeleevo_2026_accommodation_meals_per_day:f9c7d957ee
unpk,camp_lvsh,draft_for_manager,low,УНПК: ЛВШ Менделеево — 2-3 человека.,УНПК: ЛВШ Менделеево — 2-3 человека.,УНПК: ЛВШ Менделеево — 2-3 человека.,facts_for_bot_UNPK.yaml (Claude layer v3),document_verified,2026-08-31,2026-05-20,fact:v3:unpk:lvsh_mendeleevo_2026_accommodation_room_capacity:e6d59eb997
unpk,camp_lvsh,draft_for_manager,low,УНПК: ЛВШ Менделеево — 5-10 класс (окончившие).,УНПК: ЛВШ Менделеево — 5-10 класс (окончившие).,УНПК: ЛВШ Менделеево — 5-10 класс (окончившие).,facts_for_bot_UNPK.yaml (Claude layer v3),document_verified,2026-08-31,2026-05-20,fact:v3:unpk:lvsh_mendeleevo_2026_audience:8fbc0262b0
unpk,course_parameter,draft_for_manager,low,УНПК: ЛВШ Менделеево для физико-математического направления рассчитана на 5-10 классы.,УНПК: ЛВШ Менделеево для физико-математического направления рассчитана на 5-10 классы.,УНПК: ЛВШ Менделеево для физико-математического направления рассчитана на 5-10 классы.,facts_for_bot_UNPK.yaml (Claude layer v3),document_verified,2026-08-31,2026-05-20,fact:v3:unpk:lvsh_mendeleevo_2026_directions_fizmat_classes:5266552dcc
unpk,camp_lvsh,draft_for_manager,low,УНПК: в ЛВШ Менделеево для физико-математического направления есть предмет «физика».,УНПК: в ЛВШ Менделеево для физико-математического направления есть предмет «физика».,УНПК: в ЛВШ Менделеево для физико-математического направления есть предмет «физика».,facts_for_bot_UNPK.yaml (Claude layer v3),document_verified,2026-08-31,2026-05-20,fact:v3:unpk:lvsh_mendeleevo_2026_directions_fizmat_subjects_1:ae0c22f446
unpk,camp_lvsh,draft_for_manager,low,УНПК: в ЛВШ Менделеево для физико-математического направления есть предмет «математика».,УНПК: в ЛВШ Менделеево для физико-математического направления есть предмет «математика».,УНПК: в ЛВШ Менделеево для физико-математического направления есть предмет «математика».,facts_for_bot_UNPK.yaml (Claude layer v3),document_verified,2026-08-31,2026-05-20,fact:v3:unpk:lvsh_mendeleevo_2026_directions_fizmat_subjects_2:039f6527a6
unpk,course_parameter,draft_for_manager,low,УНПК: ЛВШ Менделеево для IT-направления рассчитана на 7-10 классы.,УНПК: ЛВШ Менделеево для IT-направления рассчитана на 7-10 классы.,УНПК: ЛВШ Менделеево для IT-направления рассчитана на 7-10 классы.,facts_for_bot_UNPK.yaml (Claude layer v3),document_verified,2026-08-31,2026-05-20,fact:v3:unpk:lvsh_mendeleevo_2026_directions_it_classes:bbd85fed38
unpk,camp_lvsh,draft_for_manager,low,УНПК: в ЛВШ Менделеево для IT-направления есть предмет «Python».,УНПК: в ЛВШ Менделеево для IT-направления есть предмет «Python».,УНПК: в ЛВШ Менделеево для IT-направления есть предмет «Python».,facts_for_bot_UNPK.yaml (Claude layer v3),document_verified,2026-08-31,2026-05-20,fact:v3:unpk:lvsh_mendeleevo_2026_directions_it_subjects_1:566cb6f8a9
unpk,camp_lvsh,draft_for_manager,low,УНПК: в ЛВШ Менделеево для IT-направления есть предмет «проектная деятельность».,УНПК: в ЛВШ Менделеево для IT-направления есть предмет «проектная деятельность».,УНПК: в ЛВШ Менделеево для IT-направления есть предмет «проектная деятельность».,facts_for_bot_UNPK.yaml (Claude layer v3),document_verified,2026-08-31,2026-05-20,fact:v3:unpk:lvsh_mendeleevo_2026_directions_it_subjects_2:947a5f4f11
unpk,camp_lvsh,draft_for_manager,low,"УНПК: ЛВШ Менделеево — Московская область, Солнечногорский район, посёлок Красный Воин, Льяловское шоссе, 1.","УНПК: ЛВШ Менделеево — Московская область, Солнечногорский район, посёлок Красный Воин, Льяловское шоссе, 1.","УНПК: ЛВШ Менделеево — Московская область, Солнечногорский район, посёлок Красный Воин, Льяловское шоссе, 1.",facts_for_bot_UNPK.yaml (Claude layer v3),document_verified,2026-08-31,2026-05-20,fact:v3:unpk:lvsh_mendeleevo_2026_location_address:a5f22cfdfa
unpk,camp_lvsh,draft_for_manager,low,"УНПК: ЛВШ Менделеево, название — УСК «Менделеево».","УНПК: ЛВШ Менделеево, название — УСК «Менделеево».","УНПК: ЛВШ Менделеево, название — УСК «Менделеево».",facts_for_bot_UNPK.yaml (Claude layer v3),document_verified,2026-08-31,2026-05-20,fact:v3:unpk:lvsh_mendeleevo_2026_location_name:52f587eb67
unpk,price,bot_answer_self_for_pilot,low,УНПК: ЛВШ Менделеево — 15 000 ₽.,УНПК: ЛВШ Менделеево — 15 000 ₽.,УНПК: ЛВШ Менделеево — 15 000 ₽.,facts_for_bot_UNPK.yaml (Claude layer v3),document_verified,2026-08-31,2026-05-20,fact:v3:unpk:lvsh_mendeleevo_2026_pricing_2026_booking_deposit:fce2e756ca
unpk,price,bot_answer_self_for_pilot,low,УНПК: полная стоимость ЛВШ Менделеево — 120 000 ₽.,УНПК: полная стоимость ЛВШ Менделеево — 120 000 ₽.,УНПК: полная стоимость ЛВШ Менделеево — 120 000 ₽.,facts_for_bot_UNPK.yaml (Claude layer v3),document_verified,2026-08-31,2026-05-20,fact:v3:unpk:lvsh_mendeleevo_2026_pricing_2026_main_full:f4bb994a92
unpk,price,bot_answer_self_for_pilot,low,УНПК: минимальная стоимость ЛВШ Менделеево по текущим условиям — 83 800 ₽.,УНПК: минимальная стоимость ЛВШ Менделеево по текущим условиям — 83 800 ₽.,УНПК: минимальная стоимость ЛВШ Менделеево по текущим условиям — 83 800 ₽.,facts_for_bot_UNPK.yaml (Claude layer v3),document_verified,2026-08-31,2026-05-20,fact:v3:unpk:lvsh_mendeleevo_2026_pricing_2026_main_min:db163c1225
unpk,discount,bot_answer_self_for_pilot,low,УНПК: при применении скидки 25% стоимость ЛВШ Менделеево составляет 89 900 ₽.,УНПК: при применении скидки 25% стоимость ЛВШ Менделеево составляет 89 900 ₽.,УНПК: при применении скидки 25% стоимость ЛВШ Менделеево составляет 89 900 ₽.,facts_for_bot_UNPK.yaml (Claude layer v3),document_verified,2026-08-31,2026-05-20,fact:v3:unpk:lvsh_mendeleevo_2026_pricing_2026_main_with_25_pct_discount:213c56cce1
unpk,course_parameter,draft_for_manager,low,"УНПК: ЛВШ Менделеево, пар в день — 3 пары.","УНПК: ЛВШ Менделеево, пар в день — 3 пары.","УНПК: ЛВШ Менделеево, пар в день — 3 пары.",facts_for_bot_UNPK.yaml (Claude layer v3),document_verified,2026-08-31,2026-05-20,fact:v3:unpk:lvsh_mendeleevo_2026_program_daily_pairs:849ecbde3c
unpk,camp_lvsh,draft_for_manager,low,УНПК: размер группы в ЛВШ Менделеево — 12-15 человек.,УНПК: размер группы в ЛВШ Менделеево — 12-15 человек.,УНПК: размер группы в ЛВШ Менделеево — 12-15 человек.,facts_for_bot_UNPK.yaml (Claude layer v3),document_verified,2026-08-31,2026-05-20,fact:v3:unpk:lvsh_mendeleevo_2026_program_group_size:f6be4ebcad
unpk,course_parameter,draft_for_manager,low,"УНПК: ЛВШ Менделеево, длительность пары — 110 минут.","УНПК: ЛВШ Менделеево, длительность пары — 110 минут.","УНПК: ЛВШ Менделеево, длительность пары — 110 минут.",facts_for_bot_UNPK.yaml (Claude layer v3),document_verified,2026-08-31,2026-05-20,fact:v3:unpk:lvsh_mendeleevo_2026_program_pair_duration_minutes:d32afbe24c
unpk,camp_lvsh,draft_for_manager,low,УНПК: ЛВШ Менделеево — 72+.,УНПК: ЛВШ Менделеево — 72+.,УНПК: ЛВШ Менделеево — 72+.,facts_for_bot_UNPK.yaml (Claude layer v3),document_verified,2026-08-31,2026-05-20,fact:v3:unpk:lvsh_mendeleevo_2026_program_total_academic_hours:c4c9b88ea6
unpk,camp_lvsh,draft_for_manager,low,"УНПК: ЛВШ Менделеево, Москва — да.","УНПК: ЛВШ Менделеево, Москва — да.","УНПК: ЛВШ Менделеево, Москва — да.",facts_for_bot_UNPK.yaml (Claude layer v3),document_verified,2026-08-31,2026-05-20,fact:v3:unpk:lvsh_mendeleevo_2026_transfer_from_moscow_available:f2d05f9da7
unpk,camp_lvsh,draft_for_manager,low,"УНПК: ЛВШ Менделеево, Москва — 2026-05-20.","УНПК: ЛВШ Менделеево, Москва — 2026-05-20.","УНПК: ЛВШ Менделеево, Москва — 2026-05-20.",facts_for_bot_UNPK.yaml (Claude layer v3),document_verified,2026-08-31,2026-05-20,fact:v3:unpk:lvsh_mendeleevo_2026_transfer_from_moscow_confirmed_by_team:887abe4bbc
unpk,price,bot_answer_self_for_pilot,low,"УНПК: ЛВШ Менделеево, Москва — бесплатно.","УНПК: ЛВШ Менделеево, Москва — бесплатно.","УНПК: ЛВШ Менделеево, Москва — бесплатно.",facts_for_bot_UNPK.yaml (Claude layer v3),document_verified,2026-08-31,2026-05-20,fact:v3:unpk:lvsh_mendeleevo_2026_transfer_from_moscow_cost:f5554202e5
unpk,matkap,bot_answer_self_for_pilot,low,УНПК: материнский капитал — Договор + лицензия + реквизиты.,УНПК: материнский капитал — Договор + лицензия + реквизиты.,УНПК: материнский капитал — Договор + лицензия + реквизиты.,facts_for_bot_UNPK.yaml (Claude layer v3),document_verified,2026-12-31,2026-05-20,fact:v3:unpk:certificates_types_for_matkap_content:ae0a6d2f4b
unpk,matkap,bot_answer_self_for_pilot,low,"УНПК: материнский капитал можно использовать, если ребёнку, на которого оформлен сертификат, исполнилось 3 года.","УНПК: материнский капитал можно использовать, если ребёнку, на которого оформлен сертификат, исполнилось 3 года.","УНПК: материнский капитал можно использовать, если ребёнку, на которого оформлен сертификат, исполнилось 3 года.",facts_for_bot_UNPK.yaml (Claude layer v3),document_verified,2026-12-31,2026-05-20,fact:v3:unpk:matkap_child_age_sertificate_owner_min:5d054d6e08
unpk,matkap,bot_answer_self_for_pilot,low,УНПК: обучение с оплатой материнским капиталом возможно для ученика до 18 лет.,УНПК: обучение с оплатой материнским капиталом возможно для ученика до 18 лет.,УНПК: обучение с оплатой материнским капиталом возможно для ученика до 18 лет.,facts_for_bot_UNPK.yaml (Claude layer v3),document_verified,2026-12-31,2026-05-20,fact:v3:unpk:matkap_child_age_student_max:b9c59d4429
unpk,matkap,bot_answer_self_for_pilot,low,"Если ученику уже 18 лет или больше, по возрастным условиям маткапитала есть ограничения. Уточню у менеджера, подходит ли ваш случай — он свяжется в течение рабочего дня.","Если ученику уже 18 лет или больше, по возрастным условиям маткапитала есть ограничения. Уточню у менеджера, подходит ли ваш случай — он свяжется в течение рабочего дня.","Если ученику уже 18 лет или больше, по возрастным условиям маткапитала есть ограничения. Уточню у менеджера, подходит ли ваш случай — он свяжется в течение рабочего дня.",facts_for_bot_UNPK.yaml (Claude layer v3),document_verified,2026-12-31,2026-05-20,fact:v3:unpk:matkap_client_safe_text_when_age_over_18:8ae5f2849f
unpk,matkap,bot_answer_self_for_pilot,low,"Да, оплата материнским капиталом возможна. Работаем с федеральным маткапиталом. Менеджер пришлёт перечень документов и поможет с оформлением через СФР. Подскажите ФИО ребёнка и какой курс рассматриваете.","Да, оплата материнским капиталом возможна. Работаем с федеральным маткапиталом. Менеджер пришлёт перечень документов и поможет с оформлением через СФР. Подскажите ФИО ребёнка и какой курс рассматриваете.","Да, оплата материнским капиталом возможна. Работаем с федеральным маткапиталом. Менеджер пришлёт перечень документов и поможет с оформлением через СФР. Подскажите ФИО ребёнка и какой курс рассматриваете.",facts_for_bot_UNPK.yaml (Claude layer v3),document_verified,2026-12-31,2026-05-20,fact:v3:unpk:matkap_client_safe_text_when_asked:680f57f849
unpk,matkap,bot_answer_self_for_pilot,low,"К сожалению, региональный маткапитал не принимаем. Если у вас федеральный — менеджер подскажет порядок оформления.","К сожалению, региональный маткапитал не принимаем. Если у вас федеральный — менеджер подскажет порядок оформления.","К сожалению, региональный маткапитал не принимаем. Если у вас федеральный — менеджер подскажет порядок оформления.",facts_for_bot_UNPK.yaml (Claude layer v3),document_verified,2026-12-31,2026-05-20,fact:v3:unpk:matkap_client_safe_text_when_regional:d8fe1135e6
unpk,matkap,bot_answer_self_for_pilot,low,"Срок рассмотрения в СФР — до 10 рабочих дней, плюс ещё до 5 дней на перевод. Итого до 15 дней.","Срок рассмотрения в СФР — до 10 рабочих дней, плюс ещё до 5 дней на перевод. Итого до 15 дней.","Срок рассмотрения в СФР — до 10 рабочих дней, плюс ещё до 5 дней на перевод. Итого до 15 дней.",facts_for_bot_UNPK.yaml (Claude layer v3),document_verified,2026-12-31,2026-05-20,fact:v3:unpk:matkap_client_safe_text_when_timeline:a8ebef5d29
unpk,matkap,bot_answer_self_for_pilot,low,УНПК: по текущим правилам можно использовать федеральный материнский капитал.,УНПК: по текущим правилам можно использовать федеральный материнский капитал.,УНПК: по текущим правилам можно использовать федеральный материнский капитал.,facts_for_bot_UNPK.yaml (Claude layer v3),document_verified,2026-12-31,2026-05-20,fact:v3:unpk:matkap_rule_federal_only:6269126a5d
unpk,matkap,bot_answer_self_for_pilot,low,УНПК: СФР рассматривает заявление на оплату материнским капиталом до 10 рабочих дней.,УНПК: СФР рассматривает заявление на оплату материнским капиталом до 10 рабочих дней.,УНПК: СФР рассматривает заявление на оплату материнским капиталом до 10 рабочих дней.,facts_for_bot_UNPK.yaml (Claude layer v3),document_verified,2026-12-31,2026-05-20,fact:v3:unpk:matkap_timeline_sfr_review_days:0229f18ad5
unpk,matkap,bot_answer_self_for_pilot,low,УНПК: весь цикл проверки и перевода материнского капитала может занимать до 15 рабочих дней.,УНПК: весь цикл проверки и перевода материнского капитала может занимать до 15 рабочих дней.,УНПК: весь цикл проверки и перевода материнского капитала может занимать до 15 рабочих дней.,facts_for_bot_UNPK.yaml (Claude layer v3),document_verified,2026-12-31,2026-05-20,fact:v3:unpk:matkap_timeline_total_max_days:0c53ff3869
unpk,matkap,bot_answer_self_for_pilot,low,УНПК: после одобрения СФР перевод средств обычно занимает до 5 рабочих дней.,УНПК: после одобрения СФР перевод средств обычно занимает до 5 рабочих дней.,УНПК: после одобрения СФР перевод средств обычно занимает до 5 рабочих дней.,facts_for_bot_UNPK.yaml (Claude layer v3),document_verified,2026-12-31,2026-05-20,fact:v3:unpk:matkap_timeline_transfer_days:fed4bc144b
unpk,program,draft_for_manager,low,"УНПК: черновик для ситуации «вопрос о связи брендов»: Это отдельные организации, по вашему вопросу сориентирую в рамках текущего учебного центра.","УНПК: черновик для ситуации «вопрос о связи брендов»: Это отдельные организации, по вашему вопросу сориентирую в рамках текущего учебного центра.","УНПК: черновик для ситуации «вопрос о связи брендов»: Это отдельные организации, по вашему вопросу сориентирую в рамках текущего учебного центра.",facts_for_bot_UNPK.yaml (Claude layer v3),document_verified,2027-08-31,2026-05-20,fact:v3:unpk:objection_responses_brand_link_question_approved_response:79a75f23b7
unpk,program,draft_for_manager,low,"УНПК: черновик для ситуации «вопрос о связи брендов»: Я могу подсказать только про УНПК МФТИ и, к сожалению, не владею информацией про другие организации.","УНПК: черновик для ситуации «вопрос о связи брендов»: Я могу подсказать только про УНПК МФТИ и, к сожалению, не владею информацией про другие организации.","УНПК: черновик для ситуации «вопрос о связи брендов»: Я могу подсказать только про УНПК МФТИ и, к сожалению, не владею информацией про другие организации.",facts_for_bot_UNPK.yaml (Claude layer v3),document_verified,2027-08-31,2026-05-20,fact:v3:unpk:objection_responses_brand_link_question_followup_phrase:5e3e24cc15
unpk,program,draft_for_manager,low,УНПК: черновик для ситуации «возражение о неудобном времени»: Разные слоты по выходным.,УНПК: черновик для ситуации «возражение о неудобном времени»: Разные слоты по выходным.,УНПК: черновик для ситуации «возражение о неудобном времени»: Разные слоты по выходным.,facts_for_bot_UNPK.yaml (Claude layer v3),document_verified,2027-08-31,2026-05-20,fact:v3:unpk:objection_responses_inconvenient_time_1:9cd9dc51e7
unpk,program,draft_for_manager,low,УНПК: черновик для ситуации «возражение о неудобном времени»: Онлайн с записью.,УНПК: черновик для ситуации «возражение о неудобном времени»: Онлайн с записью.,УНПК: черновик для ситуации «возражение о неудобном времени»: Онлайн с записью.,facts_for_bot_UNPK.yaml (Claude layer v3),document_verified,2027-08-31,2026-05-20,fact:v3:unpk:objection_responses_inconvenient_time_2:5f3c03ee19
unpk,program,draft_for_manager,low,"УНПК: черновик для ситуации «вопрос о том, кто отвечает клиенту»: Я помощник менеджера, помогу с вопросом или передам коллеге.","УНПК: черновик для ситуации «вопрос о том, кто отвечает клиенту»: Я помощник менеджера, помогу с вопросом или передам коллеге.","УНПК: черновик для ситуации «вопрос о том, кто отвечает клиенту»: Я помощник менеджера, помогу с вопросом или передам коллеге.",facts_for_bot_UNPK.yaml (Claude layer v3),document_verified,2027-08-31,2026-05-20,fact:v3:unpk:objection_responses_is_it_bot:6198721f74
unpk,program,draft_for_manager,low,УНПК: черновик для ситуации «возражение о стоимости лагеря»: Предоплата 15 000 ₽ фиксирует цену.,УНПК: черновик для ситуации «возражение о стоимости лагеря»: Предоплата 15 000 ₽ фиксирует цену.,УНПК: черновик для ситуации «возражение о стоимости лагеря»: Предоплата 15 000 ₽ фиксирует цену.,facts_for_bot_UNPK.yaml (Claude layer v3),document_verified,2027-08-31,2026-05-20,fact:v3:unpk:objection_responses_too_expensive_camp_1:66c9e65582
unpk,program,draft_for_manager,low,УНПК: черновик для ситуации «возражение о стоимости лагеря»: Применяется наибольшая из доступных скидок.,УНПК: черновик для ситуации «возражение о стоимости лагеря»: Применяется наибольшая из доступных скидок.,УНПК: черновик для ситуации «возражение о стоимости лагеря»: Применяется наибольшая из доступных скидок.,facts_for_bot_UNPK.yaml (Claude layer v3),document_verified,2027-08-31,2026-05-20,fact:v3:unpk:objection_responses_too_expensive_camp_2:1a5c97206a
unpk,program,draft_for_manager,low,УНПК: черновик для ситуации «возражение о стоимости курса»: 20% на 2-й и последующие предметы.,УНПК: черновик для ситуации «возражение о стоимости курса»: 20% на 2-й и последующие предметы.,УНПК: черновик для ситуации «возражение о стоимости курса»: 20% на 2-й и последующие предметы.,facts_for_bot_UNPK.yaml (Claude layer v3),document_verified,2027-08-31,2026-05-20,fact:v3:unpk:objection_responses_too_expensive_course_1:672a55b4e2
unpk,program,draft_for_manager,low,УНПК: черновик для ситуации «возражение о стоимости курса»: Многодетным 10%.,УНПК: черновик для ситуации «возражение о стоимости курса»: Многодетным 10%.,УНПК: черновик для ситуации «возражение о стоимости курса»: Многодетным 10%.,facts_for_bot_UNPK.yaml (Claude layer v3),document_verified,2027-08-31,2026-05-20,fact:v3:unpk:objection_responses_too_expensive_course_2:3344c75d00
unpk,program,draft_for_manager,low,УНПК: черновик для ситуации «возражение о стоимости курса»: Сотрудникам МФТИ 10%.,УНПК: черновик для ситуации «возражение о стоимости курса»: Сотрудникам МФТИ 10%.,УНПК: черновик для ситуации «возражение о стоимости курса»: Сотрудникам МФТИ 10%.,facts_for_bot_UNPK.yaml (Claude layer v3),document_verified,2027-08-31,2026-05-20,fact:v3:unpk:objection_responses_too_expensive_course_3:f09a084d41
unpk,program,draft_for_manager,low,УНПК: черновик для ситуации «возражение о стоимости курса»: Семестр/год скидки 10-14%.,УНПК: черновик для ситуации «возражение о стоимости курса»: Семестр/год скидки 10-14%.,УНПК: черновик для ситуации «возражение о стоимости курса»: Семестр/год скидки 10-14%.,facts_for_bot_UNPK.yaml (Claude layer v3),document_verified,2027-08-31,2026-05-20,fact:v3:unpk:objection_responses_too_expensive_course_4:16034fc9a4
unpk,program,draft_for_manager,low,УНПК: черновик для ситуации «возражение о стоимости курса»: Приведи друга — кэшбек 10 000 ₽ очно или 5 000 ₽ онлайн; условие: проверить по программе «приведи друга» перед отправкой.,УНПК: черновик для ситуации «возражение о стоимости курса»: Приведи друга — кэшбек 10 000 ₽ очно или 5 000 ₽ онлайн; условие: проверить по программе «приведи друга» перед отправкой.,УНПК: черновик для ситуации «возражение о стоимости курса»: Приведи друга — кэшбек 10 000 ₽ очно или 5 000 ₽ онлайн; условие: проверить по программе «приведи друга» перед отправкой.,facts_for_bot_UNPK.yaml (Claude layer v3),document_verified,2027-08-31,2026-05-20,fact:v3:unpk:objection_responses_too_expensive_course_5:73b9830683
unpk,course_parameter,draft_for_manager,low,"УНПК: цены на 2026/27 учебный год, 9 и 11 класс, онлайн, классы — 9 и 11.","УНПК: цены на 2026/27 учебный год, 9 и 11 класс, онлайн, классы — 9 и 11.","УНПК: цены на 2026/27 учебный год, 9 и 11 класс, онлайн, классы — 9 и 11.",facts_for_bot_UNPK.yaml (Claude layer v3),document_verified,2027-08-31,2026-05-20,fact:v3:unpk:prices_regular_2026_27_online_olympiad_phystech_9_and_11_classes:c0cf35a21a
unpk,price,bot_answer_self_for_pilot,low,"УНПК: цены на 2026/27 учебный год, 9 и 11 класс, онлайн, продукт — Олимпиадная подготовка Физтех.","УНПК: цены на 2026/27 учебный год, 9 и 11 класс, онлайн, продукт — Олимпиадная подготовка Физтех.","УНПК: цены на 2026/27 учебный год, 9 и 11 класс, онлайн, продукт — Олимпиадная подготовка Физтех.",facts_for_bot_UNPK.yaml (Claude layer v3),document_verified,2027-08-31,2026-05-20,fact:v3:unpk:prices_regular_2026_27_online_olympiad_phystech_9_and_11_product:5237936443
unpk,course_parameter,draft_for_manager,low,"УНПК: цены на 2026/27 учебный год, 9 и 11 класс, онлайн, расписание — будни.","УНПК: цены на 2026/27 учебный год, 9 и 11 класс, онлайн, расписание — будни.","УНПК: цены на 2026/27 учебный год, 9 и 11 класс, онлайн, расписание — будни.",facts_for_bot_UNPK.yaml (Claude layer v3),document_verified,2027-08-31,2026-05-20,fact:v3:unpk:prices_regular_2026_27_online_olympiad_phystech_9_and_11_schedule:0dcf8c7f43
unpk,price,bot_answer_self_for_pilot,low,"УНПК: цены на 2026/27 учебный год, 9 и 11 класс, онлайн, семестр — 41 800 ₽.","УНПК: цены на 2026/27 учебный год, 9 и 11 класс, онлайн, семестр — 41 800 ₽.","УНПК: цены на 2026/27 учебный год, 9 и 11 класс, онлайн, семестр — 41 800 ₽.",facts_for_bot_UNPK.yaml (Claude layer v3),document_verified,2027-08-31,2026-05-20,fact:v3:unpk:prices_regular_2026_27_online_olympiad_phystech_9_and_11_semester:e0276768ba
unpk,price,bot_answer_self_for_pilot,low,"УНПК: цены на 2026/27 учебный год, 9 и 11 класс, онлайн, год — 69 900 ₽.","УНПК: цены на 2026/27 учебный год, 9 и 11 класс, онлайн, год — 69 900 ₽.","УНПК: цены на 2026/27 учебный год, 9 и 11 класс, онлайн, год — 69 900 ₽.",facts_for_bot_UNPK.yaml (Claude layer v3),document_verified,2027-08-31,2026-05-20,fact:v3:unpk:prices_regular_2026_27_online_olympiad_phystech_9_and_11_year:a13c2c4375
unpk,program,draft_for_manager,low,УНПК: на онлайн-платформе есть уровень обучения: базовый.,УНПК: на онлайн-платформе есть уровень обучения: базовый.,УНПК: на онлайн-платформе есть уровень обучения: базовый.,facts_for_bot_UNPK.yaml (Claude layer v3),document_verified,2027-08-31,2026-05-20,fact:v3:unpk:online_platform_levels_1:453b1c3376
unpk,program,draft_for_manager,low,УНПК: на онлайн-платформе есть уровень обучения: продвинутый.,УНПК: на онлайн-платформе есть уровень обучения: продвинутый.,УНПК: на онлайн-платформе есть уровень обучения: продвинутый.,facts_for_bot_UNPK.yaml (Claude layer v3),document_verified,2027-08-31,2026-05-20,fact:v3:unpk:online_platform_levels_2:1752fbd5ad
unpk,program,draft_for_manager,low,УНПК: на онлайн-платформе есть уровень обучения: олимпиадный.,УНПК: на онлайн-платформе есть уровень обучения: олимпиадный.,УНПК: на онлайн-платформе есть уровень обучения: олимпиадный.,facts_for_bot_UNPK.yaml (Claude layer v3),document_verified,2027-08-31,2026-05-20,fact:v3:unpk:online_platform_levels_3:d4796d8d2a
unpk,program,draft_for_manager,low,"УНПК: онлайн-платформа, онлайн, название — МТС Линк (бывший Webinar).","УНПК: онлайн-платформа, онлайн, название — МТС Линк (бывший Webinar).","УНПК: онлайн-платформа, онлайн, название — МТС Линк (бывший Webinar).",facts_for_bot_UNPK.yaml (Claude layer v3),document_verified,2027-08-31,2026-05-20,fact:v3:unpk:online_platform_name:338f3c0a7d
unpk,program,draft_for_manager,low,"УНПК: онлайн-платформа, очно — 6-12 человек.","УНПК: онлайн-платформа, очно — 6-12 человек.","УНПК: онлайн-платформа, очно — 6-12 человек.",facts_for_bot_UNPK.yaml (Claude layer v3),document_verified,2027-08-31,2026-05-20,fact:v3:unpk:online_platform_offline_group_size:2699de13fd
unpk,program,draft_for_manager,low,УНПК: на онлайн-платформе доступны записи занятий.,УНПК: на онлайн-платформе доступны записи занятий.,УНПК: на онлайн-платформе доступны записи занятий.,facts_for_bot_UNPK.yaml (Claude layer v3),document_verified,2027-08-31,2026-05-20,fact:v3:unpk:online_platform_recording:5ff73de076
unpk,price,bot_answer_self_for_pilot,low,"УНПК: цены на 2026/27 учебный год, 1-4 класс, очно, семестр — 31 000 ₽.","УНПК: цены на 2026/27 учебный год, 1-4 класс, очно, семестр — 31 000 ₽.","УНПК: цены на 2026/27 учебный год, 1-4 класс, очно, семестр — 31 000 ₽.",facts_for_bot_UNPK.yaml (Claude layer v3),document_verified,2026-07-01,2026-05-20,fact:v3:unpk:prices_regular_2026_27_offline_1_4_class_before_2026_07_01_semester:822adda0a0
unpk,price,bot_answer_self_for_pilot,low,"УНПК: цены на 2026/27 учебный год, 1-4 класс, очно, год — 51 700 ₽.","УНПК: цены на 2026/27 учебный год, 1-4 класс, очно, год — 51 700 ₽.","УНПК: цены на 2026/27 учебный год, 1-4 класс, очно, год — 51 700 ₽.",facts_for_bot_UNPK.yaml (Claude layer v3),document_verified,2026-07-01,2026-05-20,fact:v3:unpk:prices_regular_2026_27_offline_1_4_class_before_2026_07_01_year:dde3131cf8
unpk,price,bot_answer_self_for_pilot,low,"УНПК: цены на 2026/27 учебный год, 5-11 класс, очно, семестр — 49 000 ₽.","УНПК: цены на 2026/27 учебный год, 5-11 класс, очно, семестр — 49 000 ₽.","УНПК: цены на 2026/27 учебный год, 5-11 класс, очно, семестр — 49 000 ₽.",facts_for_bot_UNPK.yaml (Claude layer v3),document_verified,2026-07-01,2026-05-20,fact:v3:unpk:prices_regular_2026_27_offline_5_11_class_before_2026_07_01_semester:091cddc130
unpk,price,bot_answer_self_for_pilot,low,"УНПК: цены на 2026/27 учебный год, 5-11 класс, очно, год — 82 000 ₽.","УНПК: цены на 2026/27 учебный год, 5-11 класс, очно, год — 82 000 ₽.","УНПК: цены на 2026/27 учебный год, 5-11 класс, очно, год — 82 000 ₽.",facts_for_bot_UNPK.yaml (Claude layer v3),document_verified,2026-07-01,2026-05-20,fact:v3:unpk:prices_regular_2026_27_offline_5_11_class_before_2026_07_01_year:c9c10537f7
unpk,program,draft_for_manager,low,УНПК: средний результат ЕГЭ у учеников выше среднего по стране на 25 баллов.,УНПК: средний результат ЕГЭ у учеников выше среднего по стране на 25 баллов.,УНПК: средний результат ЕГЭ у учеников выше среднего по стране на 25 баллов.,facts_for_bot_UNPK.yaml (Claude layer v3),document_verified,2026-12-31,2026-05-20,fact:v3:unpk:results_social_proof_ege_avg_above_country_pts:ab973898b2
unpk,program,draft_for_manager,low,УНПК: по текущим данным 92% учеников получили оценку 5 на ОГЭ.,УНПК: по текущим данным 92% учеников получили оценку 5 на ОГЭ.,УНПК: по текущим данным 92% учеников получили оценку 5 на ОГЭ.,facts_for_bot_UNPK.yaml (Claude layer v3),document_verified,2026-12-31,2026-05-20,fact:v3:unpk:results_social_proof_oge_grade_5_pct:e479f7ed4d
unpk,program,draft_for_manager,low,УНПК: в 2024 году указано 14 победителей и призёров олимпиады «Физтех».,УНПК: в 2024 году указано 14 победителей и призёров олимпиады «Физтех».,УНПК: в 2024 году указано 14 победителей и призёров олимпиады «Физтех».,facts_for_bot_UNPK.yaml (Claude layer v3),document_verified,2026-12-31,2026-05-20,fact:v3:unpk:results_social_proof_olymp_fiztech_2024_winners:c7c72fa260
unpk,program,draft_for_manager,low,УНПК: по текущим данным через обучение прошло более 100 000 учеников.,УНПК: по текущим данным через обучение прошло более 100 000 учеников.,УНПК: по текущим данным через обучение прошло более 100 000 учеников.,facts_for_bot_UNPK.yaml (Claude layer v3),document_verified,2026-12-31,2026-05-20,fact:v3:unpk:results_social_proof_total_alumni:8c9b661c85
unpk,program,draft_for_manager,low,УНПК: по текущим данным через обучение прошло более 2 026 учеников.,УНПК: по текущим данным через обучение прошло более 2 026 учеников.,УНПК: по текущим данным через обучение прошло более 2 026 учеников.,facts_for_bot_UNPK.yaml (Claude layer v3),document_verified,2026-12-31,2026-05-20,fact:v3:unpk:results_social_proof_total_alumni_confirmation:f27d788bb6
unpk,program,draft_for_manager,low,УНПК: по текущим данным 97% выпускников поступили в вузы.,УНПК: по текущим данным 97% выпускников поступили в вузы.,УНПК: по текущим данным 97% выпускников поступили в вузы.,facts_for_bot_UNPK.yaml (Claude layer v3),document_verified,2026-12-31,2026-05-20,fact:v3:unpk:results_social_proof_university_admission_pct:6d2b6a0020
unpk,tax,bot_answer_self_for_pilot,low,УНПК: налоговый вычет — КНД 1151158.,УНПК: налоговый вычет — КНД 1151158.,УНПК: налоговый вычет — КНД 1151158.,facts_for_bot_UNPK.yaml (Claude layer v3),document_verified,2026-12-31,2026-05-20,fact:v3:unpk:certificates_types_payment_for_tax_deduction_form:c63fda47c2
unpk,tax,bot_answer_self_for_pilot,low,УНПК: налоговый вычет — да.,УНПК: налоговый вычет — да.,УНПК: налоговый вычет — да.,facts_for_bot_UNPK.yaml (Claude layer v3),document_verified,2026-12-31,2026-05-20,fact:v3:unpk:tax_deduction_available:d5c3dac7c4
unpk,tax,bot_answer_self_for_pilot,low,УНПК: для налогового вычета используется справка по форме КНД 1151158 (Приказ Минфина 18.10.2023 № 165н).,УНПК: для налогового вычета используется справка по форме КНД 1151158 (Приказ Минфина 18.10.2023 № 165н).,УНПК: для налогового вычета используется справка по форме КНД 1151158 (Приказ Минфина 18.10.2023 № 165н).,facts_for_bot_UNPK.yaml (Claude layer v3),document_verified,2026-12-31,2026-05-20,fact:v3:unpk:tax_deduction_certificate_form:6b12475d17
unpk,tax,bot_answer_self_for_pilot,low,Налоговый вычет за обучение возможен — у нас есть лицензия. За обучение ребёнка можно вернуть до 14 300 ₽ в год. Менеджер подготовит и пришлёт справку в течение 10 рабочих дней (постараемся быстрее) — её приложите к декларации в налоговую.,Налоговый вычет за обучение возможен — у нас есть лицензия. За обучение ребёнка можно вернуть до 14 300 ₽ в год. Менеджер подготовит и пришлёт справку в течение 10 рабочих дней (постараемся быстрее) — её приложите к декларации в налоговую.,Налоговый вычет за обучение возможен — у нас есть лицензия. За обучение ребёнка можно вернуть до 14 300 ₽ в год. Менеджер подготовит и пришлёт справку в течение 10 рабочих дней (постараемся быстрее) — её приложите к декларации в налоговую.,facts_for_bot_UNPK.yaml (Claude layer v3),document_verified,2026-12-31,2026-05-20,fact:v3:unpk:tax_deduction_client_safe_text_when_asked:17523a8a56
unpk,tax,bot_answer_self_for_pilot,low,Можно подать вычет за последние 3 года. Для каждого года нужна отдельная справка от нас и отдельная декларация 3-НДФЛ. Менеджер подготовит справки.,Можно подать вычет за последние 3 года. Для каждого года нужна отдельная справка от нас и отдельная декларация 3-НДФЛ. Менеджер подготовит справки.,Можно подать вычет за последние 3 года. Для каждого года нужна отдельная справка от нас и отдельная декларация 3-НДФЛ. Менеджер подготовит справки.,facts_for_bot_UNPK.yaml (Claude layer v3),document_verified,2026-12-31,2026-05-20,fact:v3:unpk:tax_deduction_client_safe_text_when_multiple_years:502335e080
unpk,tax,bot_answer_self_for_pilot,low,По онлайн-курсам — это вопрос трактовки конкретной налоговой инспекции. Передам уточнение нашему специалисту.,По онлайн-курсам — это вопрос трактовки конкретной налоговой инспекции. Передам уточнение нашему специалисту.,По онлайн-курсам — это вопрос трактовки конкретной налоговой инспекции. Передам уточнение нашему специалисту.,facts_for_bot_UNPK.yaml (Claude layer v3),document_verified,2026-12-31,2026-05-20,fact:v3:unpk:tax_deduction_client_safe_text_when_online_question:95a4c1df0b
unpk,tax,bot_answer_self_for_pilot,low,"Лимит на каждого ребёнка отдельный — 110 000 ₽. Если за двоих детей вы потратили по 110 000 ₽, можно вернуть до 28 600 ₽ суммарно. Менеджер пришлёт две справки.","Лимит на каждого ребёнка отдельный — 110 000 ₽. Если за двоих детей вы потратили по 110 000 ₽, можно вернуть до 28 600 ₽ суммарно. Менеджер пришлёт две справки.","Лимит на каждого ребёнка отдельный — 110 000 ₽. Если за двоих детей вы потратили по 110 000 ₽, можно вернуть до 28 600 ₽ суммарно. Менеджер пришлёт две справки.",facts_for_bot_UNPK.yaml (Claude layer v3),document_verified,2026-12-31,2026-05-20,fact:v3:unpk:tax_deduction_client_safe_text_when_two_children:29a1d6f600
unpk,tax,bot_answer_self_for_pilot,low,УНПК: налоговая обычно рассматривает декларацию до 3 месяцев.,УНПК: налоговая обычно рассматривает декларацию до 3 месяцев.,УНПК: налоговая обычно рассматривает декларацию до 3 месяцев.,facts_for_bot_UNPK.yaml (Claude layer v3),document_verified,2026-12-31,2026-05-20,fact:v3:unpk:tax_deduction_fns_review_months:7326f49e99
unpk,tax,bot_answer_self_for_pilot,low,УНПК: по расходам за 2023 год и раньше лимит расходов на обучение ребёнка для налогового вычета — 50 000 ₽.,УНПК: по расходам за 2023 год и раньше лимит расходов на обучение ребёнка для налогового вычета — 50 000 ₽.,УНПК: по расходам за 2023 год и раньше лимит расходов на обучение ребёнка для налогового вычета — 50 000 ₽.,facts_for_bot_UNPK.yaml (Claude layer v3),document_verified,2026-12-31,2026-05-20,fact:v3:unpk:tax_deduction_limits_2023_and_earlier_max_expenses_per_child:255f1ed441
unpk,tax,bot_answer_self_for_pilot,low,УНПК: по расходам за 2023 год и раньше можно вернуть до 6 500 ₽ за ребёнка в год.,УНПК: по расходам за 2023 год и раньше можно вернуть до 6 500 ₽ за ребёнка в год.,УНПК: по расходам за 2023 год и раньше можно вернуть до 6 500 ₽ за ребёнка в год.,facts_for_bot_UNPK.yaml (Claude layer v3),document_verified,2026-12-31,2026-05-20,fact:v3:unpk:tax_deduction_limits_2023_and_earlier_max_return_per_child:40e85d49b3
unpk,tax,bot_answer_self_for_pilot,low,УНПК: по расходам с 2024 года лимит расходов на обучение ребёнка для налогового вычета — 110 000 ₽.,УНПК: по расходам с 2024 года лимит расходов на обучение ребёнка для налогового вычета — 110 000 ₽.,УНПК: по расходам с 2024 года лимит расходов на обучение ребёнка для налогового вычета — 110 000 ₽.,facts_for_bot_UNPK.yaml (Claude layer v3),document_verified,2026-12-31,2026-05-20,fact:v3:unpk:tax_deduction_limits_2024_and_later_max_expenses_per_child:58315ff278
unpk,tax,bot_answer_self_for_pilot,low,УНПК: по расходам с 2024 года можно вернуть до 14 300 ₽ за ребёнка в год.,УНПК: по расходам с 2024 года можно вернуть до 14 300 ₽ за ребёнка в год.,УНПК: по расходам с 2024 года можно вернуть до 14 300 ₽ за ребёнка в год.,facts_for_bot_UNPK.yaml (Claude layer v3),document_verified,2026-12-31,2026-05-20,fact:v3:unpk:tax_deduction_limits_2024_and_later_max_return_per_child:41e53d4c9b
unpk,tax,bot_answer_self_for_pilot,low,УНПК: после одобрения налоговой выплата обычно занимает до 1 месяца.,УНПК: после одобрения налоговой выплата обычно занимает до 1 месяца.,УНПК: после одобрения налоговой выплата обычно занимает до 1 месяца.,facts_for_bot_UNPK.yaml (Claude layer v3),document_verified,2026-12-31,2026-05-20,fact:v3:unpk:tax_deduction_payment_after_approval_months:0dfe402020
unpk,tax,bot_answer_self_for_pilot,low,УНПК: налоговый вычет можно оформить за последние 3 года.,УНПК: налоговый вычет можно оформить за последние 3 года.,УНПК: налоговый вычет можно оформить за последние 3 года.,facts_for_bot_UNPK.yaml (Claude layer v3),document_verified,2026-12-31,2026-05-20,fact:v3:unpk:tax_deduction_retroactive_years:207045a7a3
unpk,documents,bot_answer_self_for_pilot,medium,Договор пришлёт менеджер в ближайшие дни на email. Подскажите email.,Договор пришлёт менеджер в ближайшие дни на email. Подскажите email.,Договор пришлёт менеджер в ближайшие дни на email. Подскажите email.,bot_policy.yaml (Claude layer v3),document_verified,2026-12-31,2026-05-20,fact:v3:unpk:bot_policy_approved_phrases_theme_11_contract_unpk:c763065837
unpk,documents,bot_answer_self_for_pilot,medium,"Менеджер подготовит справку и пришлёт в течение 10 дней, постараемся раньше.","Менеджер подготовит справку и пришлёт в течение 10 дней, постараемся раньше.","Менеджер подготовит справку и пришлёт в течение 10 дней, постараемся раньше.",bot_policy.yaml (Claude layer v3),document_verified,2026-12-31,2026-05-20,fact:v3:unpk:bot_policy_approved_phrases_theme_12_certificate_unpk:f4316feaf5
unpk,teacher,bot_answer_self_for_pilot,low,"Преподаватели — из МФТИ, МГУ, ВШЭ, МГТУ им. Баумана, МИФИ. Эксперты ЕГЭ, члены жюри олимпиад. Если ребёнку не подойдёт педагог — переведём в другую группу.","Преподаватели — из МФТИ, МГУ, ВШЭ, МГТУ им. Баумана, МИФИ. Эксперты ЕГЭ, члены жюри олимпиад. Если ребёнку не подойдёт педагог — переведём в другую группу.","Преподаватели — из МФТИ, МГУ, ВШЭ, МГТУ им. Баумана, МИФИ. Эксперты ЕГЭ, члены жюри олимпиад. Если ребёнку не подойдёт педагог — переведём в другую группу.",bot_policy.yaml (Claude layer v3),document_verified,2026-12-31,2026-05-20,fact:v3:unpk:bot_policy_approved_phrases_theme_17_teachers_unpk:86fcffc445
unpk,camp_zvsh,bot_answer_self_for_pilot,low,"Зимняя выездная школа в Менделеево — ждём расписание на новый учебный год. Записаться в лист ожидания можно прямо сейчас — менеджер свяжется, как только откроются продажи.","Зимняя выездная школа в Менделеево — ждём расписание на новый учебный год. Записаться в лист ожидания можно прямо сейчас — менеджер свяжется, как только откроются продажи.","Зимняя выездная школа в Менделеево — ждём расписание на новый учебный год. Записаться в лист ожидания можно прямо сейчас — менеджер свяжется, как только откроются продажи.",facts_for_bot_UNPK.yaml (Claude layer v3),waiting_list,2027-08-31,2026-05-20,fact:v3:unpk:zvsh_mendeleevo_client_safe_text_when_asked:7a79fa4b87
unpk,deadline,draft_for_manager,low,УНПК: даты ЗВШ Менделеево на 2026/27 учебный год пока не определены.,УНПК: даты ЗВШ Менделеево на 2026/27 учебный год пока не определены.,УНПК: даты ЗВШ Менделеево на 2026/27 учебный год пока не определены.,facts_for_bot_UNPK.yaml (Claude layer v3),waiting_list,2027-08-31,2026-05-20,fact:v3:unpk:zvsh_mendeleevo_dates_2026_27:721af32eba
