brand,fact_type,route_policy,risk_level,client_safe_text,manager_check_text,source_title,freshness_status,valid_until,freshness_check_date,fact_id
unpk,course_parameter,draft_for_manager,low,"УНПК: учебный год 2026/27, длительность занятия — 2 ак.ч.","УНПК: учебный год 2026/27, длительность занятия — 2 ак.ч.",facts_for_bot_UNPK.yaml (Claude layer v3),document_verified,,2026-05-18,fact:v3:unpk:academic_year_2026_27_daily_hours:a6e9903c04
unpk,course_parameter,draft_for_manager,low,"УНПК: учебный год 2026/27, недель в первом семестре — 20.","УНПК: учебный год 2026/27, недель в первом семестре — 20.",facts_for_bot_UNPK.yaml (Claude layer v3),document_verified,,2026-05-18,fact:v3:unpk:academic_year_2026_27_semester_1_weeks:3ad9021e33
unpk,course_parameter,draft_for_manager,low,"УНПК: учебный год 2026/27, недель во втором семестре — 15.","УНПК: учебный год 2026/27, недель во втором семестре — 15.",facts_for_bot_UNPK.yaml (Claude layer v3),document_verified,,2026-05-18,fact:v3:unpk:academic_year_2026_27_semester_2_weeks:54d70ef4e2
unpk,course_parameter,draft_for_manager,low,"УНПК: учебный год 2026/27, старт занятий — 13-14 сентября 2026.","УНПК: учебный год 2026/27, старт занятий — 13-14 сентября 2026.",facts_for_bot_UNPK.yaml (Claude layer v3),document_verified,,2026-05-18,fact:v3:unpk:academic_year_2026_27_start:2d75ee88a0
unpk,course_parameter,draft_for_manager,low,"УНПК: учебный год 2026/27, количество занятий за год — 35 занятий.","УНПК: учебный год 2026/27, количество занятий за год — 35 занятий.",facts_for_bot_UNPK.yaml (Claude layer v3),document_verified,,2026-05-18,fact:v3:unpk:academic_year_2026_27_total_lessons:1b5921ba8a
unpk,course_parameter,draft_for_manager,low,"УНПК: учебный год 2026/27, занятий в неделю — 1.","УНПК: учебный год 2026/27, занятий в неделю — 1.",facts_for_bot_UNPK.yaml (Claude layer v3),document_verified,,2026-05-18,fact:v3:unpk:academic_year_2026_27_weekly_lessons:4fca0a048c
unpk,policy,bot_answer_self_for_pilot,medium,"Это отдельные организации, по вашему вопросу сориентирую в рамках текущего учебного центра.","Это отдельные организации, по вашему вопросу сориентирую в рамках текущего учебного центра.",brand_rules.yaml (Claude layer v3),document_verified,,2026-05-18,fact:v3:unpk:brand_rules_approved_brand_relationship_answer_unpk:7477839d25
unpk,discount,bot_answer_self_for_pilot,low,УНПК: городской летний лагерь — 10%.,УНПК: городской летний лагерь — 10%.,facts_for_bot_UNPK.yaml (Claude layer v3),document_verified,,2026-05-18,fact:v3:unpk:ls_city_2026_unpk_discounts_already_paid_2026_27:c110ae8db2
unpk,discount,bot_answer_self_for_pilot,low,УНПК: городской летний лагерь — 5% УНПК → УНПК.,УНПК: городской летний лагерь — 5% УНПК → УНПК.,facts_for_bot_UNPK.yaml (Claude layer v3),document_verified,,2026-05-18,fact:v3:unpk:ls_city_2026_unpk_discounts_former_student_same_brand:4a858e388b
unpk,discount,bot_answer_self_for_pilot,low,"УНПК: городской летний лагерь, для сотрудников МФТИ — 10%.","УНПК: городской летний лагерь, для сотрудников МФТИ — 10%.",facts_for_bot_UNPK.yaml (Claude layer v3),document_verified,,2026-05-18,fact:v3:unpk:ls_city_2026_unpk_discounts_mfti_employees:d06ee2680d
unpk,discount,bot_answer_self_for_pilot,low,УНПК: городской летний лагерь — 10%.,УНПК: городской летний лагерь — 10%.,facts_for_bot_UNPK.yaml (Claude layer v3),document_verified,,2026-05-18,fact:v3:unpk:ls_city_2026_unpk_discounts_multichild:693e386ee1
unpk,discount,bot_answer_self_for_pilot,low,"УНПК: городской летний лагерь, программа «приведи друга» — 5 000.","УНПК: городской летний лагерь, программа «приведи друга» — 5 000.",facts_for_bot_UNPK.yaml (Claude layer v3),document_verified,,2026-05-18,fact:v3:unpk:ls_city_2026_unpk_discounts_refer_a_friend_advanced:b2ecc00656
unpk,discount,bot_answer_self_for_pilot,low,"УНПК: городской летний лагерь, программа «приведи друга», базовый вариант — 3 000.","УНПК: городской летний лагерь, программа «приведи друга», базовый вариант — 3 000.",facts_for_bot_UNPK.yaml (Claude layer v3),document_verified,,2026-05-18,fact:v3:unpk:ls_city_2026_unpk_discounts_refer_a_friend_base:b67abc9517
unpk,price,bot_answer_self_for_pilot,low,"УНПК: городской летний лагерь, Долгопрудный, базовый вариант — 37 500 ₽.","УНПК: городской летний лагерь, Долгопрудный, базовый вариант — 37 500 ₽.",facts_for_bot_UNPK.yaml (Claude layer v3),document_verified,,2026-05-18,fact:v3:unpk:ls_city_2026_unpk_dolgoprudny_prices_base:c986337fbb
unpk,price,bot_answer_self_for_pilot,low,"УНПК: городской летний лагерь, Долгопрудный, вариант с факультативом — 59 500 ₽.","УНПК: городской летний лагерь, Долгопрудный, вариант с факультативом — 59 500 ₽.",facts_for_bot_UNPK.yaml (Claude layer v3),document_verified,,2026-05-18,fact:v3:unpk:ls_city_2026_unpk_dolgoprudny_prices_plus_factultative:2b06671e9c
unpk,price,bot_answer_self_for_pilot,low,"УНПК: городской летний лагерь, Долгопрудный, вариант с индивидуальными занятиями — 99 500 ₽.","УНПК: городской летний лагерь, Долгопрудный, вариант с индивидуальными занятиями — 99 500 ₽.",facts_for_bot_UNPK.yaml (Claude layer v3),document_verified,,2026-05-18,fact:v3:unpk:ls_city_2026_unpk_dolgoprudny_prices_plus_individual:9df1ec1007
unpk,deadline,draft_for_manager,low,"УНПК: городской летний лагерь, Долгопрудный — 20-31 июля.","УНПК: городской летний лагерь, Долгопрудный — 20-31 июля.",facts_for_bot_UNPK.yaml (Claude layer v3),document_verified,,2026-05-18,fact:v3:unpk:ls_city_2026_unpk_dolgoprudny_smeny_1:4e1a2eab58
unpk,deadline,draft_for_manager,low,"УНПК: городской летний лагерь, Долгопрудный — 17-28 августа.","УНПК: городской летний лагерь, Долгопрудный — 17-28 августа.",facts_for_bot_UNPK.yaml (Claude layer v3),document_verified,,2026-05-18,fact:v3:unpk:ls_city_2026_unpk_dolgoprudny_smeny_2:7113f325e0
unpk,camp_city,draft_for_manager,low,УНПК: городской летний лагерь — 2.,УНПК: городской летний лагерь — 2.,facts_for_bot_UNPK.yaml (Claude layer v3),document_verified,,2026-05-18,fact:v3:unpk:ls_city_2026_unpk_free_morning_club_from_day:f8e850c55e
unpk,camp_city,draft_for_manager,low,"УНПК: городской летний лагерь, название — Утренний клуб Предлёнка.","УНПК: городской летний лагерь, название — Утренний клуб Предлёнка.",facts_for_bot_UNPK.yaml (Claude layer v3),document_verified,,2026-05-18,fact:v3:unpk:ls_city_2026_unpk_free_morning_club_name:5cd79542d3
unpk,camp_city,draft_for_manager,low,УНПК: городской летний лагерь — 09:45-11:45.,УНПК: городской летний лагерь — 09:45-11:45.,facts_for_bot_UNPK.yaml (Claude layer v3),document_verified,,2026-05-18,fact:v3:unpk:ls_city_2026_unpk_free_morning_club_time:decd807aa5
unpk,camp_city,draft_for_manager,low,"УНПК: городской летний лагерь — Обед (первое, второе, салат, булочка) + полдник.","УНПК: городской летний лагерь — Обед (первое, второе, салат, булочка) + полдник.",facts_for_bot_UNPK.yaml (Claude layer v3),document_verified,,2026-05-18,fact:v3:unpk:ls_city_2026_unpk_meals:407edd6503
unpk,deadline,draft_for_manager,low,"УНПК: городской летний лагерь, Москва, даты — 6-17 июля.","УНПК: городской летний лагерь, Москва, даты — 6-17 июля.",facts_for_bot_UNPK.yaml (Claude layer v3),document_verified,,2026-05-18,fact:v3:unpk:ls_city_2026_unpk_moscow_ano_dates:db83746c48
unpk,camp_city,draft_for_manager,low,"УНПК: городской летний лагерь, Москва — Москва Скорняжный.","УНПК: городской летний лагерь, Москва — Москва Скорняжный.",facts_for_bot_UNPK.yaml (Claude layer v3),document_verified,,2026-05-18,fact:v3:unpk:ls_city_2026_unpk_moscow_ano_location:ff929243ea
unpk,price,bot_answer_self_for_pilot,low,"УНПК: городской летний лагерь, Москва, базовый вариант — 37 500 ₽.","УНПК: городской летний лагерь, Москва, базовый вариант — 37 500 ₽.",facts_for_bot_UNPK.yaml (Claude layer v3),document_verified,,2026-05-18,fact:v3:unpk:ls_city_2026_unpk_moscow_ano_prices_base:f5bb59c16c
unpk,price,bot_answer_self_for_pilot,low,"УНПК: городской летний лагерь, Москва, вариант с факультативом — 59 500 ₽.","УНПК: городской летний лагерь, Москва, вариант с факультативом — 59 500 ₽.",facts_for_bot_UNPK.yaml (Claude layer v3),document_verified,,2026-05-18,fact:v3:unpk:ls_city_2026_unpk_moscow_ano_prices_plus_factultative:6c422dacb1
unpk,price,bot_answer_self_for_pilot,low,"УНПК: городской летний лагерь, Москва, вариант с индивидуальными занятиями — 99 500 ₽.","УНПК: городской летний лагерь, Москва, вариант с индивидуальными занятиями — 99 500 ₽.",facts_for_bot_UNPK.yaml (Claude layer v3),document_verified,,2026-05-18,fact:v3:unpk:ls_city_2026_unpk_moscow_ano_prices_plus_individual:e9c332dc8d
unpk,camp_city,draft_for_manager,low,УНПК: городской летний лагерь — ЛВШ выездная — другой продукт.,УНПК: городской летний лагерь — ЛВШ выездная — другой продукт.,facts_for_bot_UNPK.yaml (Claude layer v3),document_verified,,2026-05-18,fact:v3:unpk:ls_city_2026_unpk_not_to_confuse_with:9338e4359e
unpk,contact,draft_for_manager,low,УНПК: контакты — +7 (495) 150-81-51.,УНПК: контакты — +7 (495) 150-81-51.,facts_for_bot_UNPK.yaml (Claude layer v3),document_verified,,2026-05-18,fact:v3:unpk:contacts_unpk_phone:13999567b6
unpk,course_parameter,draft_for_manager,low,"УНПК: контакты, расписание — Пн-Вс 10:00-18:00.","УНПК: контакты, расписание — Пн-Вс 10:00-18:00.",facts_for_bot_UNPK.yaml (Claude layer v3),document_verified,,2026-05-18,fact:v3:unpk:contacts_unpk_schedule:b15e702f9a
unpk,contact,draft_for_manager,low,УНПК: контакты — @unpk mipt.,УНПК: контакты — @unpk mipt.,facts_for_bot_UNPK.yaml (Claude layer v3),document_verified,,2026-05-18,fact:v3:unpk:contacts_unpk_telegram:eb9ebca792
unpk,contact,draft_for_manager,low,УНПК: контакты — 8 (800) 500-81-51.,УНПК: контакты — 8 (800) 500-81-51.,facts_for_bot_UNPK.yaml (Claude layer v3),document_verified,,2026-05-18,fact:v3:unpk:contacts_unpk_toll_free:b286b76e62
unpk,contact,draft_for_manager,low,УНПК: контакты — kmipt.ru.,УНПК: контакты — kmipt.ru.,facts_for_bot_UNPK.yaml (Claude layer v3),document_verified,,2026-05-18,fact:v3:unpk:contacts_unpk_website:4df75b17bf
unpk,discount,bot_answer_self_for_pilot,low,УНПК: скидка — 7% действующим ученикам курсов УНПК на любой летний лагерь.,УНПК: скидка — 7% действующим ученикам курсов УНПК на любой летний лагерь.,facts_for_bot_UNPK.yaml (Claude layer v3),document_verified,,2026-05-18,fact:v3:unpk:discounts_active_student_to_summer_camp:8b014dc1ba
unpk,discount,bot_answer_self_for_pilot,low,УНПК: скидка — 10%: 2 смены.,УНПК: скидка — 10%: 2 смены.,facts_for_bot_UNPK.yaml (Claude layer v3),document_verified,,2026-05-18,fact:v3:unpk:discounts_loyal_customers_camps_pct_10:d63b618fc4
unpk,discount,bot_answer_self_for_pilot,low,УНПК: скидка — 15%: 3-4 смены.,УНПК: скидка — 15%: 3-4 смены.,facts_for_bot_UNPK.yaml (Claude layer v3),document_verified,,2026-05-18,fact:v3:unpk:discounts_loyal_customers_camps_pct_15:95647f98ad
unpk,discount,bot_answer_self_for_pilot,low,УНПК: скидка — 20%: 5 смен.,УНПК: скидка — 20%: 5 смен.,facts_for_bot_UNPK.yaml (Claude layer v3),document_verified,,2026-05-18,fact:v3:unpk:discounts_loyal_customers_camps_pct_20:a1ff7377f9
unpk,discount,bot_answer_self_for_pilot,low,УНПК: скидка — 30%: 6+ смен.,УНПК: скидка — 30%: 6+ смен.,facts_for_bot_UNPK.yaml (Claude layer v3),document_verified,,2026-05-18,fact:v3:unpk:discounts_loyal_customers_camps_pct_30:1c3436bf37
unpk,discount,bot_answer_self_for_pilot,low,УНПК: скидка — 5%: 1 смена посещена.,УНПК: скидка — 5%: 1 смена посещена.,facts_for_bot_UNPK.yaml (Claude layer v3),document_verified,,2026-05-18,fact:v3:unpk:discounts_loyal_customers_camps_pct_5:78b9cf9119
unpk,discount,bot_answer_self_for_pilot,low,"УНПК: скидка, для сотрудников МФТИ — q7 закрыт по ответу бухгалтерии 2026-05-17: 10% всегда, цифра 25% устарела..","УНПК: скидка, для сотрудников МФТИ — q7 закрыт по ответу бухгалтерии 2026-05-17: 10% всегда, цифра 25% устарела..",facts_for_bot_UNPK.yaml (Claude layer v3),document_verified,,2026-05-18,fact:v3:unpk:discounts_mfti_employees_note:c47056e469
unpk,discount,bot_answer_self_for_pilot,low,"УНПК: скидка, для сотрудников МФТИ — 10%.","УНПК: скидка, для сотрудников МФТИ — 10%.",facts_for_bot_UNPK.yaml (Claude layer v3),document_verified,,2026-05-18,fact:v3:unpk:discounts_mfti_employees_pct:60bbed7c15
unpk,discount,bot_answer_self_for_pilot,low,"УНПК: скидка, при помесячной оплате — 10%.","УНПК: скидка, при помесячной оплате — 10%.",facts_for_bot_UNPK.yaml (Claude layer v3),document_verified,,2026-05-18,fact:v3:unpk:discounts_monthly_payment:436737ed25
unpk,discount,bot_answer_self_for_pilot,low,"УНПК: скидка, правило — 10% многодетным. Не суммируется с другими скидками..","УНПК: скидка, правило — 10% многодетным. Не суммируется с другими скидками..",facts_for_bot_UNPK.yaml (Claude layer v3),document_verified,,2026-05-18,fact:v3:unpk:discounts_multichild_rule:5909e04b2e
unpk,discount,bot_answer_self_for_pilot,low,"УНПК: скидка, программа «приведи друга», кэшбэк — 5 000 ₽.","УНПК: скидка, программа «приведи друга», кэшбэк — 5 000 ₽.",facts_for_bot_UNPK.yaml (Claude layer v3),document_verified,,2026-05-18,fact:v3:unpk:discounts_refer_a_friend_camp_advanced_tariff_cashback:c2412e822d
unpk,discount,bot_answer_self_for_pilot,low,"УНПК: скидка, программа «приведи друга», условие — после смены.","УНПК: скидка, программа «приведи друга», условие — после смены.",facts_for_bot_UNPK.yaml (Claude layer v3),document_verified,,2026-05-18,fact:v3:unpk:discounts_refer_a_friend_camp_advanced_tariff_condition:f308bd2ee0
unpk,discount,bot_answer_self_for_pilot,low,"УНПК: скидка, программа «приведи друга», кэшбэк — 3 000 ₽.","УНПК: скидка, программа «приведи друга», кэшбэк — 3 000 ₽.",facts_for_bot_UNPK.yaml (Claude layer v3),document_verified,,2026-05-18,fact:v3:unpk:discounts_refer_a_friend_camp_base_tariff_cashback:74dced1bf6
unpk,discount,bot_answer_self_for_pilot,low,"УНПК: скидка, программа «приведи друга», условие — после смены.","УНПК: скидка, программа «приведи друга», условие — после смены.",facts_for_bot_UNPK.yaml (Claude layer v3),document_verified,,2026-05-18,fact:v3:unpk:discounts_refer_a_friend_camp_base_tariff_condition:a18bc8b8a1
unpk,discount,bot_answer_self_for_pilot,low,"УНПК: скидка, очно, программа «приведи друга», кэшбэк — 10 000 ₽.","УНПК: скидка, очно, программа «приведи друга», кэшбэк — 10 000 ₽.",facts_for_bot_UNPK.yaml (Claude layer v3),document_verified,,2026-05-18,fact:v3:unpk:discounts_refer_a_friend_offline_cashback:f8fbeeaf9f
unpk,discount,bot_answer_self_for_pilot,low,"УНПК: скидка, очно, программа «приведи друга», условие — после 1 семестра друга.","УНПК: скидка, очно, программа «приведи друга», условие — после 1 семестра друга.",facts_for_bot_UNPK.yaml (Claude layer v3),document_verified,,2026-05-18,fact:v3:unpk:discounts_refer_a_friend_offline_condition:9681f67567
unpk,discount,bot_answer_self_for_pilot,low,"УНПК: скидка, онлайн, программа «приведи друга», кэшбэк — 5 000 ₽.","УНПК: скидка, онлайн, программа «приведи друга», кэшбэк — 5 000 ₽.",facts_for_bot_UNPK.yaml (Claude layer v3),document_verified,,2026-05-18,fact:v3:unpk:discounts_refer_a_friend_online_cashback:8ef6023121
unpk,discount,bot_answer_self_for_pilot,low,"УНПК: скидка, онлайн, программа «приведи друга», условие — после 1 семестра друга.","УНПК: скидка, онлайн, программа «приведи друга», условие — после 1 семестра друга.",facts_for_bot_UNPK.yaml (Claude layer v3),document_verified,,2026-05-18,fact:v3:unpk:discounts_refer_a_friend_online_condition:9862a0a269
unpk,discount,bot_answer_self_for_pilot,low,"УНПК: скидка, очно, скидка на второй предмет — 20%.","УНПК: скидка, очно, скидка на второй предмет — 20%.",facts_for_bot_UNPK.yaml (Claude layer v3),document_verified,,2026-05-18,fact:v3:unpk:discounts_second_subject_offline:dffb83e50a
unpk,discount,bot_answer_self_for_pilot,low,"УНПК: скидка, онлайн, скидка на второй предмет — 20%.","УНПК: скидка, онлайн, скидка на второй предмет — 20%.",facts_for_bot_UNPK.yaml (Claude layer v3),document_verified,,2026-05-18,fact:v3:unpk:discounts_second_subject_online:17faec7ca4
unpk,discount,bot_answer_self_for_pilot,low,"УНПК: скидка, правило суммирования скидок — скидки не суммируются, применяется наибольшая доступная скидка.","УНПК: скидка, правило суммирования скидок — скидки не суммируются, применяется наибольшая доступная скидка.",facts_for_bot_UNPK.yaml (Claude layer v3),document_verified,,2026-05-18,fact:v3:unpk:discounts_stacking_rule:4d46788b83
unpk,discount,bot_answer_self_for_pilot,low,"УНПК: скидка, правило суммирования скидок — Скидки не суммируются — применяется наибольшая из доступных..","УНПК: скидка, правило суммирования скидок — Скидки не суммируются — применяется наибольшая из доступных..",facts_for_bot_UNPK.yaml (Claude layer v3),document_verified,,2026-05-18,fact:v3:unpk:discounts_stacking_rule_text:487870abdd
unpk,course_parameter,draft_for_manager,low,УНПК: скидка — 0%.,УНПК: скидка — 0%.,facts_for_bot_UNPK.yaml (Claude layer v3),document_verified,,2026-05-18,fact:v3:unpk:payment_options_available_schedules_1_monthly_discount_extra:03546dd049
unpk,course_parameter,draft_for_manager,low,УНПК: скидка — 10%.,УНПК: скидка — 10%.,facts_for_bot_UNPK.yaml (Claude layer v3),document_verified,,2026-05-18,fact:v3:unpk:payment_options_available_schedules_2_semester_discount_extra:b7e1eae4cd
unpk,course_parameter,draft_for_manager,low,УНПК: скидка — 14%.,УНПК: скидка — 14%.,facts_for_bot_UNPK.yaml (Claude layer v3),document_verified,,2026-05-18,fact:v3:unpk:payment_options_available_schedules_3_year_discount_extra:b79113ca97
unpk,installment,bot_answer_self_for_pilot,medium,"У нас оплата возможна помесячно, за семестр или за год. При оплате семестром или годом действует скидка. Если нужно растянуть оплату — менеджер подскажет варианты под вашу ситуацию.","У нас оплата возможна помесячно, за семестр или за год. При оплате семестром или годом действует скидка. Если нужно растянуть оплату — менеджер подскажет варианты под вашу ситуацию.",facts_for_bot_UNPK.yaml (Claude layer v3),document_verified,,2026-05-18,fact:v3:unpk:payment_options_client_safe_text_when_asked_about_installment:09424163b2
unpk,course_parameter,draft_for_manager,low,"УНПК: интенсивы 2026, классы — 10-11.","УНПК: интенсивы 2026, классы — 10-11.",facts_for_bot_UNPK.yaml (Claude layer v3),document_verified,,2026-05-18,fact:v3:unpk:intensives_2026_ege_unpk_classes:8d46b004f7
unpk,course_parameter,draft_for_manager,low,УНПК: интенсивы 2026 — 8.,УНПК: интенсивы 2026 — 8.,facts_for_bot_UNPK.yaml (Claude layer v3),document_verified,,2026-05-18,fact:v3:unpk:intensives_2026_ege_unpk_duration_weeks:bdb6dae2a5
unpk,intensive,draft_for_manager,low,"УНПК: интенсивы 2026 — онлайн, 2 занятия/нед.","УНПК: интенсивы 2026 — онлайн, 2 занятия/нед.",facts_for_bot_UNPK.yaml (Claude layer v3),document_verified,,2026-05-18,fact:v3:unpk:intensives_2026_ege_unpk_format:4f30836595
unpk,intensive,draft_for_manager,low,УНПК: интенсивы 2026 — 10-15.,УНПК: интенсивы 2026 — 10-15.,facts_for_bot_UNPK.yaml (Claude layer v3),document_verified,,2026-05-18,fact:v3:unpk:intensives_2026_ege_unpk_group_size:990b903a52
unpk,intensive,draft_for_manager,low,УНПК: интенсивы 2026 — 14 живых вебинаров (90 мин).,УНПК: интенсивы 2026 — 14 живых вебинаров (90 мин).,facts_for_bot_UNPK.yaml (Claude layer v3),document_verified,,2026-05-18,fact:v3:unpk:intensives_2026_ege_unpk_includes_1:fd43fd2607
unpk,intensive,draft_for_manager,low,УНПК: интенсивы 2026 — 7 практических занятий.,УНПК: интенсивы 2026 — 7 практических занятий.,facts_for_bot_UNPK.yaml (Claude layer v3),document_verified,,2026-05-18,fact:v3:unpk:intensives_2026_ege_unpk_includes_2:42cf7a92b8
unpk,intensive,draft_for_manager,low,УНПК: интенсивы 2026 — ДЗ и конспекты.,УНПК: интенсивы 2026 — ДЗ и конспекты.,facts_for_bot_UNPK.yaml (Claude layer v3),document_verified,,2026-05-18,fact:v3:unpk:intensives_2026_ege_unpk_includes_3:fde0a4790e
unpk,intensive,draft_for_manager,low,УНПК: интенсивы 2026 — 3 пробника.,УНПК: интенсивы 2026 — 3 пробника.,facts_for_bot_UNPK.yaml (Claude layer v3),document_verified,,2026-05-18,fact:v3:unpk:intensives_2026_ege_unpk_includes_4:9718259f54
unpk,intensive,draft_for_manager,low,УНПК: интенсивы 2026 — Ручная проверка второй части ЕГЭ.,УНПК: интенсивы 2026 — Ручная проверка второй части ЕГЭ.,facts_for_bot_UNPK.yaml (Claude layer v3),document_verified,,2026-05-18,fact:v3:unpk:intensives_2026_ege_unpk_includes_5:0ae06ed786
unpk,intensive,draft_for_manager,low,УНПК: интенсивы 2026 — Закрытый чат.,УНПК: интенсивы 2026 — Закрытый чат.,facts_for_bot_UNPK.yaml (Claude layer v3),document_verified,,2026-05-18,fact:v3:unpk:intensives_2026_ege_unpk_includes_6:407f5c405b
unpk,intensive,draft_for_manager,low,УНПК: интенсивы 2026 — Психподдержка.,УНПК: интенсивы 2026 — Психподдержка.,facts_for_bot_UNPK.yaml (Claude layer v3),document_verified,,2026-05-18,fact:v3:unpk:intensives_2026_ege_unpk_includes_7:091fcc0569
unpk,intensive,draft_for_manager,low,УНПК: интенсивы 2026 — https://my.mts-link.ru/course-info/2022195.,УНПК: интенсивы 2026 — https://my.mts-link.ru/course-info/2022195.,facts_for_bot_UNPK.yaml (Claude layer v3),document_verified,,2026-05-18,fact:v3:unpk:intensives_2026_ege_unpk_links_math:9e577d64cf
unpk,intensive,draft_for_manager,low,УНПК: интенсивы 2026 — https://my.mts-link.ru/course-info/2022205.,УНПК: интенсивы 2026 — https://my.mts-link.ru/course-info/2022205.,facts_for_bot_UNPK.yaml (Claude layer v3),document_verified,,2026-05-18,fact:v3:unpk:intensives_2026_ege_unpk_links_physics:2315fc8e1e
unpk,price,bot_answer_self_for_pilot,low,"УНПК: интенсивы 2026, один блок — 9 400 ₽.","УНПК: интенсивы 2026, один блок — 9 400 ₽.",facts_for_bot_UNPK.yaml (Claude layer v3),document_verified,,2026-05-18,fact:v3:unpk:intensives_2026_ege_unpk_prices_one_block:0233880ebf
unpk,price,bot_answer_self_for_pilot,low,"УНПК: интенсивы 2026, один предмет — 18 800 ₽.","УНПК: интенсивы 2026, один предмет — 18 800 ₽.",facts_for_bot_UNPK.yaml (Claude layer v3),document_verified,,2026-05-18,fact:v3:unpk:intensives_2026_ege_unpk_prices_one_subject:f3bf922d3a
unpk,price,bot_answer_self_for_pilot,low,"УНПК: интенсивы 2026, два предмета — 34 400 ₽.","УНПК: интенсивы 2026, два предмета — 34 400 ₽.",facts_for_bot_UNPK.yaml (Claude layer v3),document_verified,,2026-05-18,fact:v3:unpk:intensives_2026_ege_unpk_prices_two_subjects:0b2766da8f
unpk,deadline,draft_for_manager,low,УНПК: интенсивы 2026 — 15 апреля 2026.,УНПК: интенсивы 2026 — 15 апреля 2026.,facts_for_bot_UNPK.yaml (Claude layer v3),document_verified,,2026-05-18,fact:v3:unpk:intensives_2026_ege_unpk_start_dates_math:85c88b0b7e
unpk,deadline,draft_for_manager,low,УНПК: интенсивы 2026 — 14 апреля 2026.,УНПК: интенсивы 2026 — 14 апреля 2026.,facts_for_bot_UNPK.yaml (Claude layer v3),document_verified,,2026-05-18,fact:v3:unpk:intensives_2026_ege_unpk_start_dates_physics:1d7dcef659
unpk,intensive,draft_for_manager,low,УНПК: интенсивы 2026 — математика (профиль).,УНПК: интенсивы 2026 — математика (профиль).,facts_for_bot_UNPK.yaml (Claude layer v3),document_verified,,2026-05-18,fact:v3:unpk:intensives_2026_ege_unpk_subjects_1:468f875a3b
unpk,intensive,draft_for_manager,low,УНПК: интенсивы 2026 — физика.,УНПК: интенсивы 2026 — физика.,facts_for_bot_UNPK.yaml (Claude layer v3),document_verified,,2026-05-18,fact:v3:unpk:intensives_2026_ege_unpk_subjects_2:8f8f8a56ae
unpk,intensive,draft_for_manager,low,УНПК: интенсивы 2026 — https://vk.me/join/SIL/XNtbEwYrLf9xVI/BdD/2drF1z1umzfA=.,УНПК: интенсивы 2026 — https://vk.me/join/SIL/XNtbEwYrLf9xVI/BdD/2drF1z1umzfA=.,facts_for_bot_UNPK.yaml (Claude layer v3),document_verified,,2026-05-18,fact:v3:unpk:intensives_2026_ege_unpk_vk_chat_11:8defe879e5
unpk,intensive,draft_for_manager,low,УНПК: интенсивы 2026 — нет.,УНПК: интенсивы 2026 — нет.,facts_for_bot_UNPK.yaml (Claude layer v3),document_verified,,2026-05-18,fact:v3:unpk:intensives_2026_oge_intensive_available_in_unpk:837729af45
unpk,intensive,draft_for_manager,low,УНПК: интенсивы 2026 — По интенсиву на ОГЭ менеджер подскажет варианты — свяжется в течение рабочего дня..,УНПК: интенсивы 2026 — По интенсиву на ОГЭ менеджер подскажет варианты — свяжется в течение рабочего дня..,facts_for_bot_UNPK.yaml (Claude layer v3),document_verified,,2026-05-18,fact:v3:unpk:intensives_2026_oge_intensive_bot_behavior_when_asked:730f4987a8
unpk,documents,bot_answer_self_for_pilot,medium,"УНПК: licenses , client safe summary — У нас есть лицензия на образовательную деятельность..","УНПК: licenses , client safe summary — У нас есть лицензия на образовательную деятельность..",facts_for_bot_UNPK.yaml (Claude layer v3),document_verified,,2026-05-18,fact:v3:unpk:licenses_client_safe_summary:5e168a5e56
unpk,location,draft_for_manager,low,"УНПК: адрес и место занятий — Институтский пер., 9 (МФТИ).","УНПК: адрес и место занятий — Институтский пер., 9 (МФТИ).",facts_for_bot_UNPK.yaml (Claude layer v3),document_verified,,2026-05-18,fact:v3:unpk:locations_unpk_addresses_1_address:2b7ce1c9c8
unpk,location,draft_for_manager,low,УНПК: адрес и место занятий — Долгопрудный.,УНПК: адрес и место занятий — Долгопрудный.,facts_for_bot_UNPK.yaml (Claude layer v3),document_verified,,2026-05-18,fact:v3:unpk:locations_unpk_addresses_1_city:f97cb921d6
unpk,location,draft_for_manager,low,"УНПК: адрес и место занятий — Проспект Пацаева, 7к1.","УНПК: адрес и место занятий — Проспект Пацаева, 7к1.",facts_for_bot_UNPK.yaml (Claude layer v3),document_verified,,2026-05-18,fact:v3:unpk:locations_unpk_addresses_2_address:35e6d0741d
unpk,location,draft_for_manager,low,УНПК: адрес и место занятий — Долгопрудный.,УНПК: адрес и место занятий — Долгопрудный.,facts_for_bot_UNPK.yaml (Claude layer v3),document_verified,,2026-05-18,fact:v3:unpk:locations_unpk_addresses_2_city:c6451d2c49
unpk,location,draft_for_manager,low,"УНПК: адрес и место занятий — Лобненский бульвар, 6.","УНПК: адрес и место занятий — Лобненский бульвар, 6.",facts_for_bot_UNPK.yaml (Claude layer v3),document_verified,,2026-05-18,fact:v3:unpk:locations_unpk_addresses_3_address:4daf3f91d2
unpk,location,draft_for_manager,low,УНПК: адрес и место занятий — Лобня.,УНПК: адрес и место занятий — Лобня.,facts_for_bot_UNPK.yaml (Claude layer v3),document_verified,,2026-05-18,fact:v3:unpk:locations_unpk_addresses_3_city:b85d6aae83
unpk,location,draft_for_manager,low,"УНПК: адрес и место занятий — Льяловское шоссе, 1, посёлок Красный Воин.","УНПК: адрес и место занятий — Льяловское шоссе, 1, посёлок Красный Воин.",facts_for_bot_UNPK.yaml (Claude layer v3),document_verified,,2026-05-18,fact:v3:unpk:locations_unpk_addresses_4_address:23ccf26102
unpk,location,draft_for_manager,low,УНПК: адрес и место занятий — Менделеево (ЛВШ).,УНПК: адрес и место занятий — Менделеево (ЛВШ).,facts_for_bot_UNPK.yaml (Claude layer v3),document_verified,,2026-05-18,fact:v3:unpk:locations_unpk_addresses_4_city:4d329e32db
unpk,location,draft_for_manager,low,"УНПК: адрес и место занятий, очно — Пацаева.","УНПК: адрес и место занятий, очно — Пацаева.",facts_for_bot_UNPK.yaml (Claude layer v3),document_verified,,2026-05-18,fact:v3:unpk:locations_unpk_free_trial_offline_locations_1:ca6628fcd9
unpk,location,draft_for_manager,low,"УНПК: адрес и место занятий, очно — МФТИ.","УНПК: адрес и место занятий, очно — МФТИ.",facts_for_bot_UNPK.yaml (Claude layer v3),document_verified,,2026-05-18,fact:v3:unpk:locations_unpk_free_trial_offline_locations_2:cbf02e2b01
unpk,location,draft_for_manager,low,"УНПК: адрес и место занятий, очно — 1 бесплатное занятие каждого предмета для параллели.","УНПК: адрес и место занятий, очно — 1 бесплатное занятие каждого предмета для параллели.",facts_for_bot_UNPK.yaml (Claude layer v3),document_verified,,2026-05-18,fact:v3:unpk:locations_unpk_free_trial_offline_offer:c5bc5cac7f
unpk,camp_lvsh,draft_for_manager,low,УНПК: ЛВШ Менделеево — да.,УНПК: ЛВШ Менделеево — да.,facts_for_bot_UNPK.yaml (Claude layer v3),document_verified,,2026-05-18,fact:v3:unpk:lvsh_mendeleevo_2026_accommodation_air_conditioning:aed720843a
unpk,camp_lvsh,draft_for_manager,low,УНПК: ЛВШ Менделеево — 5.,УНПК: ЛВШ Менделеево — 5.,facts_for_bot_UNPK.yaml (Claude layer v3),document_verified,,2026-05-18,fact:v3:unpk:lvsh_mendeleevo_2026_accommodation_meals_per_day:f9c7d957ee
unpk,camp_lvsh,draft_for_manager,low,УНПК: ЛВШ Менделеево — 2-3 человека.,УНПК: ЛВШ Менделеево — 2-3 человека.,facts_for_bot_UNPK.yaml (Claude layer v3),document_verified,,2026-05-18,fact:v3:unpk:lvsh_mendeleevo_2026_accommodation_room_capacity:e6d59eb997
unpk,camp_lvsh,draft_for_manager,low,УНПК: ЛВШ Менделеево — 5-10 класс (окончившие).,УНПК: ЛВШ Менделеево — 5-10 класс (окончившие).,facts_for_bot_UNPK.yaml (Claude layer v3),document_verified,,2026-05-18,fact:v3:unpk:lvsh_mendeleevo_2026_audience:8fbc0262b0
unpk,course_parameter,draft_for_manager,low,"УНПК: ЛВШ Менделеево, классы — 5-10.","УНПК: ЛВШ Менделеево, классы — 5-10.",facts_for_bot_UNPK.yaml (Claude layer v3),document_verified,,2026-05-18,fact:v3:unpk:lvsh_mendeleevo_2026_directions_fizmat_classes:5266552dcc
unpk,camp_lvsh,draft_for_manager,low,УНПК: ЛВШ Менделеево — физика.,УНПК: ЛВШ Менделеево — физика.,facts_for_bot_UNPK.yaml (Claude layer v3),document_verified,,2026-05-18,fact:v3:unpk:lvsh_mendeleevo_2026_directions_fizmat_subjects_1:ae0c22f446
unpk,camp_lvsh,draft_for_manager,low,УНПК: ЛВШ Менделеево — математика.,УНПК: ЛВШ Менделеево — математика.,facts_for_bot_UNPK.yaml (Claude layer v3),document_verified,,2026-05-18,fact:v3:unpk:lvsh_mendeleevo_2026_directions_fizmat_subjects_2:039f6527a6
unpk,course_parameter,draft_for_manager,low,"УНПК: ЛВШ Менделеево, классы — 7-10.","УНПК: ЛВШ Менделеево, классы — 7-10.",facts_for_bot_UNPK.yaml (Claude layer v3),document_verified,,2026-05-18,fact:v3:unpk:lvsh_mendeleevo_2026_directions_it_classes:bbd85fed38
unpk,camp_lvsh,draft_for_manager,low,УНПК: ЛВШ Менделеево — Python.,УНПК: ЛВШ Менделеево — Python.,facts_for_bot_UNPK.yaml (Claude layer v3),document_verified,,2026-05-18,fact:v3:unpk:lvsh_mendeleevo_2026_directions_it_subjects_1:566cb6f8a9
unpk,camp_lvsh,draft_for_manager,low,УНПК: ЛВШ Менделеево — проектная деятельность.,УНПК: ЛВШ Менделеево — проектная деятельность.,facts_for_bot_UNPK.yaml (Claude layer v3),document_verified,,2026-05-18,fact:v3:unpk:lvsh_mendeleevo_2026_directions_it_subjects_2:947a5f4f11
unpk,camp_lvsh,draft_for_manager,low,"УНПК: ЛВШ Менделеево — Московская область, Солнечногорский район, посёлок Красный Воин, Льяловское шоссе, 1.","УНПК: ЛВШ Менделеево — Московская область, Солнечногорский район, посёлок Красный Воин, Льяловское шоссе, 1.",facts_for_bot_UNPK.yaml (Claude layer v3),document_verified,,2026-05-18,fact:v3:unpk:lvsh_mendeleevo_2026_location_address:a5f22cfdfa
unpk,camp_lvsh,draft_for_manager,low,"УНПК: ЛВШ Менделеево, название — УСК «Менделеево».","УНПК: ЛВШ Менделеево, название — УСК «Менделеево».",facts_for_bot_UNPK.yaml (Claude layer v3),document_verified,,2026-05-18,fact:v3:unpk:lvsh_mendeleevo_2026_location_name:52f587eb67
unpk,price,bot_answer_self_for_pilot,low,УНПК: ЛВШ Менделеево — 15 000 ₽.,УНПК: ЛВШ Менделеево — 15 000 ₽.,facts_for_bot_UNPK.yaml (Claude layer v3),document_verified,,2026-05-18,fact:v3:unpk:lvsh_mendeleevo_2026_pricing_2026_booking_deposit:fce2e756ca
unpk,price,bot_answer_self_for_pilot,low,УНПК: ЛВШ Менделеево — 120 000 ₽.,УНПК: ЛВШ Менделеево — 120 000 ₽.,facts_for_bot_UNPK.yaml (Claude layer v3),document_verified,,2026-05-18,fact:v3:unpk:lvsh_mendeleevo_2026_pricing_2026_main_full:f4bb994a92
unpk,price,bot_answer_self_for_pilot,low,УНПК: ЛВШ Менделеево — 83 800 ₽.,УНПК: ЛВШ Менделеево — 83 800 ₽.,facts_for_bot_UNPK.yaml (Claude layer v3),document_verified,,2026-05-18,fact:v3:unpk:lvsh_mendeleevo_2026_pricing_2026_main_min:db163c1225
unpk,discount,bot_answer_self_for_pilot,low,УНПК: ЛВШ Менделеево — 89 900 ₽.,УНПК: ЛВШ Менделеево — 89 900 ₽.,facts_for_bot_UNPK.yaml (Claude layer v3),document_verified,,2026-05-18,fact:v3:unpk:lvsh_mendeleevo_2026_pricing_2026_main_with_25_pct_discount:213c56cce1
unpk,course_parameter,draft_for_manager,low,"УНПК: ЛВШ Менделеево, пар в день — 3 пары.","УНПК: ЛВШ Менделеево, пар в день — 3 пары.",facts_for_bot_UNPK.yaml (Claude layer v3),document_verified,,2026-05-18,fact:v3:unpk:lvsh_mendeleevo_2026_program_daily_pairs:849ecbde3c
unpk,camp_lvsh,draft_for_manager,low,УНПК: ЛВШ Менделеево — 12-15.,УНПК: ЛВШ Менделеево — 12-15.,facts_for_bot_UNPK.yaml (Claude layer v3),document_verified,,2026-05-18,fact:v3:unpk:lvsh_mendeleevo_2026_program_group_size:f6be4ebcad
unpk,course_parameter,draft_for_manager,low,"УНПК: ЛВШ Менделеево, длительность пары — 110 минут.","УНПК: ЛВШ Менделеево, длительность пары — 110 минут.",facts_for_bot_UNPK.yaml (Claude layer v3),document_verified,,2026-05-18,fact:v3:unpk:lvsh_mendeleevo_2026_program_pair_duration_minutes:d32afbe24c
unpk,camp_lvsh,draft_for_manager,low,УНПК: ЛВШ Менделеево — 72+.,УНПК: ЛВШ Менделеево — 72+.,facts_for_bot_UNPK.yaml (Claude layer v3),document_verified,,2026-05-18,fact:v3:unpk:lvsh_mendeleevo_2026_program_total_academic_hours:c4c9b88ea6
unpk,matkap,bot_answer_self_for_pilot,low,УНПК: материнский капитал — 3.,УНПК: материнский капитал — 3.,facts_for_bot_UNPK.yaml (Claude layer v3),document_verified,,2026-05-18,fact:v3:unpk:matkap_child_age_sertificate_owner_min:5d054d6e08
unpk,matkap,bot_answer_self_for_pilot,low,УНПК: материнский капитал — 25.,УНПК: материнский капитал — 25.,facts_for_bot_UNPK.yaml (Claude layer v3),document_verified,,2026-05-18,fact:v3:unpk:matkap_child_age_student_max:817f16e95f
unpk,matkap,bot_answer_self_for_pilot,low,"Да, оплата материнским капиталом возможна. Работаем с федеральным маткапиталом. Менеджер пришлёт перечень документов и поможет с оформлением через СФР. Подскажите ФИО ребёнка и какой курс рассматриваете.","Да, оплата материнским капиталом возможна. Работаем с федеральным маткапиталом. Менеджер пришлёт перечень документов и поможет с оформлением через СФР. Подскажите ФИО ребёнка и какой курс рассматриваете.",facts_for_bot_UNPK.yaml (Claude layer v3),document_verified,,2026-05-18,fact:v3:unpk:matkap_client_safe_text_when_asked:680f57f849
unpk,matkap,bot_answer_self_for_pilot,low,"К сожалению, региональный маткапитал не принимаем — только федеральный. Если у вас федеральный — менеджер подскажет порядок оформления.","К сожалению, региональный маткапитал не принимаем — только федеральный. Если у вас федеральный — менеджер подскажет порядок оформления.",facts_for_bot_UNPK.yaml (Claude layer v3),document_verified,,2026-05-18,fact:v3:unpk:matkap_client_safe_text_when_regional:a8a98cde56
unpk,matkap,bot_answer_self_for_pilot,low,"Срок рассмотрения в СФР — до 10 рабочих дней, плюс ещё до 5 дней на перевод. Итого до 15 дней.","Срок рассмотрения в СФР — до 10 рабочих дней, плюс ещё до 5 дней на перевод. Итого до 15 дней.",facts_for_bot_UNPK.yaml (Claude layer v3),document_verified,,2026-05-18,fact:v3:unpk:matkap_client_safe_text_when_timeline:a8ebef5d29
unpk,matkap,bot_answer_self_for_pilot,low,УНПК: материнский капитал — Копия паспорта родителя.,УНПК: материнский капитал — Копия паспорта родителя.,facts_for_bot_UNPK.yaml (Claude layer v3),document_verified,,2026-05-18,fact:v3:unpk:matkap_required_docs_1:280667f1b8
unpk,matkap,bot_answer_self_for_pilot,low,УНПК: материнский капитал — Копия паспорта обучающегося.,УНПК: материнский капитал — Копия паспорта обучающегося.,facts_for_bot_UNPK.yaml (Claude layer v3),document_verified,,2026-05-18,fact:v3:unpk:matkap_required_docs_2:5e98ead6b9
unpk,matkap,bot_answer_self_for_pilot,low,УНПК: материнский капитал — СНИЛС родителя и обучающегося.,УНПК: материнский капитал — СНИЛС родителя и обучающегося.,facts_for_bot_UNPK.yaml (Claude layer v3),document_verified,,2026-05-18,fact:v3:unpk:matkap_required_docs_3:3fd6311c7c
unpk,matkap,bot_answer_self_for_pilot,low,УНПК: материнский капитал — ИНН родителя и обучающегося.,УНПК: материнский капитал — ИНН родителя и обучающегося.,facts_for_bot_UNPK.yaml (Claude layer v3),document_verified,,2026-05-18,fact:v3:unpk:matkap_required_docs_4:e6044ed4b9
unpk,matkap,bot_answer_self_for_pilot,low,УНПК: материнский капитал — Копия сертификата маткапитал.,УНПК: материнский капитал — Копия сертификата маткапитал.,facts_for_bot_UNPK.yaml (Claude layer v3),document_verified,,2026-05-18,fact:v3:unpk:matkap_required_docs_5:de7f4d98c9
unpk,matkap,bot_answer_self_for_pilot,low,УНПК: материнский капитал — Справка о состоянии лицевого счёта (СФР через Госуслуги).,УНПК: материнский капитал — Справка о состоянии лицевого счёта (СФР через Госуслуги).,facts_for_bot_UNPK.yaml (Claude layer v3),document_verified,,2026-05-18,fact:v3:unpk:matkap_required_docs_6:522d3dc622
unpk,matkap,bot_answer_self_for_pilot,low,УНПК: материнский капитал — Договор.,УНПК: материнский капитал — Договор.,facts_for_bot_UNPK.yaml (Claude layer v3),document_verified,,2026-05-18,fact:v3:unpk:matkap_required_docs_7:5a342a54ab
unpk,matkap,bot_answer_self_for_pilot,low,УНПК: материнский капитал — да.,УНПК: материнский капитал — да.,facts_for_bot_UNPK.yaml (Claude layer v3),document_verified,,2026-05-18,fact:v3:unpk:matkap_rule_federal_only:6269126a5d
unpk,matkap,bot_answer_self_for_pilot,low,УНПК: материнский капитал — 10.,УНПК: материнский капитал — 10.,facts_for_bot_UNPK.yaml (Claude layer v3),document_verified,,2026-05-18,fact:v3:unpk:matkap_timeline_sfr_review_days:0229f18ad5
unpk,matkap,bot_answer_self_for_pilot,low,УНПК: материнский капитал — 15.,УНПК: материнский капитал — 15.,facts_for_bot_UNPK.yaml (Claude layer v3),document_verified,,2026-05-18,fact:v3:unpk:matkap_timeline_total_max_days:0c53ff3869
unpk,matkap,bot_answer_self_for_pilot,low,УНПК: материнский капитал — 5.,УНПК: материнский капитал — 5.,facts_for_bot_UNPK.yaml (Claude layer v3),document_verified,,2026-05-18,fact:v3:unpk:matkap_timeline_transfer_days:fed4bc144b
unpk,program,draft_for_manager,low,"УНПК: brand link question , approved response — Это отдельные организации, по вашему вопросу сориентирую в рамках текущего учебного центра..","УНПК: brand link question , approved response — Это отдельные организации, по вашему вопросу сориентирую в рамках текущего учебного центра..",facts_for_bot_UNPK.yaml (Claude layer v3),document_verified,,2026-05-18,fact:v3:unpk:objection_responses_brand_link_question_approved_response:79a75f23b7
unpk,program,draft_for_manager,low,"УНПК: inconvenient time , 1 — Разные слоты по выходным.","УНПК: inconvenient time , 1 — Разные слоты по выходным.",facts_for_bot_UNPK.yaml (Claude layer v3),document_verified,,2026-05-18,fact:v3:unpk:objection_responses_inconvenient_time_1:9cd9dc51e7
unpk,program,draft_for_manager,low,"УНПК: inconvenient time , 2 — Онлайн с записью.","УНПК: inconvenient time , 2 — Онлайн с записью.",facts_for_bot_UNPK.yaml (Claude layer v3),document_verified,,2026-05-18,fact:v3:unpk:objection_responses_inconvenient_time_2:5f3c03ee19
unpk,program,draft_for_manager,low,"УНПК: objection responses , is it bot — Я помощник менеджера, помогу или передам коллеге.","УНПК: objection responses , is it bot — Я помощник менеджера, помогу или передам коллеге.",facts_for_bot_UNPK.yaml (Claude layer v3),document_verified,,2026-05-18,fact:v3:unpk:objection_responses_is_it_bot:432e4e45a7
unpk,program,draft_for_manager,low,"УНПК: too expensive camp , 1 — Предоплата 15 000 ₽ фиксирует цену.","УНПК: too expensive camp , 1 — Предоплата 15 000 ₽ фиксирует цену.",facts_for_bot_UNPK.yaml (Claude layer v3),document_verified,,2026-05-18,fact:v3:unpk:objection_responses_too_expensive_camp_1:66c9e65582
unpk,program,draft_for_manager,low,"УНПК: too expensive camp , 2 — Скидки суммируются.","УНПК: too expensive camp , 2 — Скидки суммируются.",facts_for_bot_UNPK.yaml (Claude layer v3),document_verified,,2026-05-18,fact:v3:unpk:objection_responses_too_expensive_camp_2:a18b508fd2
unpk,program,draft_for_manager,low,"УНПК: too expensive course , 1 — 20% на 2-й и последующие предметы.","УНПК: too expensive course , 1 — 20% на 2-й и последующие предметы.",facts_for_bot_UNPK.yaml (Claude layer v3),document_verified,,2026-05-18,fact:v3:unpk:objection_responses_too_expensive_course_1:672a55b4e2
unpk,program,draft_for_manager,low,"УНПК: too expensive course , 2 — Многодетным 10%.","УНПК: too expensive course , 2 — Многодетным 10%.",facts_for_bot_UNPK.yaml (Claude layer v3),document_verified,,2026-05-18,fact:v3:unpk:objection_responses_too_expensive_course_2:3344c75d00
unpk,program,draft_for_manager,low,"УНПК: too expensive course , 3 — Сотрудникам МФТИ 10%.","УНПК: too expensive course , 3 — Сотрудникам МФТИ 10%.",facts_for_bot_UNPK.yaml (Claude layer v3),document_verified,,2026-05-18,fact:v3:unpk:objection_responses_too_expensive_course_3:f09a084d41
unpk,program,draft_for_manager,low,"УНПК: too expensive course , 4 — Семестр/год скидки 10-14%.","УНПК: too expensive course , 4 — Семестр/год скидки 10-14%.",facts_for_bot_UNPK.yaml (Claude layer v3),document_verified,,2026-05-18,fact:v3:unpk:objection_responses_too_expensive_course_4:16034fc9a4
unpk,program,draft_for_manager,low,"УНПК: too expensive course , 5 — Приведи друга — кэшбек 10 000 ₽ очно или 5 000 ₽ онлайн.","УНПК: too expensive course , 5 — Приведи друга — кэшбек 10 000 ₽ очно или 5 000 ₽ онлайн.",facts_for_bot_UNPK.yaml (Claude layer v3),document_verified,,2026-05-18,fact:v3:unpk:objection_responses_too_expensive_course_5:73b9830683
unpk,course_parameter,draft_for_manager,low,"УНПК: цены на 2026/27 учебный год, 9 и 11 класс, онлайн, классы — 9 и 11.","УНПК: цены на 2026/27 учебный год, 9 и 11 класс, онлайн, классы — 9 и 11.",facts_for_bot_UNPK.yaml (Claude layer v3),document_verified,,2026-05-18,fact:v3:unpk:prices_regular_2026_27_online_olympiad_phystech_9_and_11_classes:c0cf35a21a
unpk,price,bot_answer_self_for_pilot,low,"УНПК: цены на 2026/27 учебный год, 9 и 11 класс, онлайн, продукт — Олимпиадная подготовка Физтех.","УНПК: цены на 2026/27 учебный год, 9 и 11 класс, онлайн, продукт — Олимпиадная подготовка Физтех.",facts_for_bot_UNPK.yaml (Claude layer v3),document_verified,,2026-05-18,fact:v3:unpk:prices_regular_2026_27_online_olympiad_phystech_9_and_11_product:5237936443
unpk,course_parameter,draft_for_manager,low,"УНПК: цены на 2026/27 учебный год, 9 и 11 класс, онлайн, расписание — будни.","УНПК: цены на 2026/27 учебный год, 9 и 11 класс, онлайн, расписание — будни.",facts_for_bot_UNPK.yaml (Claude layer v3),document_verified,,2026-05-18,fact:v3:unpk:prices_regular_2026_27_online_olympiad_phystech_9_and_11_schedule:0dcf8c7f43
unpk,price,bot_answer_self_for_pilot,low,"УНПК: цены на 2026/27 учебный год, 9 и 11 класс, онлайн, семестр — 41 800 ₽.","УНПК: цены на 2026/27 учебный год, 9 и 11 класс, онлайн, семестр — 41 800 ₽.",facts_for_bot_UNPK.yaml (Claude layer v3),document_verified,,2026-05-18,fact:v3:unpk:prices_regular_2026_27_online_olympiad_phystech_9_and_11_semester:e0276768ba
unpk,price,bot_answer_self_for_pilot,low,"УНПК: цены на 2026/27 учебный год, 9 и 11 класс, онлайн, год — 69 900 ₽.","УНПК: цены на 2026/27 учебный год, 9 и 11 класс, онлайн, год — 69 900 ₽.",facts_for_bot_UNPK.yaml (Claude layer v3),document_verified,,2026-05-18,fact:v3:unpk:prices_regular_2026_27_online_olympiad_phystech_9_and_11_year:a13c2c4375
unpk,program,draft_for_manager,low,"УНПК: онлайн-платформа, онлайн — базовый.","УНПК: онлайн-платформа, онлайн — базовый.",facts_for_bot_UNPK.yaml (Claude layer v3),document_verified,,2026-05-18,fact:v3:unpk:online_platform_levels_1:453b1c3376
unpk,program,draft_for_manager,low,"УНПК: онлайн-платформа, онлайн — продвинутый.","УНПК: онлайн-платформа, онлайн — продвинутый.",facts_for_bot_UNPK.yaml (Claude layer v3),document_verified,,2026-05-18,fact:v3:unpk:online_platform_levels_2:1752fbd5ad
unpk,program,draft_for_manager,low,"УНПК: онлайн-платформа, онлайн — олимпиадный.","УНПК: онлайн-платформа, онлайн — олимпиадный.",facts_for_bot_UNPK.yaml (Claude layer v3),document_verified,,2026-05-18,fact:v3:unpk:online_platform_levels_3:d4796d8d2a
unpk,program,draft_for_manager,low,"УНПК: онлайн-платформа, онлайн, название — МТС Линк (бывший Webinar).","УНПК: онлайн-платформа, онлайн, название — МТС Линк (бывший Webinar).",facts_for_bot_UNPK.yaml (Claude layer v3),document_verified,,2026-05-18,fact:v3:unpk:online_platform_name:338f3c0a7d
unpk,program,draft_for_manager,low,"УНПК: онлайн-платформа, онлайн — да.","УНПК: онлайн-платформа, онлайн — да.",facts_for_bot_UNPK.yaml (Claude layer v3),document_verified,,2026-05-18,fact:v3:unpk:online_platform_recording:5ff73de076
unpk,price,bot_answer_self_for_pilot,low,"УНПК: цены на 2026/27 учебный год, 1-4 класс, очно, после 01.07.2026, 4 недели — 7 900.","УНПК: цены на 2026/27 учебный год, 1-4 класс, очно, после 01.07.2026, 4 недели — 7 900.",facts_for_bot_UNPK.yaml (Claude layer v3),document_verified,,2026-05-18,fact:v3:unpk:prices_regular_2026_27_offline_1_4_class_after_2026_07_01_four_weeks:f8b6bfd822
unpk,price,bot_answer_self_for_pilot,low,"УНПК: цены на 2026/27 учебный год, 1-4 класс, очно, после 01.07.2026, семестр — диапазон от 26 900 ₽ до 35 500 ₽.","УНПК: цены на 2026/27 учебный год, 1-4 класс, очно, после 01.07.2026, семестр — диапазон от 26 900 ₽ до 35 500 ₽.",facts_for_bot_UNPK.yaml (Claude layer v3),document_verified,,2026-05-18,fact:v3:unpk:prices_regular_2026_27_offline_1_4_class_after_2026_07_01_semester_range:f5d17eb60a
unpk,price,bot_answer_self_for_pilot,low,"УНПК: цены на 2026/27 учебный год, 1-4 класс, очно, после 01.07.2026, год — 59 900 ₽.","УНПК: цены на 2026/27 учебный год, 1-4 класс, очно, после 01.07.2026, год — 59 900 ₽.",facts_for_bot_UNPK.yaml (Claude layer v3),document_verified,,2026-05-18,fact:v3:unpk:prices_regular_2026_27_offline_1_4_class_after_2026_07_01_year:50573913cb
unpk,price,bot_answer_self_for_pilot,low,"УНПК: цены на 2026/27 учебный год, 1-4 класс, очно, до 01.07.2026, семестр — 31 000 ₽.","УНПК: цены на 2026/27 учебный год, 1-4 класс, очно, до 01.07.2026, семестр — 31 000 ₽.",facts_for_bot_UNPK.yaml (Claude layer v3),document_verified,2026-07-01,2026-05-18,fact:v3:unpk:prices_regular_2026_27_offline_1_4_class_before_2026_07_01_semester:822adda0a0
unpk,price,bot_answer_self_for_pilot,low,"УНПК: цены на 2026/27 учебный год, 1-4 класс, очно, до 01.07.2026, год — 51 700 ₽.","УНПК: цены на 2026/27 учебный год, 1-4 класс, очно, до 01.07.2026, год — 51 700 ₽.",facts_for_bot_UNPK.yaml (Claude layer v3),document_verified,2026-07-01,2026-05-18,fact:v3:unpk:prices_regular_2026_27_offline_1_4_class_before_2026_07_01_year:dde3131cf8
unpk,price,bot_answer_self_for_pilot,low,"УНПК: цены на 2026/27 учебный год, 5-11 класс, очно, после 01.07.2026, 4 недели — 10 900.","УНПК: цены на 2026/27 учебный год, 5-11 класс, очно, после 01.07.2026, 4 недели — 10 900.",facts_for_bot_UNPK.yaml (Claude layer v3),document_verified,,2026-05-18,fact:v3:unpk:prices_regular_2026_27_offline_5_11_class_after_2026_07_01_four_weeks:43a505a012
unpk,price,bot_answer_self_for_pilot,low,"УНПК: цены на 2026/27 учебный год, 5-11 класс, очно, после 01.07.2026, 4 недели для новых учеников — 9 900.","УНПК: цены на 2026/27 учебный год, 5-11 класс, очно, после 01.07.2026, 4 недели для новых учеников — 9 900.",facts_for_bot_UNPK.yaml (Claude layer v3),document_verified,,2026-05-18,fact:v3:unpk:prices_regular_2026_27_offline_5_11_class_after_2026_07_01_four_weeks_new:2e3f5000d5
unpk,price,bot_answer_self_for_pilot,low,"УНПК: цены на 2026/27 учебный год, 5-11 класс, очно, после 01.07.2026, семестр — диапазон от 36 900 ₽ до 49 000 ₽.","УНПК: цены на 2026/27 учебный год, 5-11 класс, очно, после 01.07.2026, семестр — диапазон от 36 900 ₽ до 49 000 ₽.",facts_for_bot_UNPK.yaml (Claude layer v3),document_verified,,2026-05-18,fact:v3:unpk:prices_regular_2026_27_offline_5_11_class_after_2026_07_01_semester_range:20c3126a00
unpk,price,bot_answer_self_for_pilot,low,"УНПК: цены на 2026/27 учебный год, 5-11 класс, очно, после 01.07.2026, год — 82 000 ₽.","УНПК: цены на 2026/27 учебный год, 5-11 класс, очно, после 01.07.2026, год — 82 000 ₽.",facts_for_bot_UNPK.yaml (Claude layer v3),document_verified,,2026-05-18,fact:v3:unpk:prices_regular_2026_27_offline_5_11_class_after_2026_07_01_year:8647ba1d6c
unpk,price,bot_answer_self_for_pilot,low,"УНПК: цены на 2026/27 учебный год, 5-11 класс, очно, до 01.07.2026, семестр — 49 000 ₽.","УНПК: цены на 2026/27 учебный год, 5-11 класс, очно, до 01.07.2026, семестр — 49 000 ₽.",facts_for_bot_UNPK.yaml (Claude layer v3),document_verified,2026-07-01,2026-05-18,fact:v3:unpk:prices_regular_2026_27_offline_5_11_class_before_2026_07_01_semester:091cddc130
unpk,price,bot_answer_self_for_pilot,low,"УНПК: цены на 2026/27 учебный год, 5-11 класс, очно, до 01.07.2026, год — 82 000 ₽.","УНПК: цены на 2026/27 учебный год, 5-11 класс, очно, до 01.07.2026, год — 82 000 ₽.",facts_for_bot_UNPK.yaml (Claude layer v3),document_verified,2026-07-01,2026-05-18,fact:v3:unpk:prices_regular_2026_27_offline_5_11_class_before_2026_07_01_year:c9c10537f7
unpk,price,bot_answer_self_for_pilot,low,"УНПК: цены на 2026/27 учебный год, 4 недели — 15 000.","УНПК: цены на 2026/27 учебный год, 4 недели — 15 000.",facts_for_bot_UNPK.yaml (Claude layer v3),document_verified,,2026-05-18,fact:v3:unpk:prices_regular_2026_27_patsayeva_2x_week_four_weeks:2af2ed100d
unpk,course_parameter,draft_for_manager,low,УНПК: цены на 2026/27 учебный год — ЕГЭ матем.,УНПК: цены на 2026/27 учебный год — ЕГЭ матем.,facts_for_bot_UNPK.yaml (Claude layer v3),document_verified,,2026-05-18,fact:v3:unpk:prices_regular_2026_27_patsayeva_2x_week_programs_1:288c219a11
unpk,course_parameter,draft_for_manager,low,УНПК: цены на 2026/27 учебный год — подготовка к ФТЛ 2 класс.,УНПК: цены на 2026/27 учебный год — подготовка к ФТЛ 2 класс.,facts_for_bot_UNPK.yaml (Claude layer v3),document_verified,,2026-05-18,fact:v3:unpk:prices_regular_2026_27_patsayeva_2x_week_programs_2:5bc05cc832
unpk,price,bot_answer_self_for_pilot,low,"УНПК: цены на 2026/27 учебный год, семестр — диапазон от 48 420 ₽ до 63 900 ₽.","УНПК: цены на 2026/27 учебный год, семестр — диапазон от 48 420 ₽ до 63 900 ₽.",facts_for_bot_UNPK.yaml (Claude layer v3),document_verified,,2026-05-18,fact:v3:unpk:prices_regular_2026_27_patsayeva_2x_week_semester_range:a1f336c315
unpk,price,bot_answer_self_for_pilot,low,"УНПК: цены на 2026/27 учебный год, год — 107 820.","УНПК: цены на 2026/27 учебный год, год — 107 820.",facts_for_bot_UNPK.yaml (Claude layer v3),document_verified,,2026-05-18,fact:v3:unpk:prices_regular_2026_27_patsayeva_2x_week_year:d35783f510
unpk,program,draft_for_manager,low,"УНПК: results social proof , ege avg above country pts — 25.","УНПК: results social proof , ege avg above country pts — 25.",facts_for_bot_UNPK.yaml (Claude layer v3),document_verified,,2026-05-18,fact:v3:unpk:results_social_proof_ege_avg_above_country_pts:ab973898b2
unpk,program,draft_for_manager,low,"УНПК: results social proof , industry rating 2025 — Лидер отрасли.","УНПК: results social proof , industry rating 2025 — Лидер отрасли.",facts_for_bot_UNPK.yaml (Claude layer v3),document_verified,,2026-05-18,fact:v3:unpk:results_social_proof_industry_rating_2025:b0a1661de1
unpk,program,draft_for_manager,low,"УНПК: results social proof , oge grade 5 pct — 92.","УНПК: results social proof , oge grade 5 pct — 92.",facts_for_bot_UNPK.yaml (Claude layer v3),document_verified,,2026-05-18,fact:v3:unpk:results_social_proof_oge_grade_5_pct:e479f7ed4d
unpk,program,draft_for_manager,low,"УНПК: results social proof , olymp fiztech 2024 winners — 14.","УНПК: results social proof , olymp fiztech 2024 winners — 14.",facts_for_bot_UNPK.yaml (Claude layer v3),document_verified,,2026-05-18,fact:v3:unpk:results_social_proof_olymp_fiztech_2024_winners:c7c72fa260
unpk,program,draft_for_manager,low,"УНПК: results social proof , university admission pct — 97.","УНПК: results social proof , university admission pct — 97.",facts_for_bot_UNPK.yaml (Claude layer v3),document_verified,,2026-05-18,fact:v3:unpk:results_social_proof_university_admission_pct:6d2b6a0020
unpk,documents,bot_answer_self_for_pilot,medium,Договор пришлёт менеджер в ближайшие дни на email. Подскажите email.,Договор пришлёт менеджер в ближайшие дни на email. Подскажите email.,bot_policy.yaml (Claude layer v3),document_verified,,2026-05-18,fact:v3:unpk:bot_policy_approved_phrases_theme_11_contract_unpk:c763065837
unpk,documents,bot_answer_self_for_pilot,medium,"Менеджер подготовит справку и пришлёт в течение 10 дней, постараемся раньше.","Менеджер подготовит справку и пришлёт в течение 10 дней, постараемся раньше.",bot_policy.yaml (Claude layer v3),document_verified,,2026-05-18,fact:v3:unpk:bot_policy_approved_phrases_theme_12_certificate_unpk:f4316feaf5
unpk,teacher,bot_answer_self_for_pilot,low,"Преподаватели — из МФТИ, МГУ, ВШЭ, МГТУ им. Баумана, МИФИ. Эксперты ЕГЭ, члены жюри олимпиад. Если ребёнку не подойдёт педагог — переведём в другую группу.","Преподаватели — из МФТИ, МГУ, ВШЭ, МГТУ им. Баумана, МИФИ. Эксперты ЕГЭ, члены жюри олимпиад. Если ребёнку не подойдёт педагог — переведём в другую группу.",bot_policy.yaml (Claude layer v3),document_verified,,2026-05-18,fact:v3:unpk:bot_policy_approved_phrases_theme_17_teachers_unpk:86fcffc445
unpk,camp_zvsh,bot_answer_self_for_pilot,low,"Зимняя выездная школа в Менделеево — ждём расписание на новый учебный год. Записаться в лист ожидания можно прямо сейчас — менеджер свяжется, как только откроются продажи.","Зимняя выездная школа в Менделеево — ждём расписание на новый учебный год. Записаться в лист ожидания можно прямо сейчас — менеджер свяжется, как только откроются продажи.",facts_for_bot_UNPK.yaml (Claude layer v3),waiting_list,,2026-05-18,fact:v3:unpk:zvsh_mendeleevo_client_safe_text_when_asked:7a79fa4b87
unpk,deadline,draft_for_manager,low,"УНПК: zvsh mendeleevo , dates 2026 27 — не определены.","УНПК: zvsh mendeleevo , dates 2026 27 — не определены.",facts_for_bot_UNPK.yaml (Claude layer v3),waiting_list,,2026-05-18,fact:v3:unpk:zvsh_mendeleevo_dates_2026_27:721af32eba
