id,name,description,contact_id,type,form,category,rate,duration,start_date,finish_date,cost,num_visit,num_visit_left,filial,invoice_id,discount,discount_comment,internal_notice,tags,tags2,event_id,assign_reason
449f8c26-82d2-2310-5026-6a0da14ea6b9,ЛШ 2026 Очно Москва 3.08 - 14.08 (ФОТОН),,106800e2-0fc1-05dd-5ece-64885acb1b2f,Standart,,,,360,2026-05-20,2027-05-15,34300,1,1,{'vyezdnye_shkoly_inogorodnij_': 'Выездные школы (иногородний)'},,52700,,,,,OCH_LSH_MSK_FOTON_0308,единственная очная ЛШ ученика; строка участника важнее текста платежа
2daabe8a-19fa-2f0c-c30a-6a0d739e68af,ЛШ 2026 Очно МФТИ 17.08 - 28.08 (УНПК),,10782dbf-db1d-dad5-5963-6a044b26e80e,Standart,,,,360,2026-05-20,2027-05-15,99500,1,1,{'vyezdnye_shkoly_inogorodnij_': 'Выездные школы (иногородний)'},,-12500,,,,,OCH_LSH_MFTI_UNPK_1708,единственная очная ЛШ ученика; строка участника важнее текста платежа
32650c0d-6e54-fe66-1297-69ff2c6037f7,ЛШ-26 Москва 3.08 - 14.08 (ФОТОН),,13b8efa9-3817-c8d2-d710-698c3d615f82,Standart,,,,360,2026-05-09,2027-05-04,59000,1,1,{'vyezdnye_shkoly_inogorodnij_': 'Выездные школы (иногородний)'},,28000,,,,,OCH_LSH_MSK_FOTON_0308,единственная очная ЛШ ученика; строка участника важнее текста платежа
82bf2bd3-71d5-b56b-b702-6a141ba9853a,ЛШ 2026 Очно Москва 6.07 - 17.07 (УНПК),,155e40e8-e039-702b-84eb-6a0efd91aa62,Standart,,,,360,2026-05-25,2027-05-20,59500,1,1,{'vyezdnye_shkoly_inogorodnij_': 'Выездные школы (иногородний)'},,27500,,,,,OCH_LSH_MSK_UNPK_0607,единственная очная ЛШ ученика; строка участника важнее текста платежа
8440cc8f-f1f1-42e9-5935-6a14365a48a6,ЛШ 2026 Очно Москва 6.07 - 17.07 (УНПК),,15802d2d-594f-fd8a-882e-6a01aa1f34f6,Standart,,,,360,2026-05-25,2027-05-20,37500,1,1,{'vyezdnye_shkoly_inogorodnij_': 'Выездные школы (иногородний)'},,49500,,,,,OCH_LSH_MSK_UNPK_0607,единственная очная ЛШ ученика; строка участника важнее текста платежа
aa07448c-40de-3764-cd7b-6a0d8016f2ef,ЛШ 2026 Очно Москва 6.07 - 17.07 (УНПК),,1597c915-3194-1181-457c-69e216a30f49,Standart,,,,360,2026-05-20,2027-05-15,37500,1,1,{'vyezdnye_shkoly_inogorodnij_': 'Выездные школы (иногородний)'},,49500,,,,,OCH_LSH_MSK_UNPK_0607,единственная очная ЛШ ученика; строка участника важнее текста платежа
b76f947e-db51-24a0-9160-6a0c507e492c,ЛШ 2026 Очно МФТИ 17.08 - 28.08 (УНПК),,18ea95dc-f854-e031-7c0e-69fb0b5cc37f,Standart,,,,360,2026-05-19,2027-05-14,99500,1,1,{'vyezdnye_shkoly_inogorodnij_': 'Выездные школы (иногородний)'},,-12500,,,,,OCH_LSH_MFTI_UNPK_1708,единственная очная ЛШ ученика; строка участника важнее текста платежа
3b97b96c-591c-2018-afdf-6a1d3ac755c2,ЛШ 2026 Очно Москва 6.07 - 17.07 (УНПК),,1add0945-d7ee-3e1c-432c-6a181e795960,Standart,,,,360,2026-06-01,2027-05-27,37500,1,1,{'vyezdnye_shkoly_inogorodnij_': 'Выездные школы (иногородний)'},,49500,,,,,OCH_LSH_MSK_UNPK_0607,единственная очная ЛШ ученика; строка участника важнее текста платежа
7c786555-ec4b-feda-214b-6a159fc13e7b,ЛШ 2026 Очно МФТИ 17.08 - 28.08 (УНПК),,1f0d4b6b-a19e-a37a-367c-6a0ffaa755b9,Standart,,,,360,2026-05-26,2027-05-21,37500,1,1,{'vyezdnye_shkoly_inogorodnij_': 'Выездные школы (иногородний)'},,49500,,,,,OCH_LSH_MFTI_UNPK_1708,единственная очная ЛШ ученика; строка участника важнее текста платежа
e07bf84b-641b-e157-ff27-6a16c9a44fe1,ЛШ 2026 Очно Москва 6.07 - 17.07 (УНПК),,21de4062-a2eb-f98f-c8b8-6a0443d9e199,Standart,,,,360,2026-05-27,2027-05-22,37500,1,1,{'vyezdnye_shkoly_inogorodnij_': 'Выездные школы (иногородний)'},,49500,,,,,OCH_LSH_MSK_UNPK_0607,единственная очная ЛШ ученика; строка участника важнее текста платежа
e140537b-a45b-e2fa-c971-6a141e3c4377,ЛШ 2026 Очно Москва 6.07 - 17.07 (УНПК),,2536561c-d4bf-a714-6eb5-6a0d5dca7b9c,Standart,,,,360,2026-05-25,2027-05-20,59500,1,1,{'vyezdnye_shkoly_inogorodnij_': 'Выездные школы (иногородний)'},,27500,,,,,OCH_LSH_MSK_UNPK_0607,единственная очная ЛШ ученика; строка участника важнее текста платежа
737ac3a1-11e4-15ff-b348-6a0d9b4118ff,ЛШ 2026 Очно Москва 3.08 - 14.08 (ФОТОН),,25850d47-1c2f-e166-ac7a-69f99e6a18cf,Standart,,,,360,2026-05-20,2027-05-15,34300,1,1,{'vyezdnye_shkoly_inogorodnij_': 'Выездные школы (иногородний)'},,52700,,,,,OCH_LSH_MSK_FOTON_0308,единственная очная ЛШ ученика; строка участника важнее текста платежа
19ff0822-2ba5-a04e-3947-6a16cae80a21,ЛШ 2026 Очно Москва 6.07 - 17.07 (УНПК),,27d7f16e-80c6-d8e2-e899-6a0aed21c1c6,Standart,,,,360,2026-05-27,2027-05-22,59500,1,1,{'vyezdnye_shkoly_inogorodnij_': 'Выездные школы (иногородний)'},,27500,,,,,OCH_LSH_MSK_UNPK_0607,единственная очная ЛШ ученика; строка участника важнее текста платежа
d26e8b74-11ba-95b3-512d-6a141d92f4bb,ЛШ 2026 Очно Москва 6.07 - 17.07 (УНПК),,29e87cfc-ef53-32bf-2cb6-66eec15869e9,Standart,,,,360,2026-05-25,2027-05-20,59500,1,1,{'vyezdnye_shkoly_inogorodnij_': 'Выездные школы (иногородний)'},,27500,,,,,OCH_LSH_MSK_UNPK_0607,единственная очная ЛШ ученика; строка участника важнее текста платежа
7f90eb84-6760-0d19-1808-6a14347d22de,ЛШ 2026 Очно Москва 6.07 - 17.07 (УНПК),,2abeaf2e-a901-e8d9-f0aa-69fb4c72a7d3,Standart,,,,360,2026-05-25,2027-05-20,59500,1,1,{'vyezdnye_shkoly_inogorodnij_': 'Выездные школы (иногородний)'},,27500,,,,,OCH_LSH_MSK_UNPK_0607,"совпали признаки смены среди групп ученика, score=9"
f100d648-43d8-b3f3-0899-6a1431ea2a0a,ЛШ 2026 Очно МФТИ 17.08 - 28.08 (УНПК),,2c191e60-1bfa-1e43-657a-68f223beb1e3,Standart,,,,360,2026-05-25,2027-05-20,59500,1,1,{'vyezdnye_shkoly_inogorodnij_': 'Выездные школы (иногородний)'},,27500,,,,,OCH_LSH_MFTI_UNPK_1708,единственная очная ЛШ ученика; строка участника важнее текста платежа
f0871c74-f20b-f53f-c69a-6a1d398371d4,ЛШ 2026 Очно Москва 6.07 - 17.07 (УНПК),,2ee864c7-fae9-8e06-14d1-6a158565c511,Standart,,,,360,2026-06-01,2027-05-27,59500,1,1,{'vyezdnye_shkoly_inogorodnij_': 'Выездные школы (иногородний)'},,27500,,,,,OCH_LSH_MSK_UNPK_0607,единственная очная ЛШ ученика; строка участника важнее текста платежа
c1878d91-22dc-19cc-2840-6a0c67f805ab,ЛШ 2026 Очно Москва 6.07 - 17.07 (УНПК),,3380a81a-6785-8a0f-6004-6a0566a643d9,Standart,,,,360,2026-05-19,2027-05-14,37500,1,1,{'vyezdnye_shkoly_inogorodnij_': 'Выездные школы (иногородний)'},,49500,,,,,OCH_LSH_MSK_UNPK_0607,единственная очная ЛШ ученика; строка участника важнее текста платежа
d8e4d115-fb9f-ad9d-a2e5-6a0c4e807f3c,ЛШ 2026 Очно МФТИ 17.08 - 28.08 (УНПК),,34ed3d82-386d-00eb-1ee8-69fdf5a845e1,Standart,,,,360,2026-05-19,2027-05-14,37500,1,1,{'vyezdnye_shkoly_inogorodnij_': 'Выездные школы (иногородний)'},,49500,,,,,OCH_LSH_MFTI_UNPK_1708,единственная очная ЛШ ученика; строка участника важнее текста платежа
628eae35-4bcb-5842-25b3-6a0c50c1ed59,ЛШ 2026 Очно Москва 6.07 - 17.07 (УНПК),,35158c62-f3c2-d854-925c-69fb3e0a31f4,Standart,,,,360,2026-05-19,2027-05-14,59500,1,1,{'vyezdnye_shkoly_inogorodnij_': 'Выездные школы (иногородний)'},,27500,,,,,OCH_LSH_MSK_UNPK_0607,единственная очная ЛШ ученика; строка участника важнее текста платежа
82bb56a6-4394-aec7-de4a-6a0d72c2fd5f,ЛШ 2026 Очно МФТИ 17.08 - 28.08 (УНПК),,3593c5e3-6def-132a-6b18-6a04664c5d71,Standart,,,,360,2026-05-20,2027-05-15,59500,1,1,{'vyezdnye_shkoly_inogorodnij_': 'Выездные школы (иногородний)'},,27500,,,,,OCH_LSH_MFTI_UNPK_1708,единственная очная ЛШ ученика; строка участника важнее текста платежа
b1d77ba0-763a-b12d-4b0b-6a0d72910248,ЛШ 2026 Очно Москва 6.07 - 17.07 (УНПК),,36d14cbc-cbc6-627b-7c54-6936d4c7388c,Standart,,,,360,2026-05-20,2027-05-15,59500,1,1,{'vyezdnye_shkoly_inogorodnij_': 'Выездные школы (иногородний)'},,27500,,,,,OCH_LSH_MSK_UNPK_0607,единственная очная ЛШ ученика; строка участника важнее текста платежа
82cdad8b-5760-8435-f92e-6a1d375d0ff4,ЛШ 2026 Очно Москва 6.07 - 17.07 (УНПК),,3a19f7e8-f891-85cb-4e8b-6a1065f833c2,Standart,,,,360,2026-06-01,2027-05-27,99500,1,1,{'vyezdnye_shkoly_inogorodnij_': 'Выездные школы (иногородний)'},,-12500,,,,,OCH_LSH_MSK_UNPK_0607,единственная очная ЛШ ученика; строка участника важнее текста платежа
576a5d48-e444-efc9-aace-69eb5c02a85c,ЛШ-26 Москва 3.08 - 14.08 (ФОТОН),,3f5e6fc3-a928-68a3-4261-69c107c498e4,Standart,,,,360,2026-04-24,2027-04-19,59000,1,1,,,28000,,,,,OCH_LSH_MSK_FOTON_0308,единственная очная ЛШ ученика; строка участника важнее текста платежа
3740c1e4-816e-6989-644f-6a0d83a1821d,ЛШ 2026 Очно МФТИ 17.08 - 28.08 (УНПК),,40626337-af5b-76e7-3372-5f575b2c39cf,Standart,,,,360,2026-05-20,2027-05-15,59500,1,1,{'vyezdnye_shkoly_inogorodnij_': 'Выездные школы (иногородний)'},,27500,,,,,OCH_LSH_MFTI_UNPK_1708,единственная очная ЛШ ученика; строка участника важнее текста платежа
4503274e-da48-e4b6-7f60-6a01c6fa54cd,ЛШ 2026 Очно МФТИ 20.07 - 31.07 (УНПК),,40626337-af5b-76e7-3372-5f575b2c39cf,Standart,,,,360,2026-05-11,2027-05-06,53550,1,1,{'vyezdnye_shkoly_inogorodnij_': 'Выездные школы (иногородний)'},,33450,,,,,OCH_LSH_MFTI_UNPK_1708,единственная очная ЛШ ученика; строка участника важнее текста платежа
46658916-a317-539f-feb8-6a181d2452ce,ЛШ 2026 Очно Москва 6.07 - 17.07 (УНПК),,41912130-0fc0-159e-44e6-6a145e971b42,Standart,,,,360,2026-05-28,2027-05-23,37500,1,1,{'vyezdnye_shkoly_inogorodnij_': 'Выездные школы (иногородний)'},,49500,,,,,OCH_LSH_MSK_UNPK_0607,единственная очная ЛШ ученика; строка участника важнее текста платежа
34df8251-6275-0395-9937-6a1d37f2fc26,ЛШ 2026 Очно Москва 6.07 - 17.07 (УНПК),,41a1b613-74b4-0246-852a-6a16c3040bd9,Standart,,,,360,2026-06-01,2027-05-27,59500,1,1,{'vyezdnye_shkoly_inogorodnij_': 'Выездные школы (иногородний)'},,27500,,,,,OCH_LSH_MSK_UNPK_0607,единственная очная ЛШ ученика; строка участника важнее текста платежа
47f1815f-154d-315a-c54d-6a0d95b6432e,ЛШ 2026 Очно Москва 3.08 - 14.08 (ФОТОН),,4235aa87-7c2f-0ae0-d96a-69fc48588296,Standart,,,,360,2026-05-20,2027-05-15,49000,1,1,{'vyezdnye_shkoly_inogorodnij_': 'Выездные школы (иногородний)'},,38000,,,,,OCH_LSH_MSK_FOTON_0308,единственная очная ЛШ ученика; строка участника важнее текста платежа
7906179f-93ff-6ef1-0feb-6a0c61836d13,ЛШ 2026 Очно МФТИ 17.08 - 28.08 (УНПК),,42931b51-cde9-8a14-2a26-69fc793152c4,Standart,,,,360,2026-05-19,2027-05-14,37500,1,1,{'vyezdnye_shkoly_inogorodnij_': 'Выездные школы (иногородний)'},,49500,,,,,OCH_LSH_MFTI_UNPK_1708,единственная очная ЛШ ученика; строка участника важнее текста платежа
86e7a2ab-6282-3042-ac17-6a1414aa2175,ЛШ 2026 Очно Москва 3.08 - 14.08 (ФОТОН),,43e8be78-c581-1025-8eff-6613ac61d06b,Standart,,,,360,2026-05-25,2027-05-20,46550,1,1,{'vyezdnye_shkoly_inogorodnij_': 'Выездные школы (иногородний)'},,40450,,,,,OCH_LSH_MSK_FOTON_0308,единственная очная ЛШ ученика; строка участника важнее текста платежа
f402032c-7ced-cb94-98e7-6a214e51a691,ЛШ 2026 Очно Москва 6.07 - 17.07 (УНПК),,46aaa2dd-bd3f-d4cb-2aae-668548078c85,Standart,,,,360,2026-06-04,2027-05-30,59500,1,1,{'vyezdnye_shkoly_inogorodnij_': 'Выездные школы (иногородний)'},,27500,,,,,OCH_LSH_MSK_UNPK_0607,единственная очная ЛШ ученика; строка участника важнее текста платежа
574f8d3f-9a4c-48b5-6b5d-6a2158e0ac98,ЛШ 2026 Очно Москва 6.07 - 17.07 (УНПК),,47a66656-b26f-4af9-83b5-6a0c8b1d1366,Standart,,,,360,2026-06-04,2027-05-30,37500,1,1,{'vyezdnye_shkoly_inogorodnij_': 'Выездные школы (иногородний)'},,49500,,,,,OCH_LSH_MSK_UNPK_0607,единственная очная ЛШ ученика; строка участника важнее текста платежа
c026292a-4a48-e1ec-d47a-6a182f73696b,ЛШ 2026 Очно Москва 6.07 - 17.07 (УНПК),,48769c10-39df-d80b-7db2-6a033c523d82,Standart,,,,360,2026-05-28,2027-05-23,99500,1,1,{'vyezdnye_shkoly_inogorodnij_': 'Выездные школы (иногородний)'},,-12500,,,,,OCH_LSH_MSK_UNPK_0607,единственная очная ЛШ ученика; строка участника важнее текста платежа
438b4ebb-f75c-2c25-dc28-6a0d80cdf141,ЛШ 2026 Очно Москва 6.07 - 17.07 (УНПК),,4942000c-4d30-4db9-1f7c-6a05a5fc78fd,Standart,,,,360,2026-05-20,2027-05-15,53550,1,1,{'vyezdnye_shkoly_inogorodnij_': 'Выездные школы (иногородний)'},,33450,,,,,OCH_LSH_MSK_UNPK_0607,единственная очная ЛШ ученика; строка участника важнее текста платежа
5f8e7e03-2a99-056b-6e41-6a141d08b8b3,ЛШ 2026 Очно МФТИ 17.08 - 28.08 (УНПК),,4e450d9f-0874-d7f5-fe1e-6a0c18bc2085,Standart,,,,360,2026-05-25,2027-05-20,37500,1,1,{'vyezdnye_shkoly_inogorodnij_': 'Выездные школы (иногородний)'},,49500,,,,,OCH_LSH_MFTI_UNPK_1708,единственная очная ЛШ ученика; строка участника важнее текста платежа
e65fd800-90df-9e5f-24b8-6a181355fc2f,ЛШ 2026 Очно МФТИ 17.08 - 28.08 (УНПК),,4e620a10-0e05-2ce8-cd09-6a16a5ad08a8,Standart,,,,360,2026-05-28,2027-05-23,59500,1,1,{'vyezdnye_shkoly_inogorodnij_': 'Выездные школы (иногородний)'},,27500,,,,,OCH_LSH_MFTI_UNPK_1708,единственная очная ЛШ ученика; строка участника важнее текста платежа
d45a4e68-b6fd-d132-437a-69f0e3071f9d,ЛШ-26 Москва 3.08 - 14.08 (ФОТОН),,4e6dc66d-b8cb-f60b-68df-6411950ca8c6,Standart,,,,360,2026-04-28,2027-04-23,56050,1,1,{'vyezdnye_shkoly_inogorodnij_': 'Выездные школы (иногородний)'},,30950,,,,,OCH_LSH_MSK_FOTON_0308,единственная очная ЛШ ученика; строка участника важнее текста платежа
e1b08cdd-3d3f-517e-f92c-69f06e904827,ЛШ -26 Москва 6.07 - 17.07 (УНПК),,4fc37f3c-4cc3-4cde-c0ad-69a924d91380,Standart,,,,360,2026-04-28,2027-04-23,37500,1,1,{'vyezdnye_shkoly_inogorodnij_': 'Выездные школы (иногородний)'},,49500,,,,,OCH_LSH_MSK_UNPK_0607,единственная очная ЛШ ученика; строка участника важнее текста платежа
d0545817-b57f-c0ed-9146-6a0c55cda1f2,ЛШ 2026 Очно Москва 6.07 - 17.07 (УНПК),,549367c1-ca6e-2fc9-ca4d-6a018eaa7c80,Standart,,,,360,2026-05-19,2027-05-14,59500,1,1,{'vyezdnye_shkoly_inogorodnij_': 'Выездные школы (иногородний)'},,27500,,,,,OCH_LSH_MSK_UNPK_0607,единственная очная ЛШ ученика; строка участника важнее текста платежа
1d1b70e5-c314-9f52-1ef2-6a0c68a2d1ba,ЛШ 2026 Очно Москва 6.07 - 17.07 (УНПК),,550adf0f-4e5f-215e-9581-6a0439e4ea92,Standart,,,,360,2026-05-19,2027-05-14,99500,1,1,{'vyezdnye_shkoly_inogorodnij_': 'Выездные школы (иногородний)'},,-12500,,,,,OCH_LSH_MSK_UNPK_0607,единственная очная ЛШ ученика; строка участника важнее текста платежа
2aef6c14-d332-1f7e-2044-6a1d3bdca373,ЛШ 2026 Очно МФТИ 17.08 - 28.08 (УНПК),,55ea0fbc-d224-b26b-f3a9-6a195f94bf41,Standart,,,,360,2026-06-01,2027-05-27,37500,1,1,{'vyezdnye_shkoly_inogorodnij_': 'Выездные школы (иногородний)'},,49500,,,,,OCH_LSH_MFTI_UNPK_1708,единственная очная ЛШ ученика; строка участника важнее текста платежа
6a72c04d-543d-2284-0de2-69e9cc06001e,ЛШ -26 МФТИ 17.08 - 28.08 (УНПК),,578aa6d4-2803-17a2-d413-68ad847f10cc,Standart,,,,360,2026-04-23,2027-04-18,53550,1,1,{'mfti': 'МФТИ'},,33450,,,,,OCH_LSH_MFTI_UNPK_1708,единственная очная ЛШ ученика; строка участника важнее текста платежа
4af7755b-8380-c20a-d4f6-6a0c45b1667a,ЛШ 2026 Очно МФТИ 17.08 - 28.08 (УНПК),,57c20eda-7aab-244c-f54f-69fc492c383b,Standart,,,,360,2026-05-19,2027-05-14,37500,1,1,{'vyezdnye_shkoly_inogorodnij_': 'Выездные школы (иногородний)'},,49500,,,,,OCH_LSH_MFTI_UNPK_1708,единственная очная ЛШ ученика; строка участника важнее текста платежа
8b2a2c5f-3824-ca68-ff61-6a1d3decb23e,ЛШ 2026 Очно Москва 6.07 - 17.07 (УНПК),,5c465d13-b3dd-3da1-b533-69f1e432c9df,Standart,,,,360,2026-06-01,2027-05-27,37500,1,1,{'vyezdnye_shkoly_inogorodnij_': 'Выездные школы (иногородний)'},,49500,,,,,OCH_LSH_MSK_UNPK_0607,единственная очная ЛШ ученика; строка участника важнее текста платежа
2ee5b05d-49fe-150f-5fdc-6a0d844d30ab,ЛШ 2026 Очно МФТИ 17.08 - 28.08 (УНПК),,5ee35dba-1b3b-5d51-9d52-69f1c53bdf63,Standart,,,,360,2026-05-20,2027-05-15,59500,1,1,{'vyezdnye_shkoly_inogorodnij_': 'Выездные школы (иногородний)'},,27500,,,,,OCH_LSH_MFTI_UNPK_1708,единственная очная ЛШ ученика; строка участника важнее текста платежа
3e76b175-3793-df5c-5c3a-69e9d0d0ffa6,ЛШ -26 Москва 6.07 - 17.07 (УНПК),,5f6da9c8-3d5d-975b-bc22-69e87f10a205,Standart,,,,360,2026-04-23,2027-04-18,37500,1,1,{'mfti': 'МФТИ'},,49500,,,,,OCH_LSH_MSK_UNPK_0607,единственная очная ЛШ ученика; строка участника важнее текста платежа
a64480ed-f343-246a-823c-6a0c4b34cadc,ЛШ 2026 Очно Москва 6.07 - 17.07 (УНПК),,6083cbd5-a3f6-0fb9-3274-69fb4620a268,Standart,,,,360,2026-05-19,2027-05-14,37500,1,1,{'vyezdnye_shkoly_inogorodnij_': 'Выездные школы (иногородний)'},,49500,,,,,OCH_LSH_MSK_UNPK_0607,единственная очная ЛШ ученика; строка участника важнее текста платежа
edb510d3-fbd6-5490-c5ed-6a1d3979fa2d,ЛШ 2026 Очно Москва 6.07 - 17.07 (УНПК),,61e72c1d-6c98-68dc-e28e-6a15846468ea,Standart,,,,360,2026-06-01,2027-05-27,59500,1,1,{'vyezdnye_shkoly_inogorodnij_': 'Выездные школы (иногородний)'},,27500,,,,,OCH_LSH_MSK_UNPK_0607,единственная очная ЛШ ученика; строка участника важнее текста платежа
98033814-ac24-4e0b-7029-6a0c48639fc1,ЛШ 2026 Очно Москва 6.07 - 17.07 (УНПК),,630b5e38-fc30-d252-6a67-69f84e1aae04,Standart,,,,360,2026-05-19,2027-05-14,37500,1,1,{'vyezdnye_shkoly_inogorodnij_': 'Выездные школы (иногородний)'},,49500,,,,,OCH_LSH_MSK_UNPK_0607,единственная очная ЛШ ученика; строка участника важнее текста платежа
2f394258-c310-34eb-c92b-6a1436700aaa,ЛШ 2026 Очно Москва 6.07 - 17.07 (УНПК),,63f99a1f-a6dd-0df4-d4b4-6a12eb584428,Standart,,,,360,2026-05-25,2027-05-20,59500,1,1,{'vyezdnye_shkoly_inogorodnij_': 'Выездные школы (иногородний)'},,27500,,,,,OCH_LSH_MSK_UNPK_0607,единственная очная ЛШ ученика; строка участника важнее текста платежа
497bdccd-62e7-a8c5-f3eb-6a0c4fed7a6c,ЛШ 2026 Очно Москва 6.07 - 17.07 (УНПК),,667d7dad-fda8-f162-f92f-69f9ae05714b,Standart,,,,360,2026-05-19,2027-05-14,59500,1,1,{'vyezdnye_shkoly_inogorodnij_': 'Выездные школы (иногородний)'},,27500,,,,,OCH_LSH_MSK_UNPK_0607,единственная очная ЛШ ученика; строка участника важнее текста платежа
bce3fce8-0a09-7c18-fdbb-6a1d40ebdb33,ЛШ 2026 Очно МФТИ 17.08 - 28.08 (УНПК),,66deb3e1-0ab4-e5f7-7bb4-6a1abe201c2b,Standart,,,,360,2026-06-01,2027-05-27,59500,1,1,{'vyezdnye_shkoly_inogorodnij_': 'Выездные школы (иногородний)'},,27500,,,,,OCH_LSH_MFTI_UNPK_1708,единственная очная ЛШ ученика; строка участника важнее текста платежа
7c56a259-c36f-c22f-cc32-6a1d3b28ae40,ЛШ 2026 Очно Москва 6.07 - 17.07 (УНПК),,68740930-2abf-b2a2-8c06-6a0ae0ae7001,Standart,,,,360,2026-06-01,2027-05-27,37500,1,1,{'vyezdnye_shkoly_inogorodnij_': 'Выездные школы (иногородний)'},,49500,,,,,OCH_LSH_MSK_UNPK_0607,единственная очная ЛШ ученика; строка участника важнее текста платежа
e2ea02e6-0349-deb5-1b08-6a143296a669,ЛШ 2026 Очно Москва 6.07 - 17.07 (УНПК),,6b396fb4-32ab-df7f-3360-6a1004384fcb,Standart,,,,360,2026-05-25,2027-05-20,59500,1,1,{'vyezdnye_shkoly_inogorodnij_': 'Выездные школы (иногородний)'},,27500,,,,,OCH_LSH_MSK_UNPK_0607,единственная очная ЛШ ученика; строка участника важнее текста платежа
4cc57544-b84d-3a82-8f53-6a181e01efb2,ЛШ 2026 Очно Москва 6.07 - 17.07 (УНПК),,6c0eb16f-b696-ccaf-5728-6a06d9e31470,Standart,,,,360,2026-05-28,2027-05-23,59500,1,1,{'vyezdnye_shkoly_inogorodnij_': 'Выездные школы (иногородний)'},,27500,,,,,OCH_LSH_MSK_UNPK_0607,единственная очная ЛШ ученика; строка участника важнее текста платежа
5474274a-9bb0-956f-5e35-6a0c53c8180d,ЛШ 2026 Очно МФТИ 17.08 - 28.08 (УНПК),,70645dba-8d67-2ee2-f54a-69f4b804d445,Standart,,,,360,2026-05-19,2027-05-14,37500,1,1,{'vyezdnye_shkoly_inogorodnij_': 'Выездные школы (иногородний)'},,49500,,,,,OCH_LSH_MFTI_UNPK_1708,единственная очная ЛШ ученика; строка участника важнее текста платежа
8ccc4a18-1956-1885-7b93-6a214f1e52ea,ЛШ 2026 Очно Москва 6.07 - 17.07 (УНПК),,712b71c6-b533-2f53-9ae0-6a1eaabe1a23,Standart,,,,360,2026-06-04,2027-05-30,59500,1,1,{'vyezdnye_shkoly_inogorodnij_': 'Выездные школы (иногородний)'},,27500,,,,,OCH_LSH_MSK_UNPK_0607,единственная очная ЛШ ученика; строка участника важнее текста платежа
59e25d4d-bc69-9604-7e86-6a2138ee9bd3,ЛШ 2026 Очно Москва 6.07 - 17.07 (УНПК),,7200056c-fe97-7bb7-377d-6a0f168e8da9,Standart,,,,360,2026-06-04,2027-05-30,53550,1,1,{'vyezdnye_shkoly_inogorodnij_': 'Выездные школы (иногородний)'},,33450,,,,,OCH_LSH_MSK_UNPK_0607,единственная очная ЛШ ученика; строка участника важнее текста платежа
6b3fa46b-5269-a9d2-7528-6a0c6245e093,ЛШ 2026 Очно Москва 6.07 - 17.07 (УНПК),,76337ee3-b3e0-93e2-e03e-6a0303bdbeb2,Standart,,,,360,2026-05-19,2027-05-14,37500,1,1,{'vyezdnye_shkoly_inogorodnij_': 'Выездные школы (иногородний)'},,49500,,,,,OCH_LSH_MSK_UNPK_0607,единственная очная ЛШ ученика; строка участника важнее текста платежа
dd1c07d4-df82-33a1-a27b-6a0c5955d728,ЛШ 2026 Очно Москва 6.07 - 17.07 (УНПК),,76cf0cef-80f2-66b9-030e-61964a0d4839,Standart,,,,360,2026-05-19,2027-05-14,37500,1,1,{'vyezdnye_shkoly_inogorodnij_': 'Выездные школы (иногородний)'},,49500,,,,,OCH_LSH_MSK_UNPK_0607,единственная очная ЛШ ученика; строка участника важнее текста платежа
4a197c00-f1bf-9bd5-26c8-6a0c62d0233b,ЛШ 2026 Очно Москва 6.07 - 17.07 (УНПК),,77b44d2d-1576-3237-de49-69f9dda729c2,Standart,,,,360,2026-05-19,2027-05-14,49000,1,1,{'vyezdnye_shkoly_inogorodnij_': 'Выездные школы (иногородний)'},,38000,,,,,OCH_LSH_MSK_UNPK_0607,единственная очная ЛШ ученика; строка участника важнее текста платежа
452f543a-b2eb-67fd-3a5c-6a1435502c9c,ЛШ 2026 Очно Москва 6.07 - 17.07 (УНПК),,798ead6c-2e11-accc-e2e4-6a11be316694,Standart,,,,360,2026-05-25,2027-05-20,37500,1,1,{'vyezdnye_shkoly_inogorodnij_': 'Выездные школы (иногородний)'},,49500,,,,,OCH_LSH_MSK_UNPK_0607,единственная очная ЛШ ученика; строка участника важнее текста платежа
41318041-5eaf-1250-770b-6a0d77e8d282,ЛШ 2026 Очно Москва 6.07 - 17.07 (УНПК),,7b60b2ec-8e44-2f07-5052-69da4cbe2f97,Standart,,,,360,2026-05-20,2027-05-15,37500,1,1,{'vyezdnye_shkoly_inogorodnij_': 'Выездные школы (иногородний)'},,49500,,,,,OCH_LSH_MSK_UNPK_0607,единственная очная ЛШ ученика; строка участника важнее текста платежа
145888dd-89d1-7f02-c39c-6a212fa7bb22,ЛШ 2026 Очно Москва 6.07 - 17.07 (УНПК),,7ba62519-1b28-4899-4d9e-6a180edad2ec,Standart,,,,360,2026-06-04,2027-05-30,37500,1,1,{'vyezdnye_shkoly_inogorodnij_': 'Выездные школы (иногородний)'},,49500,,,,,OCH_LSH_MSK_UNPK_0607,единственная очная ЛШ ученика; строка участника важнее текста платежа
5f5908ca-dd69-3626-a567-6a1d3bf34f9d,ЛШ 2026 Очно Москва 6.07 - 17.07 (УНПК),,80d75fc8-e07d-d666-8124-6a143d3f56a7,Standart,,,,360,2026-06-01,2027-05-27,33750,1,1,{'vyezdnye_shkoly_inogorodnij_': 'Выездные школы (иногородний)'},,53250,,,,,OCH_LSH_MSK_UNPK_0607,единственная очная ЛШ ученика; строка участника важнее текста платежа
c24bb245-7c80-09fe-4590-6a1d3d6252b8,ЛШ 2026 Очно Москва 6.07 - 17.07 (УНПК),,8120a4dd-1f04-66bd-d469-6a12e938e1b6,Standart,,,,360,2026-06-01,2027-05-27,99500,1,1,{'vyezdnye_shkoly_inogorodnij_': 'Выездные школы (иногородний)'},,-12500,,,,,OCH_LSH_MSK_UNPK_0607,единственная очная ЛШ ученика; строка участника важнее текста платежа
6580b601-c69d-225f-6c80-6a182a45a0cb,ЛШ 2026 Очно МФТИ 17.08 - 28.08 (УНПК),,81a6621e-988f-1e2f-d691-6a17faa37910,Standart,,,,360,2026-05-28,2027-05-23,59500,1,1,{'vyezdnye_shkoly_inogorodnij_': 'Выездные школы (иногородний)'},,27500,,,,,OCH_LSH_MFTI_UNPK_1708,единственная очная ЛШ ученика; строка участника важнее текста платежа
ddd29652-fd4c-ab25-7f3a-6a16cb81a391,ЛШ 2026 Очно Москва 6.07 - 17.07 (УНПК),,834c6ed7-2c84-5c75-b3c8-68a3028bdec4,Standart,,,,360,2026-05-27,2027-05-22,59500,1,1,{'vyezdnye_shkoly_inogorodnij_': 'Выездные школы (иногородний)'},,27500,,,,,OCH_LSH_MSK_UNPK_0607,единственная очная ЛШ ученика; строка участника важнее текста платежа
16a1abc9-fa7c-12fa-52e7-6a2151870ea5,ЛШ 2026 Очно Москва 6.07 - 17.07 (УНПК),,836b8a1b-dd30-1f66-a298-6862868b87ca,Standart,,,,360,2026-06-04,2027-05-30,99500,1,1,{'vyezdnye_shkoly_inogorodnij_': 'Выездные школы (иногородний)'},,-12500,,,,,OCH_LSH_MSK_UNPK_0607,единственная очная ЛШ ученика; строка участника важнее текста платежа
64cb62d5-88f2-6e1b-5ff6-6a16c9f8b6b0,ЛШ 2026 Очно МФТИ 17.08 - 28.08 (УНПК),,84427427-99eb-312b-0f00-6a0b19a29bb4,Standart,,,,360,2026-05-27,2027-05-22,37500,1,1,{'vyezdnye_shkoly_inogorodnij_': 'Выездные школы (иногородний)'},,49500,,,,,OCH_LSH_MFTI_UNPK_1708,единственная очная ЛШ ученика; строка участника важнее текста платежа
462afb71-caeb-19da-63b9-6a0c60ce2dab,ЛШ 2026 Очно Москва 6.07 - 17.07 (УНПК),,853c58d6-c970-8ab9-fe4d-6a043eeb664f,Standart,,,,360,2026-05-19,2027-05-14,59500,1,1,{'vyezdnye_shkoly_inogorodnij_': 'Выездные школы (иногородний)'},,27500,,,,,OCH_LSH_MSK_UNPK_0607,единственная очная ЛШ ученика; строка участника важнее текста платежа
92ae55ff-d24e-2d35-4eb8-6a0dab4edf1e,ЛШ очная,,861a2ac2-c12a-34f4-7237-682dcbccd846,Standart,,,,360,2026-05-20,2027-05-15,34300,1,1,{'vyezdnye_shkoly_inogorodnij_': 'Выездные школы (иногородний)'},,52700,,,,,OCH_LSH_MSK_FOTON_0308,единственная очная ЛШ ученика; строка участника важнее текста платежа
31dc715d-ba65-a2d6-f4e4-6a0ef33e46df,ЛШ очная,,86c90d4f-ae76-abac-451c-6a0c31850f86,Standart,,,,360,2026-05-21,2027-05-16,37500,1,1,{'vyezdnye_shkoly_inogorodnij_': 'Выездные школы (иногородний)'},,49500,,,,,OCH_LSH_MSK_UNPK_0607,единственная очная ЛШ ученика; строка участника важнее текста платежа
38eb0d12-5339-8170-bc65-6a0c542c7088,ЛШ 2026 Очно Москва 6.07 - 17.07 (УНПК),,883ad287-69ac-dfe6-eb22-6a01bf2ea286,Standart,,,,360,2026-05-19,2027-05-14,37500,1,1,{'vyezdnye_shkoly_inogorodnij_': 'Выездные школы (иногородний)'},,49500,,,,,OCH_LSH_MSK_UNPK_0607,единственная очная ЛШ ученика; строка участника важнее текста платежа
4a3c4596-b3c0-3424-cdba-69eb58e09fbf,ЛШ-26 Москва 3.08 - 14.08 (ФОТОН),,8a543e61-4489-88e8-ce63-69e9ccd700c1,Standart,,,,360,2026-04-24,2027-04-19,59000,1,1,{'sretenka': 'Сретенка'},,28000,,,,,OCH_LSH_MSK_FOTON_0308,единственная очная ЛШ ученика; строка участника важнее текста платежа
93934062-d48b-09e1-15c3-69e9c75d5bf8,ЛШ-26 МФТИ 17.08 - 28.08 (УНПК),,8ccf4c02-1358-fa31-244b-662cb8e8a1e5,Standart,,,,360,2026-04-23,2027-04-18,33750,1,1,{'mfti': 'МФТИ'},,53250,,,,,OCH_LSH_MFTI_UNPK_1708,единственная очная ЛШ ученика; строка участника важнее текста платежа
e9bd5c4a-f7a6-34a6-6de9-6a1415f1ce25,ЛШ 2026 Очно Москва 3.08 - 14.08 (ФОТОН),,8d4d6275-2d1e-86a5-2fec-6640ab21fd83,Standart,,,,360,2026-05-25,2027-05-20,59000,1,1,{'vyezdnye_shkoly_inogorodnij_': 'Выездные школы (иногородний)'},,28000,,,,,OCH_LSH_MSK_FOTON_0308,единственная очная ЛШ ученика; строка участника важнее текста платежа
c6533e9f-091d-6437-d8ab-6a2133eafe1d,ЛШ 2026 Очно Москва 6.07 - 17.07 (УНПК),,8d5cb86c-f2f0-691f-58c7-6a1156fdb36f,Standart,,,,360,2026-06-04,2027-05-30,59500,1,1,{'vyezdnye_shkoly_inogorodnij_': 'Выездные школы (иногородний)'},,27500,,,,,OCH_LSH_MSK_UNPK_0607,единственная очная ЛШ ученика; строка участника важнее текста платежа
aba4e2ae-5146-a6fe-0d9a-6a1d386427a3,ЛШ 2026 Очно МФТИ 20.07 - 31.07 (УНПК),,8e1f88b0-8be1-b2c9-56bd-6a15a27d8df2,Standart,,,,360,2026-06-01,2027-05-27,59500,1,1,{'vyezdnye_shkoly_inogorodnij_': 'Выездные школы (иногородний)'},,27500,,,,,OCH_LSH_MFTI_UNPK_1708,единственная очная ЛШ ученика; строка участника важнее текста платежа
63629b64-ff79-69aa-8f51-6a0c4c8f9b44,ЛШ 2026 Очно МФТИ 17.08 - 28.08 (УНПК),,9007d438-180c-f367-0619-67ac58415c70,Standart,,,,360,2026-05-19,2027-05-14,59500,1,1,{'vyezdnye_shkoly_inogorodnij_': 'Выездные школы (иногородний)'},,27500,,,,,OCH_LSH_MFTI_UNPK_1708,единственная очная ЛШ ученика; строка участника важнее текста платежа
ec80841f-9281-5feb-5c89-6a21589c464b,ЛШ 2026 Очно Москва 6.07 - 17.07 (УНПК),,902cf56d-4e7f-3547-f12c-6a16abaf3cd8,Standart,,,,360,2026-06-04,2027-05-30,37500,1,1,{'vyezdnye_shkoly_inogorodnij_': 'Выездные школы (иногородний)'},,49500,,,,,OCH_LSH_MSK_UNPK_0607,единственная очная ЛШ ученика; строка участника важнее текста платежа
ae886527-648d-e68a-642d-6a0c607c0b5e,ЛШ 2026 Очно Москва 6.07 - 17.07 (УНПК),,91bc6bdb-6c4d-c4a5-b672-69f9b26379ec,Standart,,,,360,2026-05-19,2027-05-14,99500,1,1,{'vyezdnye_shkoly_inogorodnij_': 'Выездные школы (иногородний)'},,-12500,,,,,OCH_LSH_MSK_UNPK_0607,единственная очная ЛШ ученика; строка участника важнее текста платежа
731d2bd9-09f6-c5ad-a3b9-6a18120d173e,ЛШ 2026 Очно Москва 6.07 - 17.07 (УНПК),,923c8388-feb5-92c9-3277-6a16ab65a880,Standart,,,,360,2026-05-28,2027-05-23,37500,1,1,{'vyezdnye_shkoly_inogorodnij_': 'Выездные школы (иногородний)'},,49500,,,,,OCH_LSH_MSK_UNPK_0607,единственная очная ЛШ ученика; строка участника важнее текста платежа
ce3c494c-841b-82ad-c7b4-6a143534445a,ЛШ 2026 Очно МФТИ 17.08 - 28.08 (УНПК),,92708941-b8c4-b03e-c656-6a01be0a47e5,Standart,,,,360,2026-05-25,2027-05-20,59500,1,1,{'vyezdnye_shkoly_inogorodnij_': 'Выездные школы (иногородний)'},,27500,,,,,OCH_LSH_MFTI_UNPK_1708,единственная очная ЛШ ученика; строка участника важнее текста платежа
b013c510-704c-222c-0da0-6a1d36c91691,ЛШ 2026 Очно МФТИ 17.08 - 28.08 (УНПК),,92f103c1-5ff7-5456-0393-6a1718c30851,Standart,,,,360,2026-06-01,2027-05-27,37500,1,1,{'vyezdnye_shkoly_inogorodnij_': 'Выездные школы (иногородний)'},,49500,,,,,OCH_LSH_MFTI_UNPK_1708,единственная очная ЛШ ученика; строка участника важнее текста платежа
32bf7150-0329-e4aa-d08d-6a16c5623795,ЛШ 2026 Очно МФТИ 17.08 - 28.08 (УНПК),,9324bfb6-e7d5-7623-5f0f-6a0ae431ca45,Standart,,,,360,2026-05-27,2027-05-22,53550,1,1,{'vyezdnye_shkoly_inogorodnij_': 'Выездные школы (иногородний)'},,33450,,,,,OCH_LSH_MFTI_UNPK_1708,единственная очная ЛШ ученика; строка участника важнее текста платежа
40a8179e-e499-f899-4be3-6a2150da6efb,ЛШ 2026 Очно Москва 6.07 - 17.07 (УНПК),,9325567e-f7d8-e2a1-4637-6a158f7f7d5f,Standart,,,,360,2026-06-04,2027-05-30,99500,1,1,{'vyezdnye_shkoly_inogorodnij_': 'Выездные школы (иногородний)'},,-12500,,,,,OCH_LSH_MSK_UNPK_0607,единственная очная ЛШ ученика; строка участника важнее текста платежа
63f88e7e-5b18-53bc-880c-6a215057308e,ЛШ 2026 Очно Москва 6.07 - 17.07 (УНПК),,94920b14-0f01-a865-de8a-6a18041d27fd,Standart,,,,360,2026-06-04,2027-05-30,37500,1,1,{'vyezdnye_shkoly_inogorodnij_': 'Выездные школы (иногородний)'},,49500,,,,,OCH_LSH_MSK_UNPK_0607,единственная очная ЛШ ученика; строка участника важнее текста платежа
cd9321e4-a140-ff08-2d2b-6a182d50c7a0,ЛШ 2026 Очно МФТИ 17.08 - 28.08 (УНПК),,94a47e2d-4d4c-60c1-d143-6a16d5537685,Standart,,,,360,2026-05-28,2027-05-23,59500,1,1,{'vyezdnye_shkoly_inogorodnij_': 'Выездные школы (иногородний)'},,27500,,,,,OCH_LSH_MFTI_UNPK_1708,единственная очная ЛШ ученика; строка участника важнее текста платежа
d11c507b-c14b-bce1-eb70-6a0c680e7117,ЛШ 2026 Очно Москва 6.07 - 17.07 (УНПК),,957bdf4d-ad30-33f3-f88a-6a0430469cf7,Standart,,,,360,2026-05-19,2027-05-14,99500,1,1,{'vyezdnye_shkoly_inogorodnij_': 'Выездные школы (иногородний)'},,-12500,,,,,OCH_LSH_MSK_UNPK_0607,единственная очная ЛШ ученика; строка участника важнее текста платежа
1721f1c0-abb1-5b2d-7a2c-6a0d7752f0e8,ЛШ 2026 Очно Москва 6.07 - 17.07 (УНПК),,958ca002-e7eb-a660-f09a-6a04357e6fc6,Standart,,,,360,2026-05-20,2027-05-15,59500,1,1,{'vyezdnye_shkoly_inogorodnij_': 'Выездные школы (иногородний)'},,27500,,,,,OCH_LSH_MSK_UNPK_0607,единственная очная ЛШ ученика; строка участника важнее текста платежа
8233a808-fc4f-fc29-ea1b-6a16c890e5c3,ЛШ 2026 Очно Москва 6.07 - 17.07 (УНПК),,9635ea82-ae72-f47a-c4c2-6a102c040649,Standart,,,,360,2026-05-27,2027-05-22,59500,1,1,{'vyezdnye_shkoly_inogorodnij_': 'Выездные школы (иногородний)'},,27500,,,,,OCH_LSH_MSK_UNPK_0607,единственная очная ЛШ ученика; строка участника важнее текста платежа
67c0220c-78f1-26e0-9cdb-6a2174f49be9,ЛШ 2026 Очно Москва 3.08 - 14.08 (ФОТОН),,97bdbc54-33c5-9151-b357-69fc46f14b4d,Standart,,,,360,2026-06-04,2027-05-30,34300,1,1,{'vyezdnye_shkoly_inogorodnij_': 'Выездные школы (иногородний)'},,52700,,,,,OCH_LSH_MSK_FOTON_0308,единственная очная ЛШ ученика; строка участника важнее текста платежа
6c400a57-6d9e-d566-073f-6a0c464cca37,ЛШ 2026 Очно Москва 6.07 - 17.07 (УНПК),,9893ff74-9a24-0d22-a084-69fb4aa26a9f,Standart,,,,360,2026-05-19,2027-05-14,37500,1,1,{'vyezdnye_shkoly_inogorodnij_': 'Выездные школы (иногородний)'},,49500,,,,,OCH_LSH_MSK_UNPK_0607,единственная очная ЛШ ученика; строка участника важнее текста платежа
9e4944a9-a2f0-3058-e058-6a21318b4558,ЛШ 2026 Очно Москва 6.07 - 17.07 (УНПК),,9d9c68b3-25f4-3a5c-943d-6a02ccebe1b7,Standart,,,,360,2026-06-04,2027-05-30,99500,1,1,{'vyezdnye_shkoly_inogorodnij_': 'Выездные школы (иногородний)'},,-12500,,,,,OCH_LSH_MSK_UNPK_0607,единственная очная ЛШ ученика; строка участника важнее текста платежа
f28d4804-b40e-fdb0-1f82-6a2132e5eb83,ЛШ 2026 Очно Москва 6.07 - 17.07 (УНПК),,9de20574-4665-9137-a13a-6a169e360894,Standart,,,,360,2026-06-04,2027-05-30,37500,1,1,{'vyezdnye_shkoly_inogorodnij_': 'Выездные школы (иногородний)'},,49500,,,,,OCH_LSH_MSK_UNPK_0607,единственная очная ЛШ ученика; строка участника важнее текста платежа
9ace4fa8-40a5-b83b-c577-6a0c59086418,ЛШ 2026 Очно Москва 6.07 - 17.07 (УНПК),,9f592768-44a7-3ea0-4791-6a01d599baef,Standart,,,,360,2026-05-19,2027-05-14,37500,1,1,{'vyezdnye_shkoly_inogorodnij_': 'Выездные школы (иногородний)'},,49500,,,,,OCH_LSH_MSK_UNPK_0607,единственная очная ЛШ ученика; строка участника важнее текста платежа
d9ec72d2-0ac4-0823-e66c-6a14153f4217,ЛШ 2026 Очно Москва 3.08 - 14.08 (ФОТОН),,a0e41e76-7202-811f-38b0-687e252a0d6c,Standart,,,,360,2026-05-25,2027-05-20,34300,1,1,{'vyezdnye_shkoly_inogorodnij_': 'Выездные школы (иногородний)'},,52700,,,,,OCH_LSH_MSK_FOTON_0308,единственная очная ЛШ ученика; строка участника важнее текста платежа
4024da39-5c4c-e98e-01c4-6a0c600c175a,ЛШ 2026 Очно Москва 6.07 - 17.07 (УНПК),,a21df0f2-d0e8-b5ba-b00f-6a02da5ed7d6,Standart,,,,360,2026-05-19,2027-05-14,37500,1,1,{'vyezdnye_shkoly_inogorodnij_': 'Выездные школы (иногородний)'},,49500,,,,,OCH_LSH_MSK_UNPK_0607,единственная очная ЛШ ученика; строка участника важнее текста платежа
2357f2ab-b2ef-0534-67fa-6a0ef164e2e2,ЛШ 2026 Очно Москва 6.07 - 17.07 (УНПК),,a29a4027-01e3-d9aa-d930-69f9a8b25085,Standart,,,,360,2026-05-21,2027-05-16,59500,1,1,{'vyezdnye_shkoly_inogorodnij_': 'Выездные школы (иногородний)'},,27500,,,,,OCH_LSH_MSK_UNPK_0607,единственная очная ЛШ ученика; строка участника важнее текста платежа
157e097a-0a77-e15f-db1e-6a182af42815,ЛШ 2026 Очно МФТИ 17.08 - 28.08 (УНПК),,a2b13595-0df6-14d6-e8c3-6a17f1312bc0,Standart,,,,360,2026-05-28,2027-05-23,37500,1,1,{'vyezdnye_shkoly_inogorodnij_': 'Выездные школы (иногородний)'},,49500,,,,,OCH_LSH_MFTI_UNPK_1708,единственная очная ЛШ ученика; строка участника важнее текста платежа
a1a575fc-676b-ef3c-d0d7-6a01c86e06de,ЛШ 2026 Очно Москва 6.07 - 17.07 (УНПК),,a2c876d3-d635-9ba9-2775-6615007d5e8b,Standart,,,,360,2026-05-11,2027-05-06,31298,1,1,{'vyezdnye_shkoly_inogorodnij_': 'Выездные школы (иногородний)'},,55702,,,,,OCH_LSH_MSK_UNPK_0607,единственная очная ЛШ ученика; строка участника важнее текста платежа
272f802e-7965-83ae-b81f-69f2feb8f987,ЛШ-26 Москва 6.07 - 17.07 (УНПК),,a3eb036c-8085-41d5-3882-69f0575a1415,Standart,,,,360,2026-04-30,2027-04-25,59500,1,1,{'vyezdnye_shkoly_inogorodnij_': 'Выездные школы (иногородний)'},,27500,,,,,OCH_LSH_MSK_UNPK_0607,единственная очная ЛШ ученика; строка участника важнее текста платежа
695d1094-3f16-67bb-cdc4-6a141cc6f134,ЛШ 2026 Очно Москва 6.07 - 17.07 (УНПК),,a3f3d504-8230-5b5b-f22d-673217b667dc,Standart,,,,360,2026-05-25,2027-05-20,99500,1,1,{'vyezdnye_shkoly_inogorodnij_': 'Выездные школы (иногородний)'},,-12500,,,,,OCH_LSH_MSK_UNPK_0607,единственная очная ЛШ ученика; строка участника важнее текста платежа
102e0aac-e9ab-54b1-0ff4-6a0d814aae02,ЛШ 2026 Очно Москва 6.07 - 17.07 (УНПК),,a4b75dc4-0546-2873-c7d7-69e9eec7de80,Standart,,,,360,2026-05-20,2027-05-15,59500,1,1,{'vyezdnye_shkoly_inogorodnij_': 'Выездные школы (иногородний)'},,27500,,,,,OCH_LSH_MSK_UNPK_0607,единственная очная ЛШ ученика; строка участника важнее текста платежа
76e176b7-6792-14bb-27a0-6a01c3e3bede,ЛШ 2026 Очно МФТИ 17.08 - 28.08 (УНПК),,a4fc9c96-e70b-5ad5-f0aa-69f75cffa5bf,Standart,,,,360,2026-05-11,2027-05-06,53500,1,1,{'vyezdnye_shkoly_inogorodnij_': 'Выездные школы (иногородний)'},,33500,,,,,OCH_LSH_MFTI_UNPK_1708,единственная очная ЛШ ученика; строка участника важнее текста платежа
1bb48668-7163-727c-5ce3-6a0c55a80050,ЛШ 2026 Очно Москва 6.07 - 17.07 (УНПК),,a5a22087-903d-f65a-2fbe-6a0427c7c0ea,Standart,,,,360,2026-05-19,2027-05-14,59500,1,1,{'vyezdnye_shkoly_inogorodnij_': 'Выездные школы (иногородний)'},,27500,,,,,OCH_LSH_MSK_UNPK_0607,единственная очная ЛШ ученика; строка участника важнее текста платежа
b288013a-d958-3e72-f662-6a0c4f642b74,ЛШ 2026 Очно Москва 6.07 - 17.07 (УНПК),,a67c0840-fd4c-ff49-c934-69f9fc903d36,Standart,,,,360,2026-05-19,2027-05-14,59500,1,1,{'vyezdnye_shkoly_inogorodnij_': 'Выездные школы (иногородний)'},,27500,,,,,OCH_LSH_MSK_UNPK_0607,единственная очная ЛШ ученика; строка участника важнее текста платежа
761f333b-3629-4904-6fa6-6a0c482ca768,ЛШ 2026 Очно МФТИ 17.08 - 28.08 (УНПК),,a69752d2-7fa8-1c1e-8067-69ef67257461,Standart,,,,360,2026-05-19,2027-05-14,37500,1,1,{'vyezdnye_shkoly_inogorodnij_': 'Выездные школы (иногородний)'},,49500,,,,,OCH_LSH_MFTI_UNPK_1708,единственная очная ЛШ ученика; строка участника важнее текста платежа
3144825e-261d-afaf-7d6f-6a1d39bf6aa7,ЛШ 2026 Очно Москва 6.07 - 17.07 (УНПК),,ae87999a-06fa-d3ef-685f-6a07219048db,Standart,,,,360,2026-06-01,2027-05-27,37500,1,1,{'vyezdnye_shkoly_inogorodnij_': 'Выездные школы (иногородний)'},,49500,,,,,OCH_LSH_MSK_UNPK_0607,единственная очная ЛШ ученика; строка участника важнее текста платежа
24af4e02-d208-54d2-1156-6a0ef4083f9d,ЛШ 2026 Очно Москва 6.07 - 17.07 (УНПК),,af6cd40c-2cf0-cd30-7c02-69f75ab347fe,Standart,,,,360,2026-05-21,2027-05-16,59500,1,1,{'vyezdnye_shkoly_inogorodnij_': 'Выездные школы (иногородний)'},,27500,,,,,OCH_LSH_MSK_UNPK_0607,единственная очная ЛШ ученика; строка участника важнее текста платежа
9f860660-0405-868a-59b2-6a0c56e30088,ЛШ 2026 Очно МФТИ 17.08 - 28.08 (УНПК),,b11a4e7c-5dbe-7c6d-4aad-6a01ac1cb6a2,Standart,,,,360,2026-05-19,2027-05-14,33750,1,1,{'vyezdnye_shkoly_inogorodnij_': 'Выездные школы (иногородний)'},,53250,,,,,OCH_LSH_MSK_UNPK_2007_FM,единственная очная ЛШ ученика; строка участника важнее текста платежа
a82cc35b-713e-87f6-9cb5-6a0da51e7051,ЛШ 2026 Очно Москва 3.08 - 14.08 (ФОТОН),,b1790504-32cd-9153-4af5-63ee02974380,Standart,,,,360,2026-05-20,2027-05-15,30870,1,1,{'vyezdnye_shkoly_inogorodnij_': 'Выездные школы (иногородний)'},,56130,,,,,OCH_LSH_MSK_FOTON_0308,единственная очная ЛШ ученика; строка участника важнее текста платежа
91610065-8830-5662-8ba3-6a1d359ca90d,ЛШ 2026 Очно Москва 6.07 - 17.07 (УНПК),,b494a4d5-380d-84e8-2d2c-6a1875cee180,Standart,,,,360,2026-06-01,2027-05-27,37500,1,1,{'vyezdnye_shkoly_inogorodnij_': 'Выездные школы (иногородний)'},,49500,,,,,OCH_LSH_MSK_UNPK_0607,единственная очная ЛШ ученика; строка участника важнее текста платежа
27a388ec-0d39-b64d-c9e8-6a141a0978df,ЛШ 2026 Очно Москва 6.07 - 17.07 (УНПК),,b90dfd2d-0f8b-24ae-cede-6a0c02a7a770,Standart,,,,360,2026-05-25,2027-05-20,59500,1,1,{'vyezdnye_shkoly_inogorodnij_': 'Выездные школы (иногородний)'},,27500,,,,,OCH_LSH_MSK_UNPK_0607,единственная очная ЛШ ученика; строка участника важнее текста платежа
8cee02a7-b482-2ef1-3b99-6a182f7bf23a,ЛШ 2026 Очно Москва 6.07 - 17.07 (УНПК),,bb2c31c9-71b8-2ad8-10ba-6a14518f233c,Standart,,,,360,2026-05-28,2027-05-23,59500,1,1,{'vyezdnye_shkoly_inogorodnij_': 'Выездные школы (иногородний)'},,27500,,,,,OCH_LSH_MSK_UNPK_0607,единственная очная ЛШ ученика; строка участника важнее текста платежа
3c0aebea-c562-6925-efd2-6a0c4b5ff30a,ЛШ 2026 Очно МФТИ 17.08 - 28.08 (УНПК),,bc37678c-5935-187c-aa53-669635bfe590,Standart,,,,360,2026-05-19,2027-05-14,59500,1,1,{'vyezdnye_shkoly_inogorodnij_': 'Выездные школы (иногородний)'},,27500,,,,,OCH_LSH_MFTI_UNPK_1708,единственная очная ЛШ ученика; строка участника важнее текста платежа
3decd38c-c030-68d8-29dd-6a0d79bd8dd8,ЛШ 2026 Очно Москва 6.07 - 17.07 (УНПК),,bf234336-d06b-c19a-3af6-6a05ddda9223,Standart,,,,360,2026-05-20,2027-05-15,37500,1,1,{'vyezdnye_shkoly_inogorodnij_': 'Выездные школы (иногородний)'},,49500,,,,,OCH_LSH_MSK_UNPK_0607,единственная очная ЛШ ученика; строка участника важнее текста платежа
e7c1a634-7b20-d2a7-5763-6a2158f98686,ЛШ 2026 Очно Москва 6.07 - 17.07 (УНПК),,c0e78c93-250e-5308-c7ae-6a0ee79428af,Standart,,,,360,2026-06-04,2027-05-30,37500,1,1,{'vyezdnye_shkoly_inogorodnij_': 'Выездные школы (иногородний)'},,49500,,,,,OCH_LSH_MSK_UNPK_0607,единственная очная ЛШ ученика; строка участника важнее текста платежа
9dfc34d7-36e3-4e78-6a67-6a0d771dfdba,ЛШ 2026 Очно МФТИ 17.08 - 28.08 (УНПК),,c1245723-2bee-6ef7-2a23-6a01b2ac1b2e,Standart,,,,360,2026-05-20,2027-05-15,59500,1,1,{'vyezdnye_shkoly_inogorodnij_': 'Выездные школы (иногородний)'},,27500,,,,,OCH_LSH_MFTI_UNPK_1708,единственная очная ЛШ ученика; строка участника важнее текста платежа
480af422-470b-f5fb-4a1c-6a1d39175e28,ЛШ 2026 Очно МФТИ 17.08 - 28.08 (УНПК),,c246b191-ac41-717a-0e40-6453891d8fdd,Standart,,,,360,2026-06-01,2027-05-27,56525,1,1,{'vyezdnye_shkoly_inogorodnij_': 'Выездные школы (иногородний)'},,30475,,,,,OCH_LSH_MFTI_UNPK_1708,единственная очная ЛШ ученика; строка участника важнее текста платежа
df459901-4e33-9c39-5db2-6a16cb3a56de,ЛШ 2026 Очно Москва 6.07 - 17.07 (УНПК),,c309dd0c-f7f0-d0ea-dc8c-6a1180797230,Standart,,,,360,2026-05-27,2027-05-22,59500,1,1,{'vyezdnye_shkoly_inogorodnij_': 'Выездные школы (иногородний)'},,27500,,,,,OCH_LSH_MSK_UNPK_0607,единственная очная ЛШ ученика; строка участника важнее текста платежа
dba7259f-1371-d0ad-903d-6a0d8044cabc,ЛШ 2026 Очно Москва 6.07 - 17.07 (УНПК),,c344280d-5378-9632-6ba7-6a0c973df78a,Standart,,,,360,2026-05-20,2027-05-15,59500,1,1,{'vyezdnye_shkoly_inogorodnij_': 'Выездные школы (иногородний)'},,27500,,,,,OCH_LSH_MSK_UNPK_0607,единственная очная ЛШ ученика; строка участника важнее текста платежа
f259ee44-5be8-829b-d396-6a0c4b3a47d7,ЛШ 2026 Очно МФТИ 17.08 - 28.08 (УНПК),,c6027328-34e5-c0d7-d4ae-69f9f21efe3f,Standart,,,,360,2026-05-19,2027-05-14,59500,1,1,{'vyezdnye_shkoly_inogorodnij_': 'Выездные школы (иногородний)'},,27500,,,,,OCH_LSH_MFTI_UNPK_1708,единственная очная ЛШ ученика; строка участника важнее текста платежа
b9ffc328-8be1-98d6-d0e4-6a1d42d8fc8a,ЛШ 2026 Очно Москва 6.07 - 17.07 (УНПК),,c61963fd-8db1-105c-11ba-6a0f3ebf44ee,Standart,,,,360,2026-06-01,2027-05-27,99500,1,1,{'vyezdnye_shkoly_inogorodnij_': 'Выездные школы (иногородний)'},,-12500,,,,,OCH_LSH_MSK_UNPK_0607,единственная очная ЛШ ученика; строка участника важнее текста платежа
1d7a15b9-7af8-d71e-6824-6a214ace3336,ЛШ 2026 Очно МФТИ 17.08 - 28.08 (УНПК),,c717b97e-a9b4-55de-79c6-68bed019e4a6,Standart,,,,360,2026-06-04,2027-05-30,37500,1,1,{'vyezdnye_shkoly_inogorodnij_': 'Выездные школы (иногородний)'},,49500,,,,,OCH_LSH_MFTI_UNPK_1708,единственная очная ЛШ ученика; строка участника важнее текста платежа
27522af1-a3fc-6980-5bc0-6a182c4b3171,ЛШ 2026 Очно Москва 6.07 - 17.07 (УНПК),,cd674f7e-32af-1671-b6cd-6a1438be7251,Standart,,,,360,2026-05-28,2027-05-23,89550,1,1,{'vyezdnye_shkoly_inogorodnij_': 'Выездные школы (иногородний)'},,-2550,,,,,OCH_LSH_MSK_UNPK_0607,единственная очная ЛШ ученика; строка участника важнее текста платежа
a2b181a2-dc29-2978-1c42-6a213730b33c,ЛШ 2026 Очно Москва 6.07 - 17.07 (УНПК),,cf4c070f-4679-ac0f-ce43-6a180bfb16ba,Standart,,,,360,2026-06-04,2027-05-30,59500,1,1,{'vyezdnye_shkoly_inogorodnij_': 'Выездные школы (иногородний)'},,27500,,,,,OCH_LSH_MSK_UNPK_0607,единственная очная ЛШ ученика; строка участника важнее текста платежа
7fdf578c-11a9-9f90-ae3c-69ff1c0401fd,ЛШ-26 Москва 3.08 - 14.08 (ФОТОН),,d3930283-c34d-b288-bb86-69e9de68803d,Standart,,,,360,2026-05-09,2027-05-04,34300,1,1,{'vyezdnye_shkoly_inogorodnij_': 'Выездные школы (иногородний)'},,52700,,,,,OCH_LSH_MSK_FOTON_0308,единственная очная ЛШ ученика; строка участника важнее текста платежа
d63b284a-a507-8e10-515b-6a182d6820fe,ЛШ 2026 Очно МФТИ 17.08 - 28.08 (УНПК),,d4f268b8-0651-0606-9449-6a0abe1fe403,Standart,,,,360,2026-05-28,2027-05-23,37500,1,1,{'vyezdnye_shkoly_inogorodnij_': 'Выездные школы (иногородний)'},,49500,,,,,OCH_LSH_MFTI_UNPK_1708,единственная очная ЛШ ученика; строка участника важнее текста платежа
11c998e9-0a9e-0f9f-51f6-6a213862e1ab,ЛШ 2026 Очно МФТИ 17.08 - 28.08 (УНПК),,d64fee6b-5f71-6ee6-b4c3-683c26534792,Standart,,,,360,2026-06-04,2027-05-30,59500,1,1,{'vyezdnye_shkoly_inogorodnij_': 'Выездные школы (иногородний)'},,27500,,,,,OCH_LSH_MFTI_UNPK_1708,единственная очная ЛШ ученика; строка участника важнее текста платежа
2589130d-6f69-3f78-3e9c-6a1d3ecd7473,ЛШ 2026 Очно Москва 6.07 - 17.07 (УНПК),,d675acb2-1827-52fb-24b6-6a17dd6caec3,Standart,,,,360,2026-06-01,2027-05-27,37500,1,1,{'vyezdnye_shkoly_inogorodnij_': 'Выездные школы (иногородний)'},,49500,,,,,OCH_LSH_MSK_UNPK_0607,единственная очная ЛШ ученика; строка участника важнее текста платежа
bb3c8499-4cb6-ba25-329b-6a214d74027c,ЛШ 2026 Очно Москва 6.07 - 17.07 (УНПК),,d6d84d14-d636-05cb-17e1-6842ea72769c,Standart,,,,360,2026-06-04,2027-05-30,59500,1,1,{'vyezdnye_shkoly_inogorodnij_': 'Выездные школы (иногородний)'},,27500,,,,,OCH_LSH_MSK_UNPK_0607,единственная очная ЛШ ученика; строка участника важнее текста платежа
42314705-2cc3-c964-56d4-6a1d38b59e2f,ЛШ 2026 Очно Москва 6.07 - 17.07 (УНПК),,d8710d94-104f-6778-0d2c-69fc55406deb,Standart,,,,360,2026-06-01,2027-05-27,59500,1,1,{'vyezdnye_shkoly_inogorodnij_': 'Выездные школы (иногородний)'},,27500,,,,,OCH_LSH_MSK_UNPK_0607,единственная очная ЛШ ученика; строка участника важнее текста платежа
b350ff2e-1822-2ed5-90fc-69e9ce18c41f,ЛШ-26 Москва 6.07 - 17.07 (УНПК),,d903f7e0-eed8-b409-af9b-69db862e3c6a,Standart,,,,360,2026-04-23,2027-04-18,59500,1,1,{'mfti': 'МФТИ'},,27500,,,,,OCH_LSH_MSK_UNPK_0607,единственная очная ЛШ ученика; строка участника важнее текста платежа
c1c9458b-cb2b-40b1-1cf8-69e9cda387e6,ЛШ-26 МФТИ 20.07 - 31.07 (УНПК),,d903f7e0-eed8-b409-af9b-69db862e3c6a,Standart,,,,360,2026-04-23,2027-04-18,59500,1,1,{'mfti': 'МФТИ'},,27500,,,,,OCH_LSH_MSK_UNPK_0607,единственная очная ЛШ ученика; строка участника важнее текста платежа
39533588-0624-c734-236d-6a01cab597c7,ЛШ 2026 Очно МФТИ 17.08 - 28.08 (УНПК),,da5db616-05a2-f1bb-f816-5b6ed4d5d045,Standart,,,,360,2026-05-11,2027-05-06,35625,1,1,{'vyezdnye_shkoly_inogorodnij_': 'Выездные школы (иногородний)'},,51375,,,,,OCH_LSH_MFTI_UNPK_1708,единственная очная ЛШ ученика; строка участника важнее текста платежа
755ac55c-035a-51ad-5981-6a01ca6f239c,ЛШ 2026 Очно МФТИ 20.07 - 31.07 (УНПК),,da5db616-05a2-f1bb-f816-5b6ed4d5d045,Standart,,,,360,2026-05-11,2027-05-06,59500,1,1,{'vyezdnye_shkoly_inogorodnij_': 'Выездные школы (иногородний)'},,27500,,,,,OCH_LSH_MFTI_UNPK_1708,единственная очная ЛШ ученика; строка участника важнее текста платежа
1421f92c-bf72-53c2-fb86-6a1d3e8a4588,ЛШ 2026 Очно Москва 6.07 - 17.07 (УНПК),,db252353-96b1-5eeb-bad9-6a102ff9ee84,Standart,,,,360,2026-06-01,2027-05-27,59500,1,1,{'vyezdnye_shkoly_inogorodnij_': 'Выездные школы (иногородний)'},,27500,,,,,OCH_LSH_MSK_UNPK_0607,единственная очная ЛШ ученика; строка участника важнее текста платежа
4fb96f99-13ed-ae13-fa4b-6a0c51592355,ЛШ 2026 Очно Москва 6.07 - 17.07 (УНПК),,db8dbb2a-b5f5-4b28-4b9d-662e18443bf8,Standart,,,,360,2026-05-19,2027-05-14,59500,1,1,{'vyezdnye_shkoly_inogorodnij_': 'Выездные школы (иногородний)'},,27500,,,,,OCH_LSH_MSK_UNPK_0607,единственная очная ЛШ ученика; строка участника важнее текста платежа
673c25a1-cc85-8af3-ada3-6a0d9e76f9ab,ЛШ 2026 Очно Москва 3.08 - 14.08 (ФОТОН),,de4564bc-3a1d-6df3-f34d-68342d5fcf64,Standart,,,,360,2026-05-20,2027-05-15,56050,1,1,{'vyezdnye_shkoly_inogorodnij_': 'Выездные школы (иногородний)'},,30950,,,,,OCH_LSH_MSK_FOTON_0308,"совпали признаки смены среди групп ученика, score=10"
b042853c-0d39-c603-bd66-6a141bb48926,ЛШ 2026 Очно Москва 6.07 - 17.07 (УНПК),,de4564bc-3a1d-6df3-f34d-68342d5fcf64,Standart,,,,360,2026-05-25,2027-05-20,94525,1,1,{'vyezdnye_shkoly_inogorodnij_': 'Выездные школы (иногородний)'},,-7525,,,,,OCH_LSH_MSK_UNPK_0607,"совпали признаки смены среди групп ученика, score=9"
4dbc4b8d-d058-63ff-8f4d-6a1d39ab115f,ЛШ 2026 Очно Москва 6.07 - 17.07 (УНПК),,e02204e1-cc93-1c4d-9fe7-6a087f850738,Standart,,,,360,2026-06-01,2027-05-27,37500,1,1,{'vyezdnye_shkoly_inogorodnij_': 'Выездные школы (иногородний)'},,49500,,,,,OCH_LSH_MSK_UNPK_0607,"совпали признаки смены среди групп ученика, score=9"
b44f9bfb-8a7b-de90-6cbc-6a181dd414ed,ЛШ 2026 Очно Москва 6.07 - 17.07 (УНПК),,e0654998-71c3-6f58-9b44-69b7b884538c,Standart,,,,360,2026-05-28,2027-05-23,37500,1,1,{'vyezdnye_shkoly_inogorodnij_': 'Выездные школы (иногородний)'},,49500,,,,,OCH_LSH_MSK_UNPK_0607,единственная очная ЛШ ученика; строка участника важнее текста платежа
6bfb4e2c-24d9-73f6-21d1-6a1d3dafece5,ЛШ 2026 Очно Москва 6.07 - 17.07 (УНПК),,e0f86c5b-6ef0-991f-ed1e-6a1834fb26bc,Standart,,,,360,2026-06-01,2027-05-27,59500,1,1,{'vyezdnye_shkoly_inogorodnij_': 'Выездные школы (иногородний)'},,27500,,,,,OCH_LSH_MSK_UNPK_0607,единственная очная ЛШ ученика; строка участника важнее текста платежа
4e00c421-33a7-e3dc-c5b9-6a16c53ac5e9,ЛШ 2026 Очно Москва 6.07 - 17.07 (УНПК),,e3e2817e-db82-a335-7b3d-6a0b15993ee5,Standart,,,,360,2026-05-27,2027-05-22,37500,1,1,{'vyezdnye_shkoly_inogorodnij_': 'Выездные школы (иногородний)'},,49500,,,,,OCH_LSH_MSK_UNPK_0607,единственная очная ЛШ ученика; строка участника важнее текста платежа
b22f53ba-b085-e201-d031-6a01c76f145c,ЛШ 2026 Очно Москва 6.07 - 17.07 (УНПК),,e6123d0b-b4cf-8225-7c08-69f32661d5a0,Standart,,,,360,2026-05-11,2027-05-06,37500,1,1,{'vyezdnye_shkoly_inogorodnij_': 'Выездные школы (иногородний)'},,49500,,,,,OCH_LSH_MSK_UNPK_0607,единственная очная ЛШ ученика; строка участника важнее текста платежа
a27f433a-088c-922c-6c79-6a141ecc075f,ЛШ 2026 Очно Москва 6.07 - 17.07 (УНПК),,e788b0c9-a036-90ac-953b-6a02eeb23829,Standart,,,,360,2026-05-25,2027-05-20,37500,1,1,{'vyezdnye_shkoly_inogorodnij_': 'Выездные школы (иногородний)'},,49500,,,,,OCH_LSH_MSK_UNPK_0607,единственная очная ЛШ ученика; строка участника важнее текста платежа
1388a124-5a62-e0fd-dc77-6a21306ecf3f,ЛШ 2026 Очно МФТИ 17.08 - 28.08 (УНПК),,e7d8baa2-6d76-ad5c-009a-694ea3e3817d,Standart,,,,360,2026-06-04,2027-05-30,37500,1,1,{'vyezdnye_shkoly_inogorodnij_': 'Выездные школы (иногородний)'},,49500,,,,,OCH_LSH_MFTI_UNPK_1708,единственная очная ЛШ ученика; строка участника важнее текста платежа
120011e8-3bd2-4dbf-d3de-6a1d36a376dc,ЛШ 2026 Очно Москва 6.07 - 17.07 (УНПК),,ea318d9d-f052-06dc-751b-6a180e702b40,Standart,,,,360,2026-06-01,2027-05-27,33750,1,1,{'vyezdnye_shkoly_inogorodnij_': 'Выездные школы (иногородний)'},,53250,,,,,OCH_LSH_MSK_UNPK_0607,единственная очная ЛШ ученика; строка участника важнее текста платежа
6ed9a4c1-5c8b-8657-5161-6a213686a921,ЛШ 2026 Очно Москва 6.07 - 17.07 (УНПК),,ea481a88-78a1-7ea4-8d61-6a1156b1770f,Standart,,,,360,2026-06-04,2027-05-30,59500,1,1,{'vyezdnye_shkoly_inogorodnij_': 'Выездные школы (иногородний)'},,27500,,,,,OCH_LSH_MSK_UNPK_0607,единственная очная ЛШ ученика; строка участника важнее текста платежа
90c45c25-421c-0c58-88d3-6a182d50fc72,ЛШ 2026 Очно Москва 6.07 - 17.07 (УНПК),,ebb78c94-1505-c90e-2d99-6a0ee2899505,Standart,,,,360,2026-05-28,2027-05-23,59500,1,1,{'vyezdnye_shkoly_inogorodnij_': 'Выездные школы (иногородний)'},,27500,,,,,OCH_LSH_MSK_UNPK_0607,единственная очная ЛШ ученика; строка участника важнее текста платежа
198e7317-6b0b-99e8-c000-6a14147dde09,ЛШ 2026 Очно Москва 3.08 - 14.08 (ФОТОН),,ec06f828-5053-dc26-9c39-6613aca5ec5c,Standart,,,,360,2026-05-25,2027-05-20,46550,1,1,{'vyezdnye_shkoly_inogorodnij_': 'Выездные школы (иногородний)'},,40450,,,,,OCH_LSH_MSK_FOTON_0308,единственная очная ЛШ ученика; строка участника важнее текста платежа
7f3e676d-159a-590c-ac36-69ff1e6cc121,ЛШ-26 -Москва 3.08 - 14.08 (ФОТОН),,ec1f558f-95ff-16ee-7598-69ef658eb368,Standart,,,,360,2026-05-09,2027-05-04,34300,1,1,{'vyezdnye_shkoly_inogorodnij_': 'Выездные школы (иногородний)'},,52700,,,,,OCH_LSH_MSK_FOTON_0308,единственная очная ЛШ ученика; строка участника важнее текста платежа
dcaac077-98bd-aeea-f804-6a16c9a02f51,ЛШ 2026 Очно МФТИ 17.08 - 28.08 (УНПК),,ef1e66c1-7f09-5c17-2af9-69f9ce33c848,Standart,,,,360,2026-05-27,2027-05-22,37500,1,1,{'vyezdnye_shkoly_inogorodnij_': 'Выездные школы (иногородний)'},,49500,,,,,OCH_LSH_MFTI_UNPK_1708,единственная очная ЛШ ученика; строка участника важнее текста платежа
84d30ea8-6fa2-c64a-c4d8-6a1432ad9d41,ЛШ 2026 Очно Москва 6.07 - 17.07 (УНПК),,ef3a016f-95c9-8a94-c27f-6a0c2724b0a6,Standart,,,,360,2026-05-25,2027-05-20,37500,1,1,{'vyezdnye_shkoly_inogorodnij_': 'Выездные школы (иногородний)'},,49500,,,,,OCH_LSH_MSK_UNPK_0607,единственная очная ЛШ ученика; строка участника важнее текста платежа
5e61badd-f6eb-2002-04eb-6a21382c4e3b,ЛШ 2026 Очно Москва 6.07 - 17.07 (УНПК),,f037b662-73a9-9e98-9fbe-69fc859fbbc2,Standart,,,,360,2026-06-04,2027-05-30,59500,1,1,{'vyezdnye_shkoly_inogorodnij_': 'Выездные школы (иногородний)'},,27500,,,,,OCH_LSH_MSK_UNPK_0607,единственная очная ЛШ ученика; строка участника важнее текста платежа
93b09133-58e2-fb9c-4211-6a16ca545e7e,ЛШ 2026 Очно Москва 6.07 - 17.07 (УНПК),,f1ad3f3a-fc24-6341-2c9e-6a0425410433,Standart,,,,360,2026-05-27,2027-05-22,37500,1,1,{'vyezdnye_shkoly_inogorodnij_': 'Выездные школы (иногородний)'},,49500,,,,,OCH_LSH_MSK_UNPK_0607,единственная очная ЛШ ученика; строка участника важнее текста платежа
2156dd27-82e1-0d48-50a8-69f06b9a8bd8,ЛШ-26 Москва 6.07 - 17.07 (УНПК),,f29bd0d9-ff23-0691-4d26-68ad5908e697,Standart,,,,360,2026-04-28,2027-04-23,37500,1,1,{'vyezdnye_shkoly_inogorodnij_': 'Выездные школы (иногородний)'},,49500,,,,,OCH_LSH_MSK_UNPK_0607,единственная очная ЛШ ученика; строка участника важнее текста платежа
7f4c2d3f-c153-58c0-219b-6a01c90b29ca,ЛШ 2026 Очно Москва 6.07 - 17.07 (УНПК),,f3b87e15-6bc6-1f89-7a0b-69f9b70619e2,Standart,,,,360,2026-05-11,2027-05-06,37500,1,1,{'vyezdnye_shkoly_inogorodnij_': 'Выездные школы (иногородний)'},,49500,,,,,OCH_LSH_MSK_UNPK_0607,единственная очная ЛШ ученика; строка участника важнее текста платежа
209e51fc-ef5b-dd29-4861-6a16c8a19e2c,ЛШ 2026 Очно МФТИ 20.07 - 31.07 (УНПК),,70eb3ca9-df23-03f9-a0bd-69babd65e0b5,Standart,,,,360,2026-05-27,2027-05-22,59500,1,1,{'vyezdnye_shkoly_inogorodnij_': 'Выездные школы (иногородний)'},,27500,,,,,OCH_LSH_MFTI_UNPK_2007,"явное название смены, score=9"
28d8617b-022a-59d6-8b07-6a0d82bb3b0b,ЛШ 2026 Очно МФТИ 20.07 - 31.07 (УНПК),,17457ef3-17fa-7d9a-f840-6517d46029aa,Standart,,,,360,2026-05-20,2027-05-15,59500,1,1,{'vyezdnye_shkoly_inogorodnij_': 'Выездные школы (иногородний)'},,27500,,,,,OCH_LSH_MFTI_UNPK_2007,"явное название смены, score=9"
2cca6cd4-9270-c3b8-c3bb-6a0c47b46f02,ЛШ 2026 Очно МФТИ 20.07 - 31.07 (УНПК),,d0ffe5a5-5bfb-eb99-5788-69fa015e822f,Standart,,,,360,2026-05-19,2027-05-14,37500,1,1,{'vyezdnye_shkoly_inogorodnij_': 'Выездные школы (иногородний)'},,49500,,,,,OCH_LSH_MFTI_UNPK_2007,"явное название смены, score=9"
2d576f35-4b0e-ee32-4333-6a181e45bd2c,ЛШ 2026 Очно МФТИ 20.07 - 31.07 (УНПК),,b2f01cb4-ae50-721b-2f73-6a0d95bd4b65,Standart,,,,360,2026-05-28,2027-05-23,59500,1,1,{'vyezdnye_shkoly_inogorodnij_': 'Выездные школы (иногородний)'},,27500,,,,,OCH_LSH_MFTI_UNPK_2007,"явное название смены, score=9"
30f70d75-ad45-9b58-7732-6a0c58aff275,ЛШ 2026 Очно Москва 6.07 - 17.07 (УНПК),,b3db82eb-579e-541c-aaf3-69f2247d091d,Standart,,,,360,2026-05-19,2027-05-14,99500,1,1,{'vyezdnye_shkoly_inogorodnij_': 'Выездные школы (иногородний)'},,-12500,,,,,OCH_LSH_MSK_UNPK_0607,"явное название смены, score=9"
31e00ec6-89cc-8b6c-222e-6a1d3bdd5b21,ЛШ 2026 Очно МФТИ 20.07 - 31.07 (УНПК),,70511c3a-fa07-367d-559a-6a1986a1c2c8,Standart,,,,360,2026-06-01,2027-05-27,59500,1,1,{'vyezdnye_shkoly_inogorodnij_': 'Выездные школы (иногородний)'},,27500,,,,,OCH_LSH_MFTI_UNPK_2007,"явное название смены, score=9"
32fafc1a-5b9c-4514-6eb0-6a2130b0ebfe,ЛШ 2026 Очно МФТИ 20.07 - 31.07 (УНПК),,72356b3b-617c-4b4b-a88d-687e3dea09b2,Standart,,,,360,2026-06-04,2027-05-30,56525,1,1,{'vyezdnye_shkoly_inogorodnij_': 'Выездные школы (иногородний)'},,30475,,,,,OCH_LSH_MFTI_UNPK_2007,"явное название смены, score=9"
3db13b6c-e77f-f69c-8ec1-6a0d84537662,ЛШ 2026 Очно МФТИ 20.07 - 31.07 (УНПК),,a042e0c9-5ecd-3061-be7d-69f20320a9a7,Standart,,,,360,2026-05-20,2027-05-15,59500,1,1,{'vyezdnye_shkoly_inogorodnij_': 'Выездные школы (иногородний)'},,27500,,,,,OCH_LSH_MFTI_UNPK_2007,"явное название смены, score=9"
4371d650-9f23-1728-8444-6a1d38035b7a,ЛШ 2026 Очно МФТИ 20.07 - 31.07 (УНПК),,bec1bdec-227f-c5fc-47b7-69e2188b9592,Standart,,,,360,2026-06-01,2027-05-27,33750,1,1,{'vyezdnye_shkoly_inogorodnij_': 'Выездные школы (иногородний)'},,53250,,,,,OCH_LSH_MFTI_UNPK_2007,"явное название смены, score=9"
4ae5407e-4458-8387-fc10-6a1d3cce96ca,ЛШ 2026 Очно МФТИ 20.07 - 31.07 (УНПК),,7e89426d-81ba-3984-bef7-6a0db974b8fb,Standart,,,,360,2026-06-01,2027-05-27,59500,1,1,{'vyezdnye_shkoly_inogorodnij_': 'Выездные школы (иногородний)'},,27500,,,,,OCH_LSH_MFTI_UNPK_2007,"явное название смены, score=9"
4d3f3d56-c5ff-ab8a-84b3-69f0706ed32b,ЛШ-26 МФТИ 20.07 - 31.07 (УНПК),,726e0aa8-ee54-de3f-6a24-684139f8062a,Standart,,,,360,2026-04-28,2027-04-23,37500,1,1,{'vyezdnye_shkoly_inogorodnij_': 'Выездные школы (иногородний)'},,49500,,,,,OCH_LSH_MFTI_UNPK_2007,"явное название смены, score=9"
50f8302f-56a2-336f-e923-6a182b602c6c,ЛШ 2026 Очно МФТИ 20.07 - 31.07 (УНПК),,a9051aaf-2160-cade-168f-6a1051b991e4,Standart,,,,360,2026-05-28,2027-05-23,59500,1,1,{'vyezdnye_shkoly_inogorodnij_': 'Выездные школы (иногородний)'},,27500,,,,,OCH_LSH_MFTI_UNPK_2007,"явное название смены, score=9"
5bd7fa0c-019f-57a4-b021-6a193a58798e,ЛШ 2026 Очно МФТИ 20.07 - 31.07 (УНПК),,3409e996-d6ea-890b-9306-66f41e15f72a,Standart,,,,360,2026-05-29,2027-05-24,99500,1,1,{'vyezdnye_shkoly_inogorodnij_': 'Выездные школы (иногородний)'},,-12500,,,,,OCH_LSH_MFTI_UNPK_2007,"явное название смены, score=9"
7cf76148-7243-acda-e2ff-6a182e8017a2,ЛШ 2026 Очно МФТИ 20.07 - 31.07 (УНПК),,6c7fb583-fac4-7fcc-00e2-6a0ebe05d6d8,Standart,,,,360,2026-05-28,2027-05-23,37500,1,1,{'vyezdnye_shkoly_inogorodnij_': 'Выездные школы (иногородний)'},,49500,,,,,OCH_LSH_MFTI_UNPK_2007,"явное название смены, score=9"
8b900fae-4d30-4922-11cd-6a0c59684234,ЛШ 2026 Очно МФТИ 20.07 - 31.07 (УНПК),,edcc5712-592e-76ec-96f4-67a9aa2dc647,Standart,,,,360,2026-05-19,2027-05-14,33750,1,1,{'vyezdnye_shkoly_inogorodnij_': 'Выездные школы (иногородний)'},,53250,,,,,OCH_LSH_MFTI_UNPK_2007,"явное название смены, score=9"
90fdac2f-1de9-f49d-1da9-6a0d78b400f5,ЛШ 2026 Очно МФТИ 20.07 - 31.07 (УНПК),,485ca3ae-71c2-e0c3-8595-6a0035d5fc7d,Standart,,,,360,2026-05-20,2027-05-15,59500,1,1,{'vyezdnye_shkoly_inogorodnij_': 'Выездные школы (иногородний)'},,27500,,,,,OCH_LSH_MFTI_UNPK_2007,"явное название смены, score=9"
aa830f95-8c76-72c3-9c30-6a0c54a5d976,ЛШ 2026 Очно МФТИ 20.07 - 31.07 (УНПК),,6f26ebe3-c710-e787-47fe-6a01aacf54ae,Standart,,,,360,2026-05-19,2027-05-14,37500,1,1,{'vyezdnye_shkoly_inogorodnij_': 'Выездные школы (иногородний)'},,49500,,,,,OCH_LSH_MFTI_UNPK_2007,"явное название смены, score=9"
c11fbeca-3d08-3593-73fa-6a0c5e331e99,ЛШ 2026 Очно МФТИ 20.07 - 31.07 (УНПК),,312172a9-e1ce-5f40-6413-69f993c8f531,Standart,,,,360,2026-05-19,2027-05-14,37500,1,1,{'vyezdnye_shkoly_inogorodnij_': 'Выездные школы (иногородний)'},,49500,,,,,OCH_LSH_MFTI_UNPK_2007,"явное название смены, score=9"
cb983f57-2e5d-5d0f-b5d9-69ea15590ef8,ЛШ-26 МФТИ 20.07 - 31.07 (УНПК),,cfa1d69e-feb3-9398-b4cb-610679d8e83f,Standart,,,,360,2026-04-23,2027-04-18,56525,1,1,,,30475,,,,,OCH_LSH_MFTI_UNPK_2007,"явное название смены, score=9"
d927513a-5cbc-f02e-7376-6a18142f086c,ЛШ 2026 Очно МФТИ 20.07 - 31.07 (УНПК),,76751551-8f1f-7e6f-7bea-6a15550eff96,Standart,,,,360,2026-05-28,2027-05-23,37500,1,1,{'vyezdnye_shkoly_inogorodnij_': 'Выездные школы (иногородний)'},,49500,,,,,OCH_LSH_MFTI_UNPK_2007,"явное название смены, score=9"
e0694bf0-4752-8686-d421-6a01c5bedf5e,ЛШ 2026 Очно МФТИ 20.07 - 31.07 (УНПК),,6b54944a-a6c4-bcd4-ccc9-6319a5355246,Standart,,,,360,2026-05-11,2027-05-06,37500,1,1,{'vyezdnye_shkoly_inogorodnij_': 'Выездные школы (иногородний)'},,49500,,,,,OCH_LSH_MFTI_UNPK_2007,"явное название смены, score=9"
e2296acf-eda7-5dee-c2f5-6a182b0f63a5,ЛШ 2026 Очно МФТИ 20.07 - 31.07 (УНПК),,d975f4d0-c0e0-7951-29db-6a0c2e883708,Standart,,,,360,2026-05-28,2027-05-23,37500,1,1,{'vyezdnye_shkoly_inogorodnij_': 'Выездные школы (иногородний)'},,49500,,,,,OCH_LSH_MFTI_UNPK_2007,"явное название смены, score=9"
e66e0bf9-bd67-2389-5c6f-6a2151d79a6d,ЛШ 2026 Очно МФТИ 20.07 - 31.07 (УНПК),,64750ac0-45c1-b9bd-fe62-69ef5d6ee97d,Standart,,,,360,2026-06-04,2027-05-30,33750,1,1,{'vyezdnye_shkoly_inogorodnij_': 'Выездные школы (иногородний)'},,53250,,,,,OCH_LSH_MFTI_UNPK_2007,"явное название смены, score=9"
e6d73341-0a9e-e811-fb63-69e9cadfaeb9,ЛШ -26 МФТИ 20.07 - 31.07 (УНПК),,e70c3338-0e97-3060-46c1-69821835abac,Standart,,,,360,2026-04-23,2027-04-18,59500,1,1,{'mfti': 'МФТИ'},,27500,,,,,OCH_LSH_MFTI_UNPK_2007,"явное название смены, score=9"
f03b6b4e-0c24-1b9c-b145-6a0c57cef7bd,ЛШ 2026 Очно МФТИ 20.07 - 31.07 (УНПК),,770547d5-d6d8-3343-ec86-689ae6651027,Standart,,,,360,2026-05-19,2027-05-14,59500,1,1,{'vyezdnye_shkoly_inogorodnij_': 'Выездные школы (иногородний)'},,27500,,,,,OCH_LSH_MFTI_UNPK_2007,"явное название смены, score=9"
f33ab63f-ca84-1b7d-596d-69f2fe244666,ЛШ-26 МФТИ 20.07 - 31.07 (УНПК),,9357fb56-b2ab-59f1-f9a8-69e5fc4e4b75,Standart,,,,360,2026-04-30,2027-04-25,59500,1,1,{'vyezdnye_shkoly_inogorodnij_': 'Выездные школы (иногородний)'},,27500,,,,,OCH_LSH_MFTI_UNPK_2007,"явное название смены, score=9"
