test_id,brand,category,subcategory,client_message,actual_route,failure_class,issue_ru,needs_dmitry_answer,what_to_check,my_comment,draft_text
price_foton_01,foton,pricing,regular_courses,Сколько стоит онлайн-курс для 9 класса на 2026/2027?,draft_for_manager,template_too_generic,"Ответ безопасный, но слишком общий и мало помогает менеджеру/клиенту.",нет,"Можно улучшить шаблон без новых фактов, если текущая формулировка кажется слишком слабой.","Риск низкий, но польза ограничена: ответ не раскрывает то, что клиент реально спросил.",Онлайн-обучение в Фотоне: есть варианты оплаты за семестр и за год. Менеджер подскажет актуальную стоимость под ваш класс и курс.
price_foton_02,foton,pricing,regular_courses,Какая цена очного курса 7 класс физика?,manager_only,route_too_strict,"Бот слишком осторожен: уводит к менеджеру там, где, возможно, можно дать черновик или справочный ответ.",да,"Нужно решение Дмитрия/РОПа: подтвердить факт, маршрут или разрешение боту отвечать.","Сейчас бот осторожничает. Для пилота это безопасно, но снижает пользу: Настя чаще получает общий handoff вместо готового черновика.",Передам вопрос менеджеру: он проверит актуальную стоимость на нужный период и свяжется с вами.
price_foton_03,foton,pricing,regular_courses,Сколько за весь учебный год?,manager_only,route_too_strict,"Бот слишком осторожен: уводит к менеджеру там, где, возможно, можно дать черновик или справочный ответ.",да,"Нужно решение Дмитрия/РОПа: подтвердить факт, маршрут или разрешение боту отвечать.","Сейчас бот осторожничает. Для пилота это безопасно, но снижает пользу: Настя чаще получает общий handoff вместо готового черновика.","Здравствуйте! В Фотоне по очному обучению для 5-11 классов при раннем бронировании до 1 июля 2026 стоимость за учебный год — 74 500 ₽. Чтобы проверить точную стоимость именно для вашего случая, подскажите, пожалуйста, класс ребенка, предмет и формат обучения: онлайн или очно."
price_foton_04,foton,pricing,early_booking,Что за раннее бронирование?,manager_only,route_too_strict,"Бот слишком осторожен: уводит к менеджеру там, где, возможно, можно дать черновик или справочный ответ.",да,"Нужно решение Дмитрия/РОПа: подтвердить факт, маршрут или разрешение боту отвечать.","Сейчас бот осторожничает. Для пилота это безопасно, но снижает пользу: Настя чаще получает общий handoff вместо готового черновика.","Здравствуйте! Раннее бронирование в Фотоне — это специальные условия для действующих учеников при записи на следующий учебный год заранее. По онлайн-направлению 5–11 классов на 2026/27 год в базе указаны условия: запись до 1 мая, оплата до 15 мая 2026, семестр — 29 750 ₽, год — 47 250 ₽. Сейчас лучше уточню по вашему классу и формату, можно ли применить эти условия именно в вашем случае."
price_foton_07,foton,pricing,4_weeks,А за месяц можно курс попробовать?,draft_for_manager,missing_fact,Не хватает подтверждённого факта в базе знаний.,да,"Нужно решение Дмитрия/РОПа: подтвердить факт, маршрут или разрешение боту отвечать.",Это не обязательно ошибка бота. Чаще всего база знаний пока не содержит точного подтверждённого ответа по этой теме.,"Здравствуйте! Да, можно рассмотреть вариант на 4 недели, чтобы попробовать обучение. Перед отправкой я проверю актуальную стоимость и наличие мест в подходящей группе. Подскажите, пожалуйста, класс ученика и интересующее направление?"
price_foton_08,foton,pricing,intensive_oge,Сколько стоит интенсив ОГЭ для 9 класса?,manager_only,route_too_strict,"Бот слишком осторожен: уводит к менеджеру там, где, возможно, можно дать черновик или справочный ответ.",да,"Нужно решение Дмитрия/РОПа: подтвердить факт, маршрут или разрешение боту отвечать.","Сейчас бот осторожничает. Для пилота это безопасно, но снижает пользу: Настя чаще получает общий handoff вместо готового черновика.",Менеджер свяжется и подскажет актуальную программу.
price_foton_09,foton,pricing,individual,А индивидуально можно онлайн?,manager_only,route_too_strict,"Бот слишком осторожен: уводит к менеджеру там, где, возможно, можно дать черновик или справочный ответ.",да,"Нужно решение Дмитрия/РОПа: подтвердить факт, маршрут или разрешение боту отвечать.","Сейчас бот осторожничает. Для пилота это безопасно, но снижает пользу: Настя чаще получает общий handoff вместо готового черновика.",Менеджер свяжется и подскажет варианты индивидуальных занятий.
price_foton_10,foton,pricing,after_deadline,А если оплатить в августе уже?,draft_for_manager,missing_fact,Не хватает подтверждённого факта в базе знаний.,да,"Нужно решение Дмитрия/РОПа: подтвердить факт, маршрут или разрешение боту отвечать.",Это не обязательно ошибка бота. Чаще всего база знаний пока не содержит точного подтверждённого ответа по этой теме.,"Здравствуйте! Если планируете оплату в августе, лучше отдельно проверить условия по вашей программе и группе: актуальную стоимость, наличие места и возможный срок оплаты. Менеджер сориентирует по вариантам именно для вашего случая."
discount_foton_04,foton,discount,refer_friend,Бонус за приглашённого друга есть?,manager_only,route_too_strict,"Бот слишком осторожен: уводит к менеджеру там, где, возможно, можно дать черновик или справочный ответ.",да,"Нужно решение Дмитрия/РОПа: подтвердить факт, маршрут или разрешение боту отвечать.","Сейчас бот осторожничает. Для пилота это безопасно, но снижает пользу: Настя чаще получает общий handoff вместо готового черновика.","Здравствуйте! Да, в Фотоне есть бонус за приглашённого друга: кэшбек 10 000 ₽. Условия зависят от формата: для очного обучения — после того, как друг посетит 5 занятий, для онлайн — после оплаты и прохождения семестра. Напишите, пожалуйста, какой у вас формат обучения, и я проверю применимость бонуса к вашему случаю."
discount_foton_05,foton,discount,active_to_camp,"Я давно учусь у вас, на лагерь будет скидка?",draft_for_manager,missing_fact,Не хватает подтверждённого факта в базе знаний.,да,"Нужно решение Дмитрия/РОПа: подтвердить факт, маршрут или разрешение боту отвечать.",Это не обязательно ошибка бота. Чаще всего база знаний пока не содержит точного подтверждённого ответа по этой теме.,"Здравствуйте! Скидки на лагерь зависят от действующих условий и вашей ситуации как ученика. Я проверю, какая скидка может применяться именно к вам, и вернусь с подтверждением."
discount_foton_06,foton,discount,loyalty,Мы три раза подряд ездили в ваш лагерь. Бонусы будут?,draft_for_manager,missing_fact,Не хватает подтверждённого факта в базе знаний.,да,"Нужно решение Дмитрия/РОПа: подтвердить факт, маршрут или разрешение боту отвечать.",Это не обязательно ошибка бота. Чаще всего база знаний пока не содержит точного подтверждённого ответа по этой теме.,"Здравствуйте! Спасибо, что уже несколько раз выбираете наш лагерь. По бонусам для постоянных участников нужно проверить вашу историю участия и смену, на которую вы планируете записываться: условия могут зависеть от формата и программы. Подскажите, пожалуйста, на какую смену рассматриваете поездку, а менеджер проверит доступные варианты."
price_unpk_01,unpk,pricing,regular_courses,Цена очного курса 7 класс физика,draft_for_manager,missing_fact,Не хватает подтверждённого факта в базе знаний.,да,"Нужно решение Дмитрия/РОПа: подтвердить факт, маршрут или разрешение боту отвечать.",Это не обязательно ошибка бота. Чаще всего база знаний пока не содержит точного подтверждённого ответа по этой теме.,"Для 5-11 классов в УНПК есть варианты оплаты за семестр и за год. Менеджер свяжется и подскажет актуальную стоимость под ваш класс, курс и формат."
price_unpk_02,unpk,pricing,regular_courses,Сколько стоит курс для 8 класса очно?,manager_only,route_too_strict,"Бот слишком осторожен: уводит к менеджеру там, где, возможно, можно дать черновик или справочный ответ.",да,"Нужно решение Дмитрия/РОПа: подтвердить факт, маршрут или разрешение боту отвечать.","Сейчас бот осторожничает. Для пилота это безопасно, но снижает пользу: Настя чаще получает общий handoff вместо готового черновика.","Здравствуйте! Для очного курса для 8 класса по текущим условиям раннего бронирования до 1 июля 2026: семестр — 49 000 ₽, год — 82 000 ₽. Могу также подсказать варианты по срокам оплаты и ближайшим группам."
price_unpk_03,unpk,pricing,1_4_class,А для 2 класса есть очно?,draft_for_manager,missing_fact,Не хватает подтверждённого факта в базе знаний.,да,"Нужно решение Дмитрия/РОПа: подтвердить факт, маршрут или разрешение боту отвечать.",Это не обязательно ошибка бота. Чаще всего база знаний пока не содержит точного подтверждённого ответа по этой теме.,"Здравствуйте! Да, для 2 класса очный формат есть. По актуальным условиям занятия для 1-4 классов проходят очно на площадке в Долгопрудном, Проспект Пацаева, 7к1. Менеджер уточнит подходящую группу и расписание."
price_unpk_07,unpk,pricing,patsayeva,Цена курса на Пацаева 2 раза в неделю,draft_for_manager,template_too_generic,"Ответ безопасный, но слишком общий и мало помогает менеджеру/клиенту.",нет,"Можно улучшить шаблон без новых фактов, если текущая формулировка кажется слишком слабой.","Риск низкий, но польза ограничена: ответ не раскрывает то, что клиент реально спросил.",Здравствуйте! По формату на Пацаева 2 раза в неделю нужно отдельно проверить актуальную возможность набора и условия. Сориентируем вас по доступным вариантам в рамках УНПК и подскажем стоимость после уточнения курса или класса.
price_unpk_08,unpk,pricing,intensive_ege,Сколько стоит интенсив ЕГЭ для 10-11 классов?,manager_only,route_too_strict,"Бот слишком осторожен: уводит к менеджеру там, где, возможно, можно дать черновик или справочный ответ.",да,"Нужно решение Дмитрия/РОПа: подтвердить факт, маршрут или разрешение боту отвечать.","Сейчас бот осторожничает. Для пилота это безопасно, но снижает пользу: Настя чаще получает общий handoff вместо готового черновика.",Менеджер свяжется и подскажет актуальную программу.
price_unpk_09,unpk,pricing,4_weeks,А за 4 недели цена есть?,draft_for_manager,missing_fact,Не хватает подтверждённого факта в базе знаний.,да,"Нужно решение Дмитрия/РОПа: подтвердить факт, маршрут или разрешение боту отвечать.",Это не обязательно ошибка бота. Чаще всего база знаний пока не содержит точного подтверждённого ответа по этой теме.,"Здравствуйте! Да, формат на 4 недели есть. Я уточню актуальную стоимость именно для вашей группы и периода обучения и сориентирую вас."
price_unpk_10,unpk,pricing,after_deadline,"Если оплачивать в августе, какая цена?",draft_for_manager,missing_fact,Не хватает подтверждённого факта в базе знаний.,да,"Нужно решение Дмитрия/РОПа: подтвердить факт, маршрут или разрешение боту отвечать.",Это не обязательно ошибка бота. Чаще всего база знаний пока не содержит точного подтверждённого ответа по этой теме.,"Здравствуйте! Если оплата будет в августе, нужно ориентироваться на тариф, действующий на дату оплаты. Точная стоимость зависит от программы, формата, класса и периода обучения. Подскажите, пожалуйста, какой курс и на какой срок рассматриваете — проверю актуальные условия в рамках УНПК."
discount_unpk_06,unpk,discount,active_to_camp,"Я учусь у вас давно, лагерь будет со скидкой?",manager_only,route_too_strict,"Бот слишком осторожен: уводит к менеджеру там, где, возможно, можно дать черновик или справочный ответ.",да,"Нужно решение Дмитрия/РОПа: подтвердить факт, маршрут или разрешение боту отвечать.","Сейчас бот осторожничает. Для пилота это безопасно, но снижает пользу: Настя чаще получает общий handoff вместо готового черновика.","Здравствуйте! Для действующих учеников УНПК предусмотрена скидка 7% при покупке летнего лагеря. Я уточню по вашей программе и смене, чтобы менеджер проверил условия и рассчитал итоговую стоимость."
discount_unpk_07,unpk,discount,loyalty,"Мы постоянные гости вашего лагеря, бонусы для нас будут?",draft_for_manager,missing_fact,Не хватает подтверждённого факта в базе знаний.,да,"Нужно решение Дмитрия/РОПа: подтвердить факт, маршрут или разрешение боту отвечать.",Это не обязательно ошибка бота. Чаще всего база знаний пока не содержит точного подтверждённого ответа по этой теме.,"Здравствуйте! Спасибо, что снова выбираете нас. По бонусам для постоянных участников лагеря сориентируем индивидуально: менеджер проверит вашу историю участия и актуальные условия по текущей смене УНПК, после этого подскажет, какие варианты можем предложить."
matkap_foton_01,foton,matkap,general,Можно оплатить материнским капиталом?,draft_for_manager,template_too_generic,"Ответ безопасный, но слишком общий и мало помогает менеджеру/клиенту.",нет,"Можно улучшить шаблон без новых фактов, если текущая формулировка кажется слишком слабой.","Риск низкий, но польза ограничена: ответ не раскрывает то, что клиент реально спросил.","Здравствуйте! Да, оплата материнским капиталом возможна. Работаем с федеральным маткапиталом. Менеджер подскажет порядок оформления через СФР и проверит, подходит ли ваша ситуация. Напишите, пожалуйста, какой курс рассматриваете и возраст ребёнка."
matkap_foton_03,foton,matkap,timeline,Сколько ждать перевода через СФР?,draft_for_manager,missing_fact,Не хватает подтверждённого факта в базе знаний.,да,"Нужно решение Дмитрия/РОПа: подтвердить факт, маршрут или разрешение боту отвечать.",Это не обязательно ошибка бота. Чаще всего база знаний пока не содержит точного подтверждённого ответа по этой теме.,"Здравствуйте! Если речь о федеральном материнском капитале, СФР рассматривает заявление до 10 рабочих дней, после этого перевод может занять ещё до 5 дней. В сумме ориентир — до 15 рабочих дней. Если заявление уже подано, напишите дату подачи — менеджер сориентирует по текущему этапу."
matkap_foton_05,foton,matkap,age,Ребёнку 26 — можно ещё маткапиталом оплатить?,draft_for_manager,test_requires_business_decision,Нужно бизнес-решение: можно ли так отвечать и какой факт считать правильным.,да,"Нужно решение Дмитрия/РОПа: подтвердить факт, маршрут или разрешение боту отвечать.",Без решения команды это нельзя честно закрыть кодом.,"Здравствуйте! По оплате материнским капиталом для совершеннолетнего ученика есть возрастные ограничения. Уточню у нашего специалиста по маткапиталу, подходит ли ваш случай, и вернусь с ответом. Подскажите, пожалуйста, какой курс рассматриваете?"
matkap_unpk_01,unpk,matkap,general,Можно оплатить материнским капиталом?,draft_for_manager,template_too_generic,"Ответ безопасный, но слишком общий и мало помогает менеджеру/клиенту.",нет,"Можно улучшить шаблон без новых фактов, если текущая формулировка кажется слишком слабой.","Риск низкий, но польза ограничена: ответ не раскрывает то, что клиент реально спросил.","Здравствуйте! Да, оплатить обучение федеральным материнским капиталом возможно. Менеджер пришлёт перечень документов и поможет с оформлением через СФР. Подскажите, пожалуйста, ФИО ребёнка и какой курс рассматриваете?"
matkap_unpk_03,unpk,matkap,partial,"Можно частично маткапиталом, частично деньгами?",draft_for_manager,template_too_generic,"Ответ безопасный, но слишком общий и мало помогает менеджеру/клиенту.",нет,"Можно улучшить шаблон без новых фактов, если текущая формулировка кажется слишком слабой.","Риск низкий, но польза ограничена: ответ не раскрывает то, что клиент реально спросил.","Здравствуйте! Частичная оплата материнским капиталом и частично собственными средствами возможна, но точный порядок лучше проверить по вашему курсу и сумме. Менеджер подскажет варианты оформления через СФР и пришлёт перечень документов."
matkap_unpk_04,unpk,matkap,individual,А на индивидуальные занятия маткапитал примут?,manager_only,route_too_strict,"Бот слишком осторожен: уводит к менеджеру там, где, возможно, можно дать черновик или справочный ответ.",да,"Нужно решение Дмитрия/РОПа: подтвердить факт, маршрут или разрешение боту отвечать.","Сейчас бот осторожничает. Для пилота это безопасно, но снижает пользу: Настя чаще получает общий handoff вместо готового черновика.",Менеджер свяжется и подскажет варианты индивидуальных занятий.
tax_foton_01,foton,tax,general,Можно получить налоговый вычет?,manager_only,route_too_strict,"Бот слишком осторожен: уводит к менеджеру там, где, возможно, можно дать черновик или справочный ответ.",да,"Нужно решение Дмитрия/РОПа: подтвердить факт, маршрут или разрешение боту отвечать.","Сейчас бот осторожничает. Для пилота это безопасно, но снижает пользу: Настя чаще получает общий handoff вместо готового черновика.","Да, есть лицензия на ведение образовательной деятельности. Менеджер поможет подготовить документы для налогового вычета."
tax_foton_02,foton,tax,multiple_years,А за прошлые годы можно?,draft_for_manager,missing_fact,Не хватает подтверждённого факта в базе знаний.,да,"Нужно решение Дмитрия/РОПа: подтвердить факт, маршрут или разрешение боту отвечать.",Это не обязательно ошибка бота. Чаще всего база знаний пока не содержит точного подтверждённого ответа по этой теме.,"Менеджер свяжется и подготовит справку: срок до 10 дней, постараемся раньше. Уточним данные для подготовки."
tax_foton_03,foton,tax,two_children,"У меня двое детей, оба на курсах",manager_only,route_too_strict,"Бот слишком осторожен: уводит к менеджеру там, где, возможно, можно дать черновик или справочный ответ.",да,"Нужно решение Дмитрия/РОПа: подтвердить факт, маршрут или разрешение боту отвечать.","Сейчас бот осторожничает. Для пилота это безопасно, но снижает пользу: Настя чаще получает общий handoff вместо готового черновика.","Здравствуйте! Поняла, у вас двое детей и оба проходят обучение. Я передам это менеджеру, чтобы он проверил, какие документы можно подготовить по каждому ребёнку."
tax_unpk_01,unpk,tax,general,Налоговый вычет можно получить?,manager_only,route_too_strict,"Бот слишком осторожен: уводит к менеджеру там, где, возможно, можно дать черновик или справочный ответ.",да,"Нужно решение Дмитрия/РОПа: подтвердить факт, маршрут или разрешение боту отвечать.","Сейчас бот осторожничает. Для пилота это безопасно, но снижает пользу: Настя чаще получает общий handoff вместо готового черновика.","Да, есть лицензия на ведение образовательной деятельности. Менеджер поможет подготовить документы для налогового вычета."
tax_unpk_02,unpk,tax,sum,Какую сумму вернут?,manager_only,route_too_strict,"Бот слишком осторожен: уводит к менеджеру там, где, возможно, можно дать черновик или справочный ответ.",да,"Нужно решение Дмитрия/РОПа: подтвердить факт, маршрут или разрешение боту отвечать.","Сейчас бот осторожничает. Для пилота это безопасно, но снижает пользу: Настя чаще получает общий handoff вместо готового черновика.","ФНС рассматривает заявление и принимает решение. Справка помогает подтвердить обучение, а менеджер подскажет порядок оформления."
tax_unpk_03,unpk,tax,old_year,А за 2023 как считается?,manager_only,route_too_strict,"Бот слишком осторожен: уводит к менеджеру там, где, возможно, можно дать черновик или справочный ответ.",да,"Нужно решение Дмитрия/РОПа: подтвердить факт, маршрут или разрешение боту отвечать.","Сейчас бот осторожничает. Для пилота это безопасно, но снижает пользу: Настя чаще получает общий handoff вместо готового черновика.","Менеджер свяжется и подготовит справку: срок до 10 дней, постараемся раньше. Уточним данные для подготовки."
tax_unpk_04,unpk,tax,deadline,Сколько ждать после подачи?,draft_for_manager,missing_fact,Не хватает подтверждённого факта в базе знаний.,да,"Нужно решение Дмитрия/РОПа: подтвердить факт, маршрут или разрешение боту отвечать.",Это не обязательно ошибка бота. Чаще всего база знаний пока не содержит точного подтверждённого ответа по этой теме.,"Менеджер свяжется и подготовит справку: срок до 10 дней, постараемся раньше. Уточним данные для подготовки."
camp_foton_01,foton,camp,lvsh_general,Что у вас по лагерю летом?,manager_only,route_too_strict,"Бот слишком осторожен: уводит к менеджеру там, где, возможно, можно дать черновик или справочный ответ.",да,"Нужно решение Дмитрия/РОПа: подтвердить факт, маршрут или разрешение боту отвечать.","Сейчас бот осторожничает. Для пилота это безопасно, но снижает пользу: Настя чаще получает общий handoff вместо готового черновика.","Здравствуйте! Летом у Фотона есть варианты лагеря: выездная ЛВШ в Менделеево с проживанием и городская летняя школа без проживания. По выездной ЛВШ: смены Фотона запланированы на 20-28 июня и 18-26 июля, проживание в комнатах по 2-3 человека, 5-разовое питание, охрана 24/7 и бесплатный трансфер из Москвы. Стоимость по актуальным условиям: полный тариф 98 000 ₽, есть варианты от 75 000 ₽. Подскажите, пожалуйста, возраст и класс ребенка, а также какой формат интереснее: выездной с проживанием или городской?"
camp_foton_02,foton,camp,lvsh_price,Сколько стоит выездная Менделеево?,manager_only,route_too_strict,"Бот слишком осторожен: уводит к менеджеру там, где, возможно, можно дать черновик или справочный ответ.",да,"Нужно решение Дмитрия/РОПа: подтвердить факт, маршрут или разрешение боту отвечать.","Сейчас бот осторожничает. Для пилота это безопасно, но снижает пользу: Настя чаще получает общий handoff вместо готового черновика.","Здравствуйте! Выездная летняя школа в Менделеево с проживанием стоит 98 000 ₽ по полному тарифу, сейчас есть варианты от 75 000 ₽. В стоимость входят проживание, 5-разовое питание, занятия, охрана 24/7 и бесплатный трансфер из Москвы. Ближайшая открытая смена Фотона: 20–28 июня. Подскажите, пожалуйста, для какого класса или возраста рассматриваете смену, чтобы сориентировать по подходящей группе?"
camp_foton_04,foton,camp,ls_city,А городской лагерь Фотон есть?,manager_only,test_requires_business_decision,Нужно бизнес-решение: можно ли так отвечать и какой факт считать правильным.,да,"Нужно решение Дмитрия/РОПа: подтвердить факт, маршрут или разрешение боту отвечать.",Без решения команды это нельзя честно закрыть кодом.,"ЛШ Москва Фотон проходит 3-14 августа, адрес: Верхняя Красносельская. Менеджер подскажет детали записи."
camp_foton_05,foton,camp,food,Как с едой в Менделеево?,draft_for_manager,template_too_generic,"Ответ безопасный, но слишком общий и мало помогает менеджеру/клиенту.",нет,"Можно улучшить шаблон без новых фактов, если текущая формулировка кажется слишком слабой.","Риск низкий, но польза ограничена: ответ не раскрывает то, что клиент реально спросил.","Здравствуйте! В Менделеево на выездной ЛВШ Фотона предусмотрено 5-разовое питание: шведский стол, ресторанный уровень. Если есть аллергии или ограничения по питанию, напишите, пожалуйста, какие именно — менеджер отдельно уточнит, как это можно учесть."
camp_foton_06,foton,camp,safety,А с безопасностью как?,draft_for_manager,template_too_generic,"Ответ безопасный, но слишком общий и мало помогает менеджеру/клиенту.",нет,"Можно улучшить шаблон без новых фактов, если текущая формулировка кажется слишком слабой.","Риск низкий, но польза ограничена: ответ не раскрывает то, что клиент реально спросил.","Здравствуйте! По безопасности на смене предусмотрены организационные меры: территория находится под круглосуточной охраной, режим и доступ контролируются. Менеджер дополнительно сориентирует по вашей смене: как устроено сопровождение детей, связь с родителями и порядок действий в разных ситуациях."
camp_foton_07,foton,camp,transfer,Как добраться до Менделеево?,draft_for_manager,expected_marker_too_strict,"Тест слишком придирчив к точным словам, надо проверить смысл.",нет,"Скорее всего, надо поправить тест, если смысл ответа верный.","Возможна ложная тревога теста: надо сравнить смысл, а не точное слово.","Здравствуйте! До ЛВШ в Менделеево предусмотрен бесплатный трансфер из Москвы. Точную точку сбора и время отправления подскажем по вашей смене. Если планируете добираться самостоятельно, тоже сориентируем по маршруту и адресу."
camp_unpk_01,unpk,camp,lvsh_general,Расскажите про летний лагерь,draft_for_manager,missing_fact,Не хватает подтверждённого факта в базе знаний.,да,"Нужно решение Дмитрия/РОПа: подтвердить факт, маршрут или разрешение боту отвечать.",Это не обязательно ошибка бота. Чаще всего база знаний пока не содержит точного подтверждённого ответа по этой теме.,"У нас преподают специалисты из МФТИ, МГУ, ВШЭ, МИФИ, эксперты ЕГЭ и члены жюри олимпиад. Менеджер подскажет преподавателя по конкретной группе."
camp_unpk_02,unpk,camp,lvsh_price,Цена ЛВШ Менделеево,manager_only,route_too_strict,"Бот слишком осторожен: уводит к менеджеру там, где, возможно, можно дать черновик или справочный ответ.",да,"Нужно решение Дмитрия/РОПа: подтвердить факт, маршрут или разрешение боту отвечать.","Сейчас бот осторожничает. Для пилота это безопасно, но снижает пользу: Настя чаще получает общий handoff вместо готового черновика.",ЛВШ Менделеево у УНПК: 18-26 июля и 15-25 августа. Менеджер подскажет наличие мест.
camp_unpk_03,unpk,camp,ls_city,Городской лагерь в августе есть?,draft_for_manager,missing_fact,Не хватает подтверждённого факта в базе знаний.,да,"Нужно решение Дмитрия/РОПа: подтвердить факт, маршрут или разрешение боту отвечать.",Это не обязательно ошибка бота. Чаще всего база знаний пока не содержит точного подтверждённого ответа по этой теме.,"Здравствуйте! Уточню актуальные августовские смены городского лагеря и подскажу, есть ли сейчас места."
camp_unpk_06,unpk,camp,transfer,Как ехать в Менделеево?,draft_for_manager,template_too_generic,"Ответ безопасный, но слишком общий и мало помогает менеджеру/клиенту.",нет,"Можно улучшить шаблон без новых фактов, если текущая формулировка кажется слишком слабой.","Риск низкий, но польза ограничена: ответ не раскрывает то, что клиент реально спросил.","Здравствуйте! В Менделеево можно добраться самостоятельно, также для ЛВШ предусмотрен организованный трансфер. Уточню для вашей смены актуальную точку сбора, время и вариант самостоятельного маршрута, чтобы прислать точные детали."
camp_unpk_07,unpk,camp,food,Кормят 5 раз? Хорошо?,draft_for_manager,template_too_generic,"Ответ безопасный, но слишком общий и мало помогает менеджеру/клиенту.",нет,"Можно улучшить шаблон без новых фактов, если текущая формулировка кажется слишком слабой.","Риск низкий, но польза ограничена: ответ не раскрывает то, что клиент реально спросил.","Здравствуйте! Да, в выездной школе предусмотрено 5-разовое питание. По качеству питания сориентируем отдельно: менеджер уточнит актуальные детали по площадке и подскажет, как обычно организовано меню."
camp_unpk_09,unpk,camp,ls_city,Скорняжный лагерь — это что?,draft_for_manager,test_requires_business_decision,Нужно бизнес-решение: можно ли так отвечать и какой факт считать правильным.,да,"Нужно решение Дмитрия/РОПа: подтвердить факт, маршрут или разрешение боту отвечать.",Без решения команды это нельзя честно закрыть кодом.,"Здравствуйте! Если вы имеете в виду летний лагерь или летнюю школу УНПК МФТИ, это учебный формат на лето: есть выездной вариант с проживанием и городская летняя школа без проживания. Подскажите, пожалуйста, какой формат вам интересен? Менеджер сориентирует по актуальным сменам и условиям."
camp_unpk_10,unpk,camp,loyalty_check,"Мы 4 раза ездили в ЛВШ, скидка будет?",draft_for_manager,missing_fact,Не хватает подтверждённого факта в базе знаний.,да,"Нужно решение Дмитрия/РОПа: подтвердить факт, маршрут или разрешение боту отвечать.",Это не обязательно ошибка бота. Чаще всего база знаний пока не содержит точного подтверждённого ответа по этой теме.,ЛВШ Менделеево у УНПК: 18-26 июля и 15-25 августа. Менеджер подскажет наличие мест.
adv_multi_step_01,foton,adversarial,multi_step,1) Сколько стоит онлайн 9 класс? 2) Какая рассрочка? 3) ЛВШ есть в этом году?,draft_for_manager,template_too_generic,"Ответ безопасный, но слишком общий и мало помогает менеджеру/клиенту.",нет,"Можно улучшить шаблон без новых фактов, если текущая формулировка кажется слишком слабой.","Риск низкий, но польза ограничена: ответ не раскрывает то, что клиент реально спросил.",Онлайн-обучение в Фотоне: есть варианты оплаты за семестр и за год. Менеджер подскажет актуальную стоимость под ваш класс и курс.
adv_multi_step_02,unpk,adversarial,multi_step,Хочу узнать: 1. Цены 7 класс. 2. Маткапитал работает? 3. ЛВШ когда?,draft_for_manager,template_too_generic,"Ответ безопасный, но слишком общий и мало помогает менеджеру/клиенту.",нет,"Можно улучшить шаблон без новых фактов, если текущая формулировка кажется слишком слабой.","Риск низкий, но польза ограничена: ответ не раскрывает то, что клиент реально спросил.","Для 5-11 классов в УНПК есть варианты оплаты за семестр и за год. Менеджер свяжется и подскажет актуальную стоимость под ваш класс, курс и формат."
adv_unrelated_01,foton,adversarial,out_of_scope,Расскажите анекдот,draft_for_manager,expected_marker_too_strict,"Тест слишком придирчив к точным словам, надо проверить смысл.",нет,"Скорее всего, надо поправить тест, если смысл ответа верный.","Возможна ложная тревога теста: надо сравнить смысл, а не точное слово.","Здравствуйте! По учебным вопросам с радостью сориентируем, а анекдоты в этом чате не подсказываем. Напишите, пожалуйста, чем можем помочь по обучению в Фотоне."
adv_unrelated_02,unpk,adversarial,out_of_scope,Какая погода завтра в Москве?,draft_for_manager,expected_marker_too_strict,"Тест слишком придирчив к точным словам, надо проверить смысл.",нет,"Скорее всего, надо поправить тест, если смысл ответа верный.","Возможна ложная тревога теста: надо сравнить смысл, а не точное слово.","Здравствуйте! По погоде не сориентирую. Если у вас вопрос по обучению в УНПК, напишите, пожалуйста, что именно нужно уточнить."
adv_pressure_01,foton,adversarial,urgency_pressure,Срочно нужна цена! У меня сейчас совещание!,draft_for_manager,expected_marker_too_strict,"Тест слишком придирчив к точным словам, надо проверить смысл.",нет,"Скорее всего, надо поправить тест, если смысл ответа верный.","Возможна ложная тревога теста: надо сравнить смысл, а не точное слово.","Здравствуйте! Понимаю, что вопрос срочный. Чтобы сориентировать по актуальной стоимости, уточните, пожалуйста, какая программа или класс вас интересует. Менеджер проверит условия по Фотону и ответит подтвержденной информацией."
adv_demand_price_lower,foton,adversarial,haggle,Я знаю что в прошлом году было дешевле. Дайте мне ту цену,manager_only,route_too_strict,"Бот слишком осторожен: уводит к менеджеру там, где, возможно, можно дать черновик или справочный ответ.",нет,"Проверить и решить: править тест, базу знаний или шаблон ответа.","Сейчас бот осторожничает. Для пилота это безопасно, но снижает пользу: Настя чаще получает общий handoff вместо готового черновика.",Менеджер свяжется и подскажет об актуальных условиях.
schedule_foton_01,foton,schedule,start,Когда начало учебного года?,manager_only,route_too_strict,"Бот слишком осторожен: уводит к менеджеру там, где, возможно, можно дать черновик или справочный ответ.",да,"Нужно решение Дмитрия/РОПа: подтвердить факт, маршрут или разрешение боту отвечать.","Сейчас бот осторожничает. Для пилота это безопасно, но снижает пользу: Настя чаще получает общий handoff вместо готового черновика.","Здравствуйте! Учебный год в Фотоне стартует с 12 по 20 сентября 2026 года, точная дата зависит от формата и площадки. Подскажите, пожалуйста, Вам удобнее очно в Москве или онлайн? Тогда сориентируем по конкретному старту и времени занятий."
schedule_unpk_01,unpk,schedule,start,Когда занятия стартуют?,draft_for_manager,missing_fact,Не хватает подтверждённого факта в базе знаний.,да,"Нужно решение Дмитрия/РОПа: подтвердить факт, маршрут или разрешение боту отвечать.",Это не обязательно ошибка бота. Чаще всего база знаний пока не содержит точного подтверждённого ответа по этой теме.,"Здравствуйте! Старт занятий зависит от площадки и формата: Москва — 12–13 сентября 2026, онлайн — 19–20 сентября 2026, МФТИ Институтский 9 — 20 сентября 2026, Пацаева — 26–27 сентября 2026. Подскажите, пожалуйста, какой формат или площадка Вам интересны, и мы уточним ближайшие группы и конкретное расписание."
schedule_foton_02,foton,schedule,weekly,Сколько раз в неделю занятия?,draft_for_manager,missing_fact,Не хватает подтверждённого факта в базе знаний.,да,"Нужно решение Дмитрия/РОПа: подтвердить факт, маршрут или разрешение боту отвечать.",Это не обязательно ошибка бота. Чаще всего база знаний пока не содержит точного подтверждённого ответа по этой теме.,"Здравствуйте! Частота занятий зависит от программы, группы и формата. У нас много групп, включая онлайн, поэтому уточним подходящий вариант и подскажем, сколько раз в неделю проходят занятия именно для вашей группы."
schedule_unpk_02,unpk,schedule,slot,А слоты конкретные на 8 класс уже есть?,draft_for_manager,template_too_generic,"Ответ безопасный, но слишком общий и мало помогает менеджеру/клиенту.",нет,"Можно улучшить шаблон без новых фактов, если текущая формулировка кажется слишком слабой.","Риск низкий, но польза ограничена: ответ не раскрывает то, что клиент реально спросил.","Здравствуйте! Проверю актуальные слоты по 8 классу и подберу варианты по удобному времени. Подскажите, пожалуйста, Вам нужен онлайн или очный формат, и какие дни/время удобнее рассматривать?"
schedule_foton_03,foton,schedule,semester_weeks,Сколько длится семестр?,draft_for_manager,missing_fact,Не хватает подтверждённого факта в базе знаний.,да,"Нужно решение Дмитрия/РОПа: подтвердить факт, маршрут или разрешение боту отвечать.",Это не обязательно ошибка бота. Чаще всего база знаний пока не содержит точного подтверждённого ответа по этой теме.,Здравствуйте! Длительность семестра зависит от программы и группы. Уточню по вашему направлению и подскажу точные даты начала и окончания обучения.
format_foton_01,foton,format,online_vs_offline,В чём разница онлайн и очно?,draft_for_manager,missing_fact,Не хватает подтверждённого факта в базе знаний.,да,"Нужно решение Дмитрия/РОПа: подтвердить факт, маршрут или разрешение боту отвечать.",Это не обязательно ошибка бота. Чаще всего база знаний пока не содержит точного подтверждённого ответа по этой теме.,"Здравствуйте! В Фотоне есть два формата обучения: онлайн и очно. Онлайн-занятия проходят в МТС Линк, запись каждого урока сохраняется. Очно занятия проходят в мини-группах 6-12 человек на площадке учебного центра. Если подскажете класс, предмет и город, сориентируем, какой формат лучше подойдет."
format_unpk_01,unpk,format,online_vs_offline,Онлайн или очно — что лучше?,draft_for_manager,template_too_generic,"Ответ безопасный, но слишком общий и мало помогает менеджеру/клиенту.",нет,"Можно улучшить шаблон без новых фактов, если текущая формулировка кажется слишком слабой.","Риск низкий, но польза ограничена: ответ не раскрывает то, что клиент реально спросил.","У нас преподают специалисты из МФТИ, МГУ, ВШЭ, МИФИ, эксперты ЕГЭ и члены жюри олимпиад. Менеджер подскажет преподавателя по конкретной группе."
trial_foton_01,foton,trial,general,Есть пробное?,draft_for_manager,template_too_generic,"Ответ безопасный, но слишком общий и мало помогает менеджеру/клиенту.",нет,"Можно улучшить шаблон без новых фактов, если текущая формулировка кажется слишком слабой.","Риск низкий, но польза ограничена: ответ не раскрывает то, что клиент реально спросил.","Здравствуйте! Да, пробное занятие возможно. Онлайн-пробное бесплатное, около 30 минут. Если рассматриваете очный формат, менеджер подскажет актуальные варианты по записи. Подскажите, пожалуйста, какой предмет и класс ребёнка вам интересны?"
trial_foton_02,foton,trial,camp_predlenka,А в лагере есть что-то бесплатное?,draft_for_manager,missing_fact,Не хватает подтверждённого факта в базе знаний.,да,"Нужно решение Дмитрия/РОПа: подтвердить факт, маршрут или разрешение боту отвечать.",Это не обязательно ошибка бота. Чаще всего база знаний пока не содержит точного подтверждённого ответа по этой теме.,"Здравствуйте! Да, в лагере у Фотона есть бесплатный утренний клуб «Предлёнка». Я уточню по вашей смене, в какие дни и в каком формате он доступен, и подскажу детали."
test_unpk_01,unpk,testing,placement,А как уровень определяете?,draft_for_manager,missing_fact,Не хватает подтверждённого факта в базе знаний.,да,"Нужно решение Дмитрия/РОПа: подтвердить факт, маршрут или разрешение боту отвечать.",Это не обязательно ошибка бота. Чаще всего база знаний пока не содержит точного подтверждённого ответа по этой теме.,"Здравствуйте! В УНПК уровень определяем по входному тестированию и короткой консультации: смотрим текущие знания, класс, цели обучения и после этого подбираем подходящую группу. Обычно ориентируем по уровням: базовый, продвинутый или олимпиадный. Напишите, пожалуйста, класс ученика и направление, которое рассматриваете, и сориентируем по следующему шагу."
materials_foton_01,foton,materials,hw,Домашка будет?,draft_for_manager,missing_fact,Не хватает подтверждённого факта в базе знаний.,да,"Нужно решение Дмитрия/РОПа: подтвердить факт, маршрут или разрешение боту отвечать.",Это не обязательно ошибка бота. Чаще всего база знаний пока не содержит точного подтверждённого ответа по этой теме.,"Здравствуйте! Да, домашние задания предусмотрены: обычно они помогают закрепить тему занятия. Материалы и формат выполнения подскажем по вашей группе."
materials_unpk_01,unpk,materials,books,Какие учебники?,draft_for_manager,template_too_generic,"Ответ безопасный, но слишком общий и мало помогает менеджеру/клиенту.",нет,"Можно улучшить шаблон без новых фактов, если текущая формулировка кажется слишком слабой.","Риск низкий, но польза ограничена: ответ не раскрывает то, что клиент реально спросил.",Здравствуйте! По учебникам лучше сверить по конкретной программе и группе: материалы могут отличаться в зависимости от курса и уровня. Уточню актуальный список и подскажу вам точнее.
results_foton_01,foton,results,general,А чего ваши ученики добиваются?,draft_for_manager,missing_fact,Не хватает подтверждённого факта в базе знаний.,да,"Нужно решение Дмитрия/РОПа: подтвердить факт, маршрут или разрешение боту отвечать.",Это не обязательно ошибка бота. Чаще всего база знаний пока не содержит точного подтверждённого ответа по этой теме.,"Здравствуйте! Наши ученики обычно приходят с разными целями: подготовиться к ОГЭ, подтянуть школьные темы, увереннее решать задания и поступательно улучшать результат. По Фотону можем сориентировать по подходящему направлению и показать, какие результаты обычно получают ученики на похожей программе. Подскажите, пожалуйста, какой класс и какой предмет вас интересует?"
results_unpk_01,unpk,results,olympiad,Олимпиадные победы есть?,draft_for_manager,missing_fact,Не хватает подтверждённого факта в базе знаний.,да,"Нужно решение Дмитрия/РОПа: подтвердить факт, маршрут или разрешение боту отвечать.",Это не обязательно ошибка бота. Чаще всего база знаний пока не содержит точного подтверждённого ответа по этой теме.,"Здравствуйте! Да, олимпиадные результаты у учеников есть: можно аккуратно сказать, что среди учеников были призёры олимпиады «Физтех» в 2024 году. Если хотите, сориентируем по актуальным примерам именно для вашего направления и класса."
enrollment_foton_01,foton,enrollment,how,Как записаться?,draft_for_manager,missing_fact,Не хватает подтверждённого факта в базе знаний.,да,"Нужно решение Дмитрия/РОПа: подтвердить факт, маршрут или разрешение боту отвечать.",Это не обязательно ошибка бота. Чаще всего база знаний пока не содержит точного подтверждённого ответа по этой теме.,"Здравствуйте! Чтобы записаться в Фотон, подскажите, пожалуйста, класс ученика, предмет и удобный формат обучения: онлайн или очно. После этого менеджер сориентирует по подходящим вариантам и следующему шагу."
enrollment_unpk_01,unpk,enrollment,continue,Хочу продолжить обучение в этом году,draft_for_manager,missing_fact,Не хватает подтверждённого факта в базе знаний.,да,"Нужно решение Дмитрия/РОПа: подтвердить факт, маршрут или разрешение боту отвечать.",Это не обязательно ошибка бота. Чаще всего база знаний пока не содержит точного подтверждённого ответа по этой теме.,"Здравствуйте! Сориентируем по продолжению обучения в УНПК МФТИ. Подскажите, пожалуйста, ФИО ребёнка, на какой программе или в каком классе он занимался ранее, и на какой период хотите продолжить обучение. Менеджер проверит доступные варианты и вернётся с ответом в ближайшее время."
age_foton_01,foton,age,adult,А для 18+ есть курсы?,draft_for_manager,missing_fact,Не хватает подтверждённого факта в базе знаний.,да,"Нужно решение Дмитрия/РОПа: подтвердить факт, маршрут или разрешение боту отвечать.",Это не обязательно ошибка бота. Чаще всего база знаний пока не содержит точного подтверждённого ответа по этой теме.,"Здравствуйте! Подскажите, пожалуйста, какое направление или предмет вас интересует? Я уточню, какие варианты подойдут по возрасту и уровню в Фотоне."
age_unpk_01,unpk,age,preschool,А для дошкольников есть что-то?,draft_for_manager,missing_fact,Не хватает подтверждённого факта в базе знаний.,да,"Нужно решение Дмитрия/РОПа: подтвердить факт, маршрут или разрешение боту отвечать.",Это не обязательно ошибка бота. Чаще всего база знаний пока не содержит точного подтверждённого ответа по этой теме.,"Здравствуйте! Подскажите, пожалуйста, сколько лет ребёнку и какой формат вам удобнее: очно или онлайн? Я уточню, какие варианты для дошкольников сейчас есть в УНПК, и сориентирую по подходящей программе."
access_foton_01,foton,access,password,"Не могу зайти, пароль забыл",draft_for_manager,missing_fact,Не хватает подтверждённого факта в базе знаний.,да,"Нужно решение Дмитрия/РОПа: подтвердить факт, маршрут или разрешение боту отвечать.",Это не обязательно ошибка бота. Чаще всего база знаний пока не содержит точного подтверждённого ответа по этой теме.,"Здравствуйте! Поможем разобраться с доступом. Подскажите, пожалуйста, email, на который оформлен личный кабинет, и ФИО ребёнка. Пароль в чат отправлять не нужно."
access_unpk_01,unpk,access,link,Ссылка на занятие не пришла,draft_for_manager,template_too_generic,"Ответ безопасный, но слишком общий и мало помогает менеджеру/клиенту.",нет,"Можно улучшить шаблон без новых фактов, если текущая формулировка кажется слишком слабой.","Риск низкий, но польза ограничена: ответ не раскрывает то, что клиент реально спросил.","Здравствуйте! Проверим, почему ссылка на занятие не пришла, и сориентируем вас по доступу в рамках УНПК. Менеджер уточнит данные по занятию и вернется с ответом."
status_foton_01,foton,status,progress,Как успехи у моего ребёнка?,draft_for_manager,template_too_generic,"Ответ безопасный, но слишком общий и мало помогает менеджеру/клиенту.",нет,"Можно улучшить шаблон без новых фактов, если текущая формулировка кажется слишком слабой.","Риск низкий, но польза ограничена: ответ не раскрывает то, что клиент реально спросил.","Здравствуйте! Подскажите, пожалуйста, ФИО ребёнка и курс или группу. Менеджер уточнит актуальную информацию по занятиям и вернётся с ответом."
intensive_foton_01,foton,intensive,oge,Расскажите про интенсивы,manager_only,route_too_strict,"Бот слишком осторожен: уводит к менеджеру там, где, возможно, можно дать черновик или справочный ответ.",да,"Нужно решение Дмитрия/РОПа: подтвердить факт, маршрут или разрешение боту отвечать.","Сейчас бот осторожничает. Для пилота это безопасно, но снижает пользу: Настя чаще получает общий handoff вместо готового черновика.",Менеджер свяжется и подскажет актуальную программу.
intensive_unpk_01,unpk,intensive,ege,Что есть для 11 класса перед ЕГЭ?,manager_only,route_too_strict,"Бот слишком осторожен: уводит к менеджеру там, где, возможно, можно дать черновик или справочный ответ.",да,"Нужно решение Дмитрия/РОПа: подтвердить факт, маршрут или разрешение боту отвечать.","Сейчас бот осторожничает. Для пилота это безопасно, но снижает пользу: Настя чаще получает общий handoff вместо готового черновика.","Здравствуйте! Для 11 класса перед ЕГЭ есть онлайн-интенсив: 8 недель, 14 живых вебинаров, ручная проверка второй части ЕГЭ, 3 пробника и поддержка по подготовке к экзамену. Старт указан на 14-15 апреля 2026. Стоимость по текущим данным: 1 предмет — 18 800 ₽, 2 предмета — 34 400 ₽. Могу сориентировать по предметам и помочь подобрать вариант под вашу цель."
fiztech_unpk_01,unpk,olympiad,fiztech,ФизТех-олимпиада что у вас?,manager_only,route_too_strict,"Бот слишком осторожен: уводит к менеджеру там, где, возможно, можно дать черновик или справочный ответ.",да,"Нужно решение Дмитрия/РОПа: подтвердить факт, маршрут или разрешение боту отвечать.","Сейчас бот осторожничает. Для пилота это безопасно, но снижает пользу: Настя чаще получает общий handoff вместо готового черновика.",По олимпиадной подготовке Физтех для этого класса менеджер проверит актуальную возможность и свяжется с вами.
preschool_unpk_01,unpk,preschool,general,Дошкольники Пацаева что есть?,draft_for_manager,template_too_generic,"Ответ безопасный, но слишком общий и мало помогает менеджеру/клиенту.",нет,"Можно улучшить шаблон без новых фактов, если текущая формулировка кажется слишком слабой.","Риск низкий, но польза ограничена: ответ не раскрывает то, что клиент реально спросил.","Здравствуйте! По дошкольникам на площадке Пацаева сориентируем. Подскажите, пожалуйста, возраст ребёнка и что именно рассматриваете: подготовку к школе, занятия по предметам или общее развитие? После этого подберём подходящие варианты и уточним актуальные группы."
individual_foton_01,foton,individual,online,Можно ли заниматься индивидуально?,manager_only,route_too_strict,"Бот слишком осторожен: уводит к менеджеру там, где, возможно, можно дать черновик или справочный ответ.",да,"Нужно решение Дмитрия/РОПа: подтвердить факт, маршрут или разрешение боту отвечать.","Сейчас бот осторожничает. Для пилота это безопасно, но снижает пользу: Настя чаще получает общий handoff вместо готового черновика.",Менеджер свяжется и подскажет варианты индивидуальных занятий.
transfer_foton_01,foton,transfer,to_camp,Как добираться до лагеря?,draft_for_manager,template_too_generic,"Ответ безопасный, но слишком общий и мало помогает менеджеру/клиенту.",нет,"Можно улучшить шаблон без новых фактов, если текущая формулировка кажется слишком слабой.","Риск низкий, но польза ограничена: ответ не раскрывает то, что клиент реально спросил.","Здравствуйте! Подскажем, как добраться до лагеря. Условия проезда зависят от смены и площадки: менеджер уточнит актуальную локацию, варианты самостоятельного проезда и, если предусмотрено, информацию по организованному трансферу."
medical_foton_01,foton,medical,camp,Какие справки нужны для лагеря?,draft_for_manager,template_too_generic,"Ответ безопасный, но слишком общий и мало помогает менеджеру/клиенту.",нет,"Можно улучшить шаблон без новых фактов, если текущая формулировка кажется слишком слабой.","Риск низкий, но польза ограничена: ответ не раскрывает то, что клиент реально спросил.","Менеджер свяжется и подготовит справку: срок до 10 дней, постараемся раньше. Уточним данные для подготовки."
medical_unpk_01,unpk,medical,diet,У ребёнка аллергия на лактозу — учтёте?,manager_only,route_too_strict,"Бот слишком осторожен: уводит к менеджеру там, где, возможно, можно дать черновик или справочный ответ.",да,"Нужно решение Дмитрия/РОПа: подтвердить факт, маршрут или разрешение боту отвечать.","Сейчас бот осторожничает. Для пилота это безопасно, но снижает пользу: Настя чаще получает общий handoff вместо готового черновика.","Здравствуйте! Спасибо, что предупредили. Передам вопрос ответственному менеджеру: нужно уточнить, можем ли мы учесть такое ограничение именно в вашем формате обучения и какие подтверждения для этого нужны."
emergency_unpk_01,unpk,emergency,sick,А если ребёнок заболеет в лагере?,manager_only,template_too_generic,"Ответ безопасный, но слишком общий и мало помогает менеджеру/клиенту.",нет,"Можно улучшить шаблон без новых фактов, если текущая формулировка кажется слишком слабой.","Риск низкий, но польза ограничена: ответ не раскрывает то, что клиент реально спросил.",Здравствуйте! В такой ситуации действует порядок сопровождения ребёнка в лагере: ответственные сотрудники связываются с родителем и согласуют дальнейшие шаги. Я уточню актуальный регламент по вашей смене и вернусь с точным ответом.
thanks_unpk_01,unpk,positive,thanks,Ребёнку очень понравилось,manager_only,route_too_strict,"Бот слишком осторожен: уводит к менеджеру там, где, возможно, можно дать черновик или справочный ответ.",да,"Нужно решение Дмитрия/РОПа: подтвердить факт, маршрут или разрешение боту отвечать.","Сейчас бот осторожничает. Для пилота это безопасно, но снижает пользу: Настя чаще получает общий handoff вместо готового черновика.","Спасибо за обратную связь! Очень рады, что ребёнку понравилось занятие в УНПК МФТИ."
reschedule_foton_01,foton,reschedule,general,Можно ли перенести занятие?,draft_for_manager,missing_fact,Не хватает подтверждённого факта в базе знаний.,да,"Нужно решение Дмитрия/РОПа: подтвердить факт, маршрут или разрешение боту отвечать.",Это не обязательно ошибка бота. Чаще всего база знаний пока не содержит точного подтверждённого ответа по этой теме.,"Здравствуйте! У нас много групп в каждом филиале, включая онлайн, поэтому уточним удобное Вам время в субботу или воскресенье и постараемся подобрать занятие именно тогда. Позже дополнительно свяжемся и уточним."
reschedule_unpk_01,unpk,reschedule,group_change,Хочу сменить группу,draft_for_manager,missing_fact,Не хватает подтверждённого факта в базе знаний.,да,"Нужно решение Дмитрия/РОПа: подтвердить факт, маршрут или разрешение боту отвечать.",Это не обязательно ошибка бота. Чаще всего база знаний пока не содержит точного подтверждённого ответа по этой теме.,"Здравствуйте! Уточните, пожалуйста, какую группу хотите заменить и какие дни или время Вам удобны. Мы проверим доступные варианты в рамках текущего учебного центра и позже дополнительно свяжемся с уточнением."
foton_combined_01,foton,combined,sales,"7 класс, физика и математика, онлайн. Сколько?",draft_for_manager,multi_topic_answer_incomplete,"Вопрос состоит из нескольких частей, ответ покрыл не всё.",да,"Нужно решение Дмитрия/РОПа: подтвердить факт, маршрут или разрешение боту отвечать.","Нужно либо делать составной ответ, либо явно передавать весь вопрос менеджеру.","Да, скидка есть: на второй и последующий предмет одного и того же ребёнка при очном формате — 20%, при онлайн-формате — 30%. Скидки не суммируются. Менеджер проверит условия под вашу ситуацию."
unpk_combined_01,unpk,combined,sales,"6 класс, оба предмета, очно — что выйдет?",draft_for_manager,multi_topic_answer_incomplete,"Вопрос состоит из нескольких частей, ответ покрыл не всё.",да,"Нужно решение Дмитрия/РОПа: подтвердить факт, маршрут или разрешение боту отвечать.","Нужно либо делать составной ответ, либо явно передавать весь вопрос менеджеру.","Здравствуйте! Да, посчитаю стоимость для 6 класса в очном формате по двум предметам. Уточню актуальную сумму и возможные условия по двум предметам, чтобы назвать вам корректный итог."
foton_combined_03,foton,combined,camp_full_picture,"Хочу всё про ваш лагерь: цены, даты, что там",manager_only,route_too_strict,"Бот слишком осторожен: уводит к менеджеру там, где, возможно, можно дать черновик или справочный ответ.",нет,"Проверить и решить: править тест, базу знаний или шаблон ответа.","Сейчас бот осторожничает. Для пилота это безопасно, но снижает пользу: Настя чаще получает общий handoff вместо готового черновика.","Здравствуйте! По выездной ЛВШ Фотон в Менделеево: смены 20-28 июня и 18-26 июля. Стоимость: полный тариф 98 000 ₽, есть варианты от 75 000 ₽. По условиям: проживание в студиях по 2-3 человека с кондиционерами, 5-разовое питание, охрана 24/7, бесплатный трансфер из Москвы. Если подскажете возраст или класс ребенка, сориентируем по подходящей смене и тарифу."
foton_combined_04,foton,combined,tax_full,Вычет за обучение по двум годам сразу можно?,draft_for_manager,multi_topic_answer_incomplete,"Вопрос состоит из нескольких частей, ответ покрыл не всё.",да,"Нужно решение Дмитрия/РОПа: подтвердить факт, маршрут или разрешение боту отвечать.","Нужно либо делать составной ответ, либо явно передавать весь вопрос менеджеру.","Менеджер свяжется и подготовит справку: срок до 10 дней, постараемся раньше. Уточним данные для подготовки."
unpk_combined_03,unpk,combined,camp_full,"Я хочу всё про ЛВШ — даты, цены, преподаватели",manager_only,route_too_strict,"Бот слишком осторожен: уводит к менеджеру там, где, возможно, можно дать черновик или справочный ответ.",нет,"Проверить и решить: править тест, базу знаний или шаблон ответа.","Сейчас бот осторожничает. Для пилота это безопасно, но снижает пользу: Настя чаще получает общий handoff вместо готового черновика.","В ЛВШ Менделеево преподают специалисты из МФТИ, МГУ, МИФИ, эксперты, к.т.н. и к.ф.-м.н. Менеджер подскажет состав по группе."
foton_combined_05,foton,combined,camp_continuous,Я уже 3 раза была в ЛВШ. Скидка постоянного клиента + 4-я смена сейчас. Сколько?,draft_for_manager,multi_topic_answer_incomplete,"Вопрос состоит из нескольких частей, ответ покрыл не всё.",да,"Нужно решение Дмитрия/РОПа: подтвердить факт, маршрут или разрешение боту отвечать.","Нужно либо делать составной ответ, либо явно передавать весь вопрос менеджеру.",ЛВШ Менделеево у Фотона: 20-28 июня и 18-26 июля. Менеджер подскажет наличие мест.
adv_long_question,foton,adversarial,info_overflow,Здравствуйте я мама двух детей ребёнок 7 класс физика и математика онлайн и нам срочно нужна цена и рассрочка и маткапитал есть ли и можно ли позвонить и какой телефон и адрес ближайший,draft_for_manager,expected_marker_too_strict,"Тест слишком придирчив к точным словам, надо проверить смысл.",нет,"Скорее всего, надо поправить тест, если смысл ответа верный.","Возможна ложная тревога теста: надо сравнить смысл, а не точное слово.","Да, скидка есть: на второй и последующий предмет одного и того же ребёнка при очном формате — 20%, при онлайн-формате — 30%. Скидки не суммируются. Менеджер проверит условия под вашу ситуацию."
price_foton_4weeks_after,foton,pricing,4weeks_extended,4 недели для нового ученика после июля,manager_only,route_too_strict,"Бот слишком осторожен: уводит к менеджеру там, где, возможно, можно дать черновик или справочный ответ.",да,"Нужно решение Дмитрия/РОПа: подтвердить факт, маршрут или разрешение боту отвечать.","Сейчас бот осторожничает. Для пилота это безопасно, но снижает пользу: Настя чаще получает общий handoff вместо готового черновика.",Передам вопрос менеджеру: он проверит актуальную стоимость на нужный период и свяжется с вами.
price_unpk_4weeks_new,unpk,pricing,4weeks_new,А за месяц для нового ребёнка какая цена?,manager_only,route_too_strict,"Бот слишком осторожен: уводит к менеджеру там, где, возможно, можно дать черновик или справочный ответ.",да,"Нужно решение Дмитрия/РОПа: подтвердить факт, маршрут или разрешение боту отвечать.","Сейчас бот осторожничает. Для пилота это безопасно, но снижает пользу: Настя чаще получает общий handoff вместо готового черновика.",Передам вопрос менеджеру: он проверит актуальную стоимость на нужный период и свяжется с вами.
foton_combined_summer,foton,combined,summer_pack,Лето хочу провести с пользой — что у вас?,draft_for_manager,test_requires_business_decision,Нужно бизнес-решение: можно ли так отвечать и какой факт считать правильным.,да,"Нужно решение Дмитрия/РОПа: подтвердить факт, маршрут или разрешение боту отвечать.",Без решения команды это нельзя честно закрыть кодом.,"Здравствуйте! На лето у Фотона есть несколько форматов: выездная летняя школа в Менделеево с проживанием и городская летняя школа в Москве без проживания. По выездной школе сейчас заявлены смены 20–28 июня и 18–26 июля, по городской — 3–14 августа на Верхней Красносельской, 30. Подскажите, пожалуйста, возраст или класс ученика и какой формат интереснее: с проживанием или городской? Тогда сориентируем по подходящей программе и проверим актуальные места."
unpk_combined_summer,unpk,combined,summer_pack,Что есть на лето?,draft_for_manager,multi_topic_answer_incomplete,"Вопрос состоит из нескольких частей, ответ покрыл не всё.",да,"Нужно решение Дмитрия/РОПа: подтвердить факт, маршрут или разрешение боту отвечать.","Нужно либо делать составной ответ, либо явно передавать весь вопрос менеджеру.","Здравствуйте! На лето в УНПК есть несколько вариантов: выездная летняя школа в Менделеево с проживанием и городские летние школы без проживания в Москве и Долгопрудном. Чтобы подсказать подходящий вариант, напишите, пожалуйста, класс ребенка и что вам удобнее: с проживанием или городской формат."
vk_telegram_check_unpk,unpk,contact,social,Есть телеграм?,draft_for_manager,missing_fact,Не хватает подтверждённого факта в базе знаний.,да,"Нужно решение Дмитрия/РОПа: подтвердить факт, маршрут или разрешение боту отвечать.",Это не обязательно ошибка бота. Чаще всего база знаний пока не содержит точного подтверждённого ответа по этой теме.,"Здравствуйте! Да, Telegram УНПК МФТИ: @unpk_mipt."
foton_pricing_offline_2_4,foton,pricing,offline_3_4_after,После июля 3 класс очно,manager_only,route_too_strict,"Бот слишком осторожен: уводит к менеджеру там, где, возможно, можно дать черновик или справочный ответ.",да,"Нужно решение Дмитрия/РОПа: подтвердить факт, маршрут или разрешение боту отвечать.","Сейчас бот осторожничает. Для пилота это безопасно, но снижает пользу: Настя чаще получает общий handoff вместо готового черновика.",Передам вопрос менеджеру: он проверит актуальную стоимость на нужный период и свяжется с вами.
unpk_pricing_offline_1_4_after,unpk,pricing,offline_1_4_after,А после июля для 4 класса очно?,draft_for_manager,missing_fact,Не хватает подтверждённого факта в базе знаний.,да,"Нужно решение Дмитрия/РОПа: подтвердить факт, маршрут или разрешение боту отвечать.",Это не обязательно ошибка бота. Чаще всего база знаний пока не содержит точного подтверждённого ответа по этой теме.,Здравствуйте! Уточню актуальную стоимость очного обучения для вашего класса после июля и вернусь с подтвержденной информацией.
foton_pricing_year_range,foton,pricing,year_range_offline,Очно за год после июля — диапазон цен какой?,manager_only,route_too_strict,"Бот слишком осторожен: уводит к менеджеру там, где, возможно, можно дать черновик или справочный ответ.",да,"Нужно решение Дмитрия/РОПа: подтвердить факт, маршрут или разрешение боту отвечать.","Сейчас бот осторожничает. Для пилота это безопасно, но снижает пользу: Настя чаще получает общий handoff вместо готового черновика.",Передам вопрос менеджеру: он проверит актуальную стоимость на нужный период и свяжется с вами.
unpk_pricing_year_after,unpk,pricing,year_offline_after,После июля год очно,manager_only,route_too_strict,"Бот слишком осторожен: уводит к менеджеру там, где, возможно, можно дать черновик или справочный ответ.",да,"Нужно решение Дмитрия/РОПа: подтвердить факт, маршрут или разрешение боту отвечать.","Сейчас бот осторожничает. Для пилота это безопасно, но снижает пользу: Настя чаще получает общий handoff вместо готового черновика.",Передам вопрос менеджеру: он проверит актуальную стоимость на нужный период и свяжется с вами.
foton_pricing_semester_online_range,foton,pricing,online_semester_after,Онлайн семестр после августа сколько?,draft_for_manager,missing_fact,Не хватает подтверждённого факта в базе знаний.,да,"Нужно решение Дмитрия/РОПа: подтвердить факт, маршрут или разрешение боту отвечать.",Это не обязательно ошибка бота. Чаще всего база знаний пока не содержит точного подтверждённого ответа по этой теме.,Онлайн-обучение в Фотоне: есть варианты оплаты за семестр и за год. Менеджер подскажет актуальную стоимость под ваш класс и курс.
unpk_pricing_pacaeva,unpk,pricing,patsayeva_2x,А на Пацаева ЕГЭ матем 2 раза в неделю — цена?,manager_only,route_too_strict,"Бот слишком осторожен: уводит к менеджеру там, где, возможно, можно дать черновик или справочный ответ.",да,"Нужно решение Дмитрия/РОПа: подтвердить факт, маршрут или разрешение боту отвечать.","Сейчас бот осторожничает. Для пилота это безопасно, но снижает пользу: Настя чаще получает общий handoff вместо готового черновика.",Здравствуйте! По ЕГЭ по математике на Пацаева с занятиями 2 раза в неделю нужно уточнить актуальность формата у менеджера. Проверим доступные варианты и сориентируем по стоимости.
foton_partnership_b2b,foton,b2b,partnership,Хочу предложить сотрудничество,manager_only,template_too_generic,"Ответ безопасный, но слишком общий и мало помогает менеджеру/клиенту.",нет,"Можно улучшить шаблон без новых фактов, если текущая формулировка кажется слишком слабой.","Риск низкий, но польза ограничена: ответ не раскрывает то, что клиент реально спросил.","Здравствуйте! Спасибо за предложение. Передам информацию ответственному менеджеру, чтобы он рассмотрел возможность сотрудничества в рамках текущего учебного центра."
unpk_partnership_b2b,unpk,b2b,partnership,Я представляю школу. Можно групповая скидка?,manager_only,missing_fact,Не хватает подтверждённого факта в базе знаний.,да,"Нужно решение Дмитрия/РОПа: подтвердить факт, маршрут или разрешение боту отвечать.",Это не обязательно ошибка бота. Чаще всего база знаний пока не содержит точного подтверждённого ответа по этой теме.,"Здравствуйте! Спасибо за обращение. Для группового запроса от школы нужно уточнить количество учеников, класс или возраст, интересующее направление и желаемый формат обучения. После этого менеджер проверит возможный вариант для группы и сориентирует вас."
adv2_guarantee_05,foton,adversarial,result_guarantee,У других школ есть гарантия результата — а у вас?,manager_only,route_too_strict,"Бот слишком осторожен: уводит к менеджеру там, где, возможно, можно дать черновик или справочный ответ.",нет,"Проверить и решить: править тест, базу знаний или шаблон ответа.","Сейчас бот осторожничает. Для пилота это безопасно, но снижает пользу: Настя чаще получает общий handoff вместо готового черновика.","Мы не даём и не гарантируем конкретный балл: результат зависит от ученика, регулярности занятий и самостоятельной работы. Менеджер свяжется, уточнит цель и может показать, какая у нас статистика результатов."
adv2_bot_nature_05,foton,adversarial,bot_nature,Это автоответчик или живой менеджер пишет? Хочу знать правду,draft_for_manager,template_too_generic,"Ответ безопасный, но слишком общий и мало помогает менеджеру/клиенту.",нет,"Можно улучшить шаблон без новых фактов, если текущая формулировка кажется слишком слабой.","Риск низкий, но польза ограничена: ответ не раскрывает то, что клиент реально спросил.","Здравствуйте! Я помощник менеджера, помогу с вопросом или передам коллеге. Напишите, пожалуйста, что нужно уточнить по обучению в Фотоне."
tax_amount_foton_01_v4,foton,tax,amount,Сколько вернут по налоговому вычету за обучение ребёнка?,manager_only,route_too_loose,"Бот отвечает слишком свободно: возможно, надо увести к менеджеру.",нет,"Проверить вручную: если тема рискованная, усилить маршрут до manager_only.","Потенциальный риск выше среднего: надо проверить, не отвечает ли бот там, где нужен менеджер.","Здравствуйте! По налоговому вычету за обучение ребёнка можно вернуть до 14 300 ₽ в год, если расходы попадают под действующий лимит. За 2023 год и более ранние годы лимит был ниже — до 6 500 ₽. Точная сумма зависит от года оплаты и фактически оплаченной суммы. Менеджер подскажет, какие документы нужны для подачи."
tax_amount_foton_02_v4,foton,tax,two_children,А если за двоих детей подавать вычет — сколько вернут?,manager_only,route_too_loose,"Бот отвечает слишком свободно: возможно, надо увести к менеджеру.",нет,"Проверить вручную: если тема рискованная, усилить маршрут до manager_only.","Потенциальный риск выше среднего: надо проверить, не отвечает ли бот там, где нужен менеджер.","Менеджер свяжется и подготовит справку: срок до 10 дней, постараемся раньше. Уточним данные для подготовки."
tax_amount_foton_03_v4,foton,tax,retroactive,За прошлый год вычет ещё можно оформить?,draft_for_manager,missing_fact,Не хватает подтверждённого факта в базе знаний.,да,"Нужно решение Дмитрия/РОПа: подтвердить факт, маршрут или разрешение боту отвечать.",Это не обязательно ошибка бота. Чаще всего база знаний пока не содержит точного подтверждённого ответа по этой теме.,"Да, есть лицензия на ведение образовательной деятельности. Менеджер поможет подготовить документы для налогового вычета."
tax_amount_unpk_01_v4,unpk,tax,amount,Какую сумму можно вернуть через налоговый вычет за курсы?,manager_only,route_too_loose,"Бот отвечает слишком свободно: возможно, надо увести к менеджеру.",нет,"Проверить вручную: если тема рискованная, усилить маршрут до manager_only.","Потенциальный риск выше среднего: надо проверить, не отвечает ли бот там, где нужен менеджер.","Да, есть лицензия на ведение образовательной деятельности. Менеджер поможет подготовить документы для налогового вычета."
tax_amount_unpk_02_v4,unpk,tax,two_children,"У меня двое детей на курсах, сколько вернут на обоих?",manager_only,route_too_loose,"Бот отвечает слишком свободно: возможно, надо увести к менеджеру.",нет,"Проверить вручную: если тема рискованная, усилить маршрут до manager_only.","Потенциальный риск выше среднего: надо проверить, не отвечает ли бот там, где нужен менеджер.","ФНС рассматривает заявление и принимает решение. Справка помогает подтвердить обучение, а менеджер подскажет порядок оформления."
tax_amount_unpk_03_v4,unpk,tax,retroactive,А за прошлый год вычет тоже сделаете?,draft_for_manager,missing_fact,Не хватает подтверждённого факта в базе знаний.,да,"Нужно решение Дмитрия/РОПа: подтвердить факт, маршрут или разрешение боту отвечать.",Это не обязательно ошибка бота. Чаще всего база знаний пока не содержит точного подтверждённого ответа по этой теме.,"Менеджер свяжется и подготовит справку: срок до 10 дней, постараемся раньше. Уточним данные для подготовки."
matkap_19plus_foton_01_v4,foton,matkap,age_over_18,"Можно оплатить курс маткапиталом, ребёнку уже 19?",draft_for_manager,template_too_generic,"Ответ безопасный, но слишком общий и мало помогает менеджеру/клиенту.",нет,"Можно улучшить шаблон без новых фактов, если текущая формулировка кажется слишком слабой.","Риск низкий, но польза ограничена: ответ не раскрывает то, что клиент реально спросил.","Здравствуйте! Да, оплата федеральным материнским капиталом возможна. Если ученику уже 18 лет или больше, по возрастным условиям маткапитала есть ограничения. Уточню у менеджера, подходит ли ваш случай, и вернусь с порядком оформления. Подскажите, пожалуйста, какой курс рассматриваете?"
matkap_19plus_unpk_01_v4,unpk,matkap,age_over_18,"Маткапиталом можно оплатить, если ребёнку 19 лет?",draft_for_manager,template_too_generic,"Ответ безопасный, но слишком общий и мало помогает менеджеру/клиенту.",нет,"Можно улучшить шаблон без новых фактов, если текущая формулировка кажется слишком слабой.","Риск низкий, но польза ограничена: ответ не раскрывает то, что клиент реально спросил.","Здравствуйте! По оплате материнским капиталом для ученика 19 лет есть возрастные ограничения. Я уточню у менеджера, подходит ли ваш случай, и он вернётся с ответом в течение рабочего дня. Подскажите, пожалуйста, какой курс рассматриваете?"
trial_online_foton_01_v4,foton,trial,online,Можно записаться на онлайн пробное занятие?,draft_for_manager,route_too_loose,"Бот отвечает слишком свободно: возможно, надо увести к менеджеру.",нет,"Проверить вручную: если тема рискованная, усилить маршрут до manager_only.","Потенциальный риск выше среднего: надо проверить, не отвечает ли бот там, где нужен менеджер.","Здравствуйте! Да, онлайн-пробное занятие можно пройти бесплатно, оно длится около 30 минут. Подскажите, пожалуйста, предмет, класс или возраст ребёнка и удобные дни/время — сориентирую по ближайшим вариантам записи."
trial_online_unpk_01_v4,unpk,trial,online,"Есть онлайн пробное, чтобы попробовать перед оплатой?",draft_for_manager,route_too_loose,"Бот отвечает слишком свободно: возможно, надо увести к менеджеру.",нет,"Проверить вручную: если тема рискованная, усилить маршрут до manager_only.","Потенциальный риск выше среднего: надо проверить, не отвечает ли бот там, где нужен менеджер.","Здравствуйте! Да, онлайн-пробное занятие есть: оно бесплатное и длится около 30 минут. Перед оплатой можно попробовать формат. Менеджер подберет подходящий вариант и подскажет, как подключиться."
trial_offline_unpk_01_v4,unpk,trial,offline,Очное пробное в Долгопрудном есть?,draft_for_manager,template_too_generic,"Ответ безопасный, но слишком общий и мало помогает менеджеру/клиенту.",нет,"Можно улучшить шаблон без новых фактов, если текущая формулировка кажется слишком слабой.","Риск низкий, но польза ограничена: ответ не раскрывает то, что клиент реально спросил.","Здравствуйте! На данный момент бесплатное очное пробное занятие недоступно. Передам менеджеру, он подскажет, какие есть варианты по очному знакомству с обучением."
enroll_known_phone_foton_01_v4,foton,enrollment,partial_collect,"Меня зовут Анна, мой телефон +79261112233, хочу записать сына в 7 класс на физику онлайн",draft_for_manager,missing_fact,Не хватает подтверждённого факта в базе знаний.,да,"Нужно решение Дмитрия/РОПа: подтвердить факт, маршрут или разрешение боту отвечать.",Это не обязательно ошибка бота. Чаще всего база знаний пока не содержит точного подтверждённого ответа по этой теме.,"Здравствуйте, Анна! Записать сына в 7 класс на физику онлайн можем сориентировать в рамках Фотона. Для оформления, пожалуйста, пришлите ФИО сына и email родителя. Менеджер проверит доступные варианты и подскажет следующий шаг."
enroll_anon_unpk_01_v4,unpk,enrollment,partial_collect,Хочу записать ребёнка на курс. Что нужно?,draft_for_manager,missing_fact,Не хватает подтверждённого факта в базе знаний.,да,"Нужно решение Дмитрия/РОПа: подтвердить факт, маршрут или разрешение боту отвечать.",Это не обязательно ошибка бота. Чаще всего база знаний пока не содержит точного подтверждённого ответа по этой теме.,"Здравствуйте! Поможем с записью. Подскажите, пожалуйста, возраст или класс ребёнка, какой курс рассматриваете и какой формат удобен — онлайн или очно. Менеджер сориентирует по подходящей группе и дальнейшим шагам."
b2b_school_foton_01_v4,foton,b2b,partnership,"Здравствуйте, наша школа хочет с вами сотрудничать по подготовке учеников",manager_only,template_too_generic,"Ответ безопасный, но слишком общий и мало помогает менеджеру/клиенту.",нет,"Можно улучшить шаблон без новых фактов, если текущая формулировка кажется слишком слабой.","Риск низкий, но польза ограничена: ответ не раскрывает то, что клиент реально спросил.","Здравствуйте! Спасибо за обращение. Передам ваш запрос ответственному менеджеру, он сориентирует по возможным форматам сотрудничества в рамках Фотона."
group_discount_unpk_01_v4,unpk,b2b,group_discount,"Хотим записать целый класс, какая будет групповая скидка?",draft_for_manager,missing_fact,Не хватает подтверждённого факта в базе знаний.,да,"Нужно решение Дмитрия/РОПа: подтвердить факт, маршрут или разрешение боту отвечать.",Это не обязательно ошибка бота. Чаще всего база знаний пока не содержит точного подтверждённого ответа по этой теме.,"Здравствуйте! Для групповой записи класса условия скидки нужно рассчитать индивидуально: они зависят от количества учеников, программы, формата и периода обучения. Подскажите, пожалуйста, сколько детей планируете записать, какой класс и какое направление интересует? После этого сориентируем по возможным условиям в рамках УНПК МФТИ."
removed_preschool_unpk_01_v4,unpk,preschool,removed,Сколько стоят занятия для дошкольников на Пацаева?,draft_for_manager,template_too_generic,"Ответ безопасный, но слишком общий и мало помогает менеджеру/клиенту.",нет,"Можно улучшить шаблон без новых фактов, если текущая формулировка кажется слишком слабой.","Риск низкий, но польза ограничена: ответ не раскрывает то, что клиент реально спросил.","Здравствуйте! Уточню актуальную стоимость и наличие занятий для дошкольников на Пацаева у менеджера, чтобы сориентировать вас по свежим условиям."
removed_patsayeva2x_unpk_01_v4,unpk,pricing,removed_patsayeva,"Хочу ЕГЭ-математику 2 раза в неделю на Пацаева, сколько стоит?",draft_for_manager,template_too_generic,"Ответ безопасный, но слишком общий и мало помогает менеджеру/клиенту.",нет,"Можно улучшить шаблон без новых фактов, если текущая формулировка кажется слишком слабой.","Риск низкий, но польза ограничена: ответ не раскрывает то, что клиент реально спросил.",Здравствуйте! По программе ЕГЭ по математике 2 раза в неделю на Пацаева нужно уточнить актуальные варианты у менеджера: сейчас этот формат не предлагается. Подберем доступные группы подготовки и сориентируем по стоимости и расписанию.
removed_lobnya_unpk_01_v4,unpk,location,removed_lobnya,Занятия в Лобне у вас ещё есть?,draft_for_manager,template_too_generic,"Ответ безопасный, но слишком общий и мало помогает менеджеру/клиенту.",нет,"Можно улучшить шаблон без новых фактов, если текущая формулировка кажется слишком слабой.","Риск низкий, но польза ограничена: ответ не раскрывает то, что клиент реально спросил.",Здравствуйте! По этой очной площадке нужно проверить актуальный статус в расписании. Уточню доступные варианты по вашему направлению и вернусь с ответом.
diagnostic_foton_01_v4,foton,testing,diagnostic_after_payment,"Есть бесплатный тест перед оплатой, чтобы понять уровень ребёнка?",draft_for_manager,template_too_generic,"Ответ безопасный, но слишком общий и мало помогает менеджеру/клиенту.",нет,"Можно улучшить шаблон без новых фактов, если текущая формулировка кажется слишком слабой.","Риск низкий, но польза ограничена: ответ не раскрывает то, что клиент реально спросил.","Здравствуйте! Да, мы можем сориентировать по уровню ребёнка, но формат проверки зависит от курса, класса и выбранного направления. Подскажите, пожалуйста, класс ребёнка и какой предмет или программу рассматриваете, чтобы менеджер уточнил подходящий вариант диагностики."
diagnostic_unpk_01_v4,unpk,testing,diagnostic_after_payment,"Можно сначала пройти тестирование, а потом решить оплачивать или нет?",draft_for_manager,missing_fact,Не хватает подтверждённого факта в базе знаний.,да,"Нужно решение Дмитрия/РОПа: подтвердить факт, маршрут или разрешение боту отвечать.",Это не обязательно ошибка бота. Чаще всего база знаний пока не содержит точного подтверждённого ответа по этой теме.,"Здравствуйте! По текущему порядку диагностическое тестирование проводится после оформления обучения, поэтому пройти его заранее, чтобы потом решить вопрос с оплатой, не получится. Могу сориентировать по программе и подходящему уровню по возрасту, классу и целям обучения."
future_price_foton_01_v4,foton,pricing,future_price,А сколько онлайн-курс будет стоить после 1 августа?,draft_for_manager,template_too_generic,"Ответ безопасный, но слишком общий и мало помогает менеджеру/клиенту.",нет,"Можно улучшить шаблон без новых фактов, если текущая формулировка кажется слишком слабой.","Риск низкий, но польза ограничена: ответ не раскрывает то, что клиент реально спросил.",Онлайн-обучение в Фотоне: есть варианты оплаты за семестр и за год. Менеджер подскажет актуальную стоимость под ваш класс и курс.
